target,Z,A,half_life,access,spread_30keV,h68_30keV,median_macs_mb,n_to_measured,s_branch,unc68_factor,anchored_factor,gain
Xe-133,54,133,5.25 d,short-lived (1 d - 1 y),7.673817785707603,0.7825980836709738,178.92783673511866,1,False,6.0617508728676635,1.169605384793598,0.7145587245866325
Tl-201,81,201,3.04 d,short-lived (1 d - 1 y),6.927130802799894,0.7183904755975115,234.8310462963426,2,False,5.228660883437048,1.169605384793598,0.6503511165131701
Sn-123,50,123,129 d,short-lived (1 d - 1 y),6.327975942614792,0.7167687117428326,177.871446767098,1,False,5.209172170820264,1.169605384793598,0.6487293526584912
Sn-125,50,125,9.63 d,short-lived (1 d - 1 y),6.708451619061709,0.6888295161230278,150.45398002166493,1,False,4.884605747288879,1.169605384793598,0.6207901570386865
W-188,74,188,69.8 d,short-lived (1 d - 1 y),5.650084046220392,0.6751992887943694,136.0664119048265,2,False,4.733684281540932,1.169605384793598,0.6071599297100281
Ni-57,28,57,1.48 d,short-lived (1 d - 1 y),9.621936634981402,0.6688249475951389,64.24990908597286,1,False,4.664713203943451,1.169605384793598,0.6007855885107976
Pt-202,78,202,1.83 d,short-lived (1 d - 1 y),7.886615562944454,0.6557586295444365,21.393877813376832,4,False,4.526459402265492,1.169605384793598,0.5877192704600951
Eu-145,63,145,5.93 d,short-lived (1 d - 1 y),5.946561885937523,0.6335748069107862,462.38298036146136,6,False,4.301053125797348,1.169605384793598,0.5655354478264447
Re-189,75,189,1.01 d,short-lived (1 d - 1 y),4.760232864708606,0.6258327905049844,667.0152608966512,2,False,4.225059122167442,1.169605384793598,0.557793431420643
Pm-143,61,143,265 d,short-lived (1 d - 1 y),5.413831846546984,0.5735332573058326,232.226975677253,4,False,3.7457022969324654,1.169605384793598,0.5054938982214912
Pr-143,59,143,13.6 d,short-lived (1 d - 1 y),4.554412258064003,0.5608570999440247,218.74520062270906,2,False,3.6379531338943965,1.169605384793598,0.4928177408596833
La-137,57,137,6e+04 y,long-lived (>= 1 y),4.42229150210981,0.5599921144393222,518.9426759302846,2,False,3.6307146235836583,1.169605384793598,0.4919527553549808
Sb-126,51,126,12.3 d,short-lived (1 d - 1 y),5.034824647709345,0.5459182887334626,287.11230977668737,3,False,3.5149430165749336,1.169605384793598,0.4778789296491212
Ag-111,47,111,7.43 d,short-lived (1 d - 1 y),4.225894108275682,0.538549130393857,359.088805269606,2,False,3.455804218127578,1.169605384793598,0.4705097713095156
Pb-202,82,202,5.25e+04 y,long-lived (>= 1 y),4.020385375801852,0.5099384010069322,234.58749563986035,2,False,3.235477626557966,1.169605384793598,0.44189904192259083
Tl-200,81,200,1.09 d,short-lived (1 d - 1 y),3.669443515296272,0.5030122643039925,832.2672479768142,3,False,3.1842874434714314,1.169605384793598,0.4349729052196511
Hg-203,80,203,46.6 d,short-lived (1 d - 1 y),4.07480953329876,0.48606315838207764,203.6149428934678,1,False,3.062408759908745,1.169605384793598,0.41802379929773625
Sb-127,51,127,3.85 d,short-lived (1 d - 1 y),3.8870503506808776,0.48538715723381304,77.63977085174213,4,False,3.0576456749945686,1.169605384793598,0.41734779814947165
Mo-93,42,93,4e+03 y,long-lived (>= 1 y),3.3273542793031505,0.4835615283439661,255.6818667039834,1,False,3.0448193319547707,1.169605384793598,0.4155221692596247
Au-199,79,199,3.14 d,short-lived (1 d - 1 y),3.6246066498581127,0.4578236718635397,361.4781559839364,1,False,2.8696152514389572,1.169605384793598,0.38978431277919834
Os-194,76,194,6 y,long-lived (>= 1 y),3.4306275292755384,0.44928466772516723,84.07190341893866,2,False,2.813744555894091,1.169605384793598,0.38124530864082584
Cs-136,55,136,13 d,short-lived (1 d - 1 y),4.228389331237087,0.44924451022616524,206.4993676811725,1,False,2.8134843920535215,1.169605384793598,0.38120515114182385
Sb-125,51,125,2.76 y,long-lived (>= 1 y),3.5766240375964626,0.4450783512039264,52.88059662171862,2,False,2.7866238589690413,1.169605384793598,0.377038992119585
Ru-103,44,103,39.2 d,short-lived (1 d - 1 y),3.3074595349762403,0.4342029191963464,415.18324787081406,1,False,2.717708790998605,1.169605384793598,0.366163560112005
Os-193,76,193,1.24 d,short-lived (1 d - 1 y),2.735834725572819,0.430395737947085,428.8190274963742,1,False,2.6939885028325365,1.169605384793598,0.36235637886274363
Os-191,76,191,15 d,short-lived (1 d - 1 y),2.945890003328595,0.42803901738275535,947.5704242173119,1,False,2.679409034374897,1.169605384793598,0.35999965829841396
Tl-202,81,202,12.3 d,short-lived (1 d - 1 y),3.3324796307155564,0.42488542094557974,483.55615771247454,1,False,2.6600231785594355,1.169605384793598,0.35684606186123835
Cs-134,55,134,2.06 y,long-lived (>= 1 y),3.0532533499435197,0.4193469736336008,602.4198604907286,1,True,2.626315964622332,1.169605384793598,0.3513076145492594
Pb-210,82,210,22.2 y,long-lived (>= 1 y),3.8168411754803966,0.40501575265959905,1.2734052022594042,2,False,2.5410648729741414,1.169605384793598,0.33697639357525766
Pb-203,82,203,2.16 d,short-lived (1 d - 1 y),2.678960229252531,0.4036328141043831,611.3287429066584,1,False,2.5329861439717805,1.169605384793598,0.33559345502004173
Gd-146,64,146,48.3 d,short-lived (1 d - 1 y),3.0268419801527875,0.39610309347246386,131.69140827600472,2,False,2.4894481970772415,1.169605384793598,0.3280637343881225
I-131,53,131,8.02 d,short-lived (1 d - 1 y),3.1368047300256148,0.3931774479640643,93.82674687098924,2,False,2.4727342707529663,1.169605384793598,0.3251380888797229
Cu-67,29,67,2.58 d,short-lived (1 d - 1 y),3.13548781443029,0.38862310087203156,17.823386280064664,2,False,2.4469387631243364,1.169605384793598,0.32058374178769017
Tb-155,65,155,5.32 d,short-lived (1 d - 1 y),2.9414650979482633,0.38403807749414165,3542.0256802887397,4,False,2.421241323807649,1.169605384793598,0.31599871840980026
Ni-56,28,56,6.08 d,short-lived (1 d - 1 y),3.068031306543443,0.38082609686628294,17.17186280058754,2,False,2.4034002215270296,1.169605384793598,0.31278673778194155
Co-56,27,56,77.2 d,short-lived (1 d - 1 y),3.376236360488907,0.379468646856347,51.322148310752056,2,False,2.3958997756356415,1.169605384793598,0.3114292877720056
Nb-95,41,95,35 d,short-lived (1 d - 1 y),2.6300381438456135,0.379395581148979,221.56103439084444,1,False,2.3954967233425077,1.169605384793598,0.3113562220646376
Nd-140,60,140,3.37 d,short-lived (1 d - 1 y),2.666485402644566,0.378735431262341,223.81460974215923,2,False,2.3918582115253866,1.169605384793598,0.3106960721779996
Cs-129,55,129,1.34 d,short-lived (1 d - 1 y),2.379312796775062,0.3724078268462666,554.7846704088654,4,False,2.3572618457929524,1.169605384793598,0.3043684677619252
Eu-147,63,147,24.1 d,short-lived (1 d - 1 y),2.964477973237408,0.3715946455149505,766.3623877123628,4,False,2.3528521930741833,1.169605384793598,0.3035552864306091
Gd-147,64,147,1.59 d,short-lived (1 d - 1 y),2.8252823519312864,0.3686876813524407,1099.749364278276,1,False,2.3371558912692185,1.169605384793598,0.3006483222680993
Tb-161,65,161,6.95 d,short-lived (1 d - 1 y),2.92119336534172,0.36714982657432105,1357.624095988237,2,False,2.3288945607853493,1.169605384793598,0.29911046748997966
Zr-89,40,89,3.27 d,short-lived (1 d - 1 y),3.316763852412193,0.3653406452882569,368.03865684782204,1,False,2.3192130457228233,1.169605384793598,0.2973012862039155
Ce-139,58,139,138 d,short-lived (1 d - 1 y),2.9996452370052604,0.36130253711498495,325.6214197688046,1,False,2.297748742592985,1.169605384793598,0.29326317803064356
Hg-197,80,197,2.71 d,short-lived (1 d - 1 y),2.2676351043714895,0.3606892059296594,796.5384677496952,1,False,2.2945060435482802,1.169605384793598,0.29264984684531803
Y-91,39,91,58.5 d,short-lived (1 d - 1 y),2.7240765586602556,0.3478534675696261,37.15337843484227,2,False,2.227683394526379,1.169605384793598,0.2798141084852847
Tm-172,69,172,2.65 d,short-lived (1 d - 1 y),2.5797540371032732,0.34631939173369314,698.1827392655152,1,False,2.2198283405562513,1.169605384793598,0.27828003264935175
Sr-85,38,85,64.8 d,short-lived (1 d - 1 y),2.5209062891742873,0.3428650237533047,726.9336588080577,1,False,2.20224191246235,1.169605384793598,0.2748256646689633
Er-160,68,160,1.19 d,short-lived (1 d - 1 y),2.4571905194628307,0.33302169350498273,1762.5695594194476,2,False,2.1528892713145162,1.169605384793598,0.26498233442064134
Y-90,39,90,2.67 d,short-lived (1 d - 1 y),2.7232914800567425,0.3301285895185978,70.01862872015651,1,False,2.1385952088062328,1.169605384793598,0.2620892304342564
Bi-205,83,205,14.9 d,short-lived (1 d - 1 y),2.730499008506962,0.32804979420499836,365.7112476158823,4,False,2.128383062592471,1.169605384793598,0.26001043512065697
Ge-69,32,69,1.63 d,short-lived (1 d - 1 y),2.6414862796070895,0.32186339422666344,550.227433125115,1,False,2.09827977342609,1.169605384793598,0.25382403514232205
Pt-193,78,193,50 y,long-lived (>= 1 y),2.0791242497681193,0.3200165804982742,965.0719935505358,1,False,2.08937589754143,1.169605384793598,0.2519772214139328
Rb-86,37,86,18.6 d,short-lived (1 d - 1 y),2.646188473297493,0.3192054395635635,289.80923564199657,1,False,2.085477168252023,1.169605384793598,0.2511660804792221
Pt-188,78,188,10.2 d,short-lived (1 d - 1 y),2.221351902812852,0.3150311106160746,681.2856998244629,2,False,2.065528114288625,1.169605384793598,0.2469917515317332
Tc-96,43,96,4.28 d,short-lived (1 d - 1 y),2.248789516495995,0.31249187737370077,1312.7112387119514,3,False,2.053486619659228,1.169605384793598,0.24445251828935938
Fe-55,26,55,2.76 y,long-lived (>= 1 y),2.4400264003132652,0.3079466930012866,81.32062898937801,1,False,2.0321075668184934,1.169605384793598,0.2399073339169452
Kr-85,36,85,10.7 y,long-lived (>= 1 y),2.395255875034867,0.307908176950374,65.74634745445047,1,True,2.0319273543332406,1.169605384793598,0.2398688178660326
Pm-145,61,145,17.7 y,long-lived (>= 1 y),2.299530566872799,0.3075408917942913,602.3982618136904,2,False,2.030209668979313,1.169605384793598,0.2395015327099499
Eu-149,63,149,93.1 d,short-lived (1 d - 1 y),2.348583649934716,0.307479852065277,1327.5211565888696,2,False,2.029924344746703,1.169605384793598,0.23944049298093562
Te-118,52,118,6 d,short-lived (1 d - 1 y),2.262082297214618,0.30335181998563177,608.403236266591,2,False,2.0107210289798525,1.169605384793598,0.23531246090129038
Pm-144,61,144,363 d,short-lived (1 d - 1 y),2.286176772404905,0.30015000289556387,998.88482043648,3,False,1.9959515864897357,1.169605384793598,0.23211064381122248
Ce-134,58,134,3.16 d,short-lived (1 d - 1 y),2.0053658502546345,0.29479820691042014,369.13334010192295,2,False,1.9715064711395196,1.169605384793598,0.22675884782607875
Sb-119,51,119,1.59 d,short-lived (1 d - 1 y),2.125513616838352,0.29464848036159397,721.7912705490537,2,False,1.9708268954275914,1.169605384793598,0.22660912127725258
Y-88,39,88,107 d,short-lived (1 d - 1 y),2.541067249800675,0.2930881843534164,601.4349893843244,1,False,1.9637589815005383,1.169605384793598,0.225048825269075
Ge-68,32,68,271 d,short-lived (1 d - 1 y),2.3794708069391484,0.28828782951638876,110.0535175766959,2,False,1.9421726298518662,1.169605384793598,0.22024847043204737
Lu-177,71,177,6.64 d,short-lived (1 d - 1 y),2.078084975744609,0.2860848705341674,1187.5940948222192,1,False,1.9323459023013412,1.169605384793598,0.21804551144982603
Zn-65,30,65,244 d,short-lived (1 d - 1 y),2.290058674291406,0.28073097779503736,222.15537003342246,1,False,1.9086705729568,1.169605384793598,0.21269161871069597
Y-87,39,87,3.33 d,short-lived (1 d - 1 y),2.1418338101570944,0.27879555536988115,421.128173633394,2,False,1.9001835557349813,1.169605384793598,0.21075619628553977
Tb-153,65,153,2.34 d,short-lived (1 d - 1 y),2.0252474162528125,0.2725029651173306,4723.4017549971995,6,False,1.872849869734582,1.169605384793598,0.2044636060329892
Ru-97,44,97,2.84 d,short-lived (1 d - 1 y),2.034157956004128,0.2702488259120951,944.2833364052126,1,False,1.8631543118337075,1.169605384793598,0.2022094668277537
La-140,57,140,1.68 d,short-lived (1 d - 1 y),2.1906567873040035,0.2700622244201192,95.14119464766658,1,False,1.8623539500765198,1.169605384793598,0.2020228653357778
I-125,53,125,59.4 d,short-lived (1 d - 1 y),2.0046404021850703,0.2684512542187042,1027.3243132836628,2,False,1.8554585386496636,1.169605384793598,0.2004118951343628
Eu-146,63,146,4.61 d,short-lived (1 d - 1 y),2.074610606215816,0.2669381637862892,1989.7622319128131,5,False,1.8490053330423812,1.169605384793598,0.19889880470194782
Sm-146,62,146,6.8e+07 y,long-lived (>= 1 y),2.1379717227383814,0.2668653548017167,169.00039727215432,1,False,1.8486953753472932,1.169605384793598,0.1988259957173753
Ta-183,73,183,5.1 d,short-lived (1 d - 1 y),1.8510866999855287,0.2661287346186336,633.4071148898336,2,False,1.8455624041688587,1.169605384793598,0.19808937553429223
W-178,74,178,21.6 d,short-lived (1 d - 1 y),1.9484729768987714,0.2656136042431673,1059.0873285059374,2,False,1.8433746221777865,1.169605384793598,0.19757424515882593
As-77,33,77,1.62 d,short-lived (1 d - 1 y),2.2050019141491166,0.2649175154800753,108.52187982557246,2,False,1.840422421211269,1.169605384793598,0.19687815639573392
Bi-210,83,210,5.01 d,short-lived (1 d - 1 y),2.2617202633558104,0.2624304449444653,24.95024484854674,1,False,1.8299130104987706,1.169605384793598,0.19439108586012394
Cs-131,55,131,9.69 d,short-lived (1 d - 1 y),1.8806265657103847,0.26190229765052325,558.5367896546034,2,False,1.8276889983989888,1.169605384793598,0.19386293856618186
Rb-83,37,83,86.2 d,short-lived (1 d - 1 y),2.0913904060784247,0.26189752575813235,609.5563346223132,2,False,1.8276689164323205,1.169605384793598,0.19385816667379097
Co-57,27,57,272 d,short-lived (1 d - 1 y),2.116828542844859,0.25906058641931906,81.0111591061459,1,False,1.8157689546537708,1.169605384793598,0.19102122733497767
Yb-175,70,175,4.18 d,short-lived (1 d - 1 y),2.109367022847467,0.2554887023724671,529.7600702018916,1,False,1.8008962857690782,1.169605384793598,0.18744934328812574
Ni-66,28,66,2.27 d,short-lived (1 d - 1 y),2.0452888095905526,0.2521232896636679,3.3807718300021454,2,False,1.7869948037669723,1.169605384793598,0.18408393057932654
Er-172,68,172,2.05 d,short-lived (1 d - 1 y),2.1023526183777026,0.2508528177764597,117.9151526886831,2,False,1.7817748223518195,1.169605384793598,0.1828134586921183
Nb-91,41,91,680 y,long-lived (>= 1 y),1.9992168133283224,0.25080910460096467,133.78491004445365,2,False,1.781595489850291,1.169605384793598,0.18276974551662328
Zn-72,30,72,1.94 d,short-lived (1 d - 1 y),1.9319368350101263,0.24847859837408684,6.5676654685871405,2,False,1.7720607174885075,1.169605384793598,0.18043923928974545
Lu-170,71,170,2.01 d,short-lived (1 d - 1 y),1.8534978088371,0.24586400571820058,4881.547549286812,3,False,1.7614243904178861,1.169605384793598,0.1778246466338592
Rb-84,37,84,32.8 d,short-lived (1 d - 1 y),1.8441221082664787,0.24392574384148594,778.0756515943146,1,False,1.753580647018283,1.169605384793598,0.17588638475714455
Bi-208,83,208,3.68e+05 y,long-lived (>= 1 y),1.9684748221983013,0.2387830208596837,67.46864673819675,1,False,1.7329379832059173,1.169605384793598,0.1707436617753423
Au-194,79,194,1.58 d,short-lived (1 d - 1 y),1.6744786447436784,0.23868659809594875,1987.458703820173,3,False,1.732553276218511,1.169605384793598,0.17064723901160736
Tm-167,69,167,9.25 d,short-lived (1 d - 1 y),1.9803844831265798,0.23682609758120243,1452.5859054680839,2,False,1.725146961492301,1.169605384793598,0.16878673849686104
Tb-157,65,157,71 y,long-lived (>= 1 y),1.930913328728274,0.23617001270167726,3136.0454800681578,2,False,1.7225427646136169,1.169605384793598,0.16813065361733587
Au-196,79,196,6.17 d,short-lived (1 d - 1 y),1.8851670397227924,0.23018314414018934,1432.3644399351992,1,False,1.698959961270157,1.169605384793598,0.16214378505584795
Pt-191,78,191,2.83 d,short-lived (1 d - 1 y),1.6746438493227975,0.22787981329556734,1609.6382169120868,1,False,1.6899731835524414,1.169605384793598,0.15984045421122595
Re-186,75,186,3.72 d,short-lived (1 d - 1 y),1.727660177419848,0.22585429679759833,1396.9479253964525,1,True,1.682109628669396,1.169605384793598,0.15781493771325694
As-71,33,71,2.72 d,short-lived (1 d - 1 y),1.9141076686298566,0.22514623958978597,463.5105778911196,2,False,1.6793694154752585,1.169605384793598,0.15710688050544458
Gd-150,64,150,1.79e+06 y,long-lived (>= 1 y),1.671305929144682,0.22508597372808783,300.7825329195658,2,False,1.6791363901266738,1.169605384793598,0.15704661464374645
Sb-124,51,124,60.2 d,short-lived (1 d - 1 y),1.692396306728978,0.22070011946467732,755.104029054,1,False,1.6622644596447596,1.169605384793598,0.15266076038033594
Ho-166,67,166,1.12 d,short-lived (1 d - 1 y),1.8227834546052637,0.22066390107630998,957.0603454072218,1,False,1.6621258393492215,1.169605384793598,0.1526245419919686
Gd-153,64,153,241 d,short-lived (1 d - 1 y),1.9660545572639119,0.21953455662080051,2342.976150486864,1,True,1.65780924275284,1.169605384793598,0.15149519753645913
Ce-141,58,141,32.5 d,short-lived (1 d - 1 y),1.7753099294759738,0.21865964817030714,100.57078826535906,1,False,1.6544728630088918,1.169605384793598,0.15062028908596575
Sr-89,38,89,50.6 d,short-lived (1 d - 1 y),1.8005895835386683,0.21823841653728224,19.48629991186585,1,False,1.652868931881434,1.169605384793598,0.15019905745294085
Ir-189,77,189,13.2 d,short-lived (1 d - 1 y),1.639134751295517,0.2150720792345626,1464.4228554748236,2,False,1.6408620821365618,1.169605384793598,0.1470327201502212
Cd-115,48,115,2.23 d,short-lived (1 d - 1 y),1.7506914778797527,0.2144887471667006,500.6407199893031,1,False,1.638659602070904,1.169605384793598,0.14644938808235922
Pm-151,61,151,1.18 d,short-lived (1 d - 1 y),1.7879168870688835,0.20934855530475865,1005.9558160227306,2,False,1.619379194754014,1.169605384793598,0.14130919622041727
Ga-67,31,67,3.26 d,short-lived (1 d - 1 y),1.7804889556308017,0.2084417337877557,225.61785086396577,2,False,1.6160014041084534,1.169605384793598,0.14040237470341432
Hg-194,80,194,447 y,long-lived (>= 1 y),1.6534354925582873,0.20464823675202964,463.2494450322355,2,False,1.6019473440971173,1.169605384793598,0.13660887766768826
Nb-92,41,92,3.47e+07 y,long-lived (>= 1 y),1.7663131613842844,0.20389522820803063,258.27211319889284,1,False,1.5991721882354037,1.169605384793598,0.13585586912368924
Gd-151,64,151,124 d,short-lived (1 d - 1 y),1.7239605359374142,0.1996657575729729,2988.433270842742,1,False,1.5836738936386423,1.169605384793598,0.1316263984886315
I-126,53,126,12.9 d,short-lived (1 d - 1 y),1.6106081332933768,0.19880882762371554,1486.8278218259786,1,False,1.580552141821322,1.169605384793598,0.13076946853937416
Ru-106,44,106,1.02 y,long-lived (>= 1 y),1.774470634622342,0.19700624638133585,71.186352795262,2,False,1.5740055029484046,1.169605384793598,0.12896688729699446
Sr-83,38,83,1.35 d,short-lived (1 d - 1 y),1.5810066773874465,0.1967874891055156,1022.0652588353107,1,False,1.5732128646227606,1.169605384793598,0.12874813002117422
Lu-174,71,174,3.31 y,long-lived (>= 1 y),1.753617911116656,0.19668561562137846,2239.1376962045083,1,False,1.5728438756379715,1.169605384793598,0.12864625653703707
Se-72,34,72,8.4 d,short-lived (1 d - 1 y),1.7250152431992827,0.19467706532111795,320.3980782445659,2,False,1.5655864912105846,1.169605384793598,0.12663770623677656
Lu-172,71,172,6.7 d,short-lived (1 d - 1 y),1.685330788610918,0.19178622466914486,6136.513240625953,1,False,1.5551999179488045,1.169605384793598,0.12374686558480347
Rh-105,45,105,1.47 d,short-lived (1 d - 1 y),1.7487233950501755,0.188745513335909,2.483470798459561,2,False,1.5443492209146725,1.169605384793598,0.12070615425156761
Ir-188,77,188,1.73 d,short-lived (1 d - 1 y),1.5147074833013756,0.18839551705456647,2441.724182500101,3,False,1.5431051370837037,1.169605384793598,0.12035615797022509
Mo-99,42,99,2.75 d,short-lived (1 d - 1 y),1.6806994505143455,0.1873948593856584,316.16598163058666,1,False,1.53955376234583,1.169605384793598,0.119355500301317
La-138,57,138,1.03e+11 y,long-lived (>= 1 y),1.7382700493660375,0.18736681344553066,567.5530098853244,1,False,1.5394543440011679,1.169605384793598,0.11932745436118927
Tm-165,69,165,1.25 d,short-lived (1 d - 1 y),1.6530691060988665,0.18520316173715354,2213.5301508261555,4,False,1.5318038676436068,1.169605384793598,0.11716380265281215
Sr-82,38,82,25.4 d,short-lived (1 d - 1 y),1.6312052538640547,0.18486541227038053,350.2234044419083,2,False,1.5306130516506609,1.169605384793598,0.11682605318603914
Ce-144,58,144,285 d,short-lived (1 d - 1 y),1.6145463107092348,0.1843050131494109,23.172378099157207,2,False,1.5286392733190273,1.169605384793598,0.1162656540650695
As-74,33,74,17.8 d,short-lived (1 d - 1 y),1.6213188244588679,0.18420483118227363,790.5466088940184,1,False,1.5282866912946969,1.169605384793598,0.11616547209793224
Sn-121,50,121,1.13 d,short-lived (1 d - 1 y),1.4887899179181159,0.183992691221286,272.6964183726129,1,False,1.5275403509154815,1.169605384793598,0.11595333213694461
Gd-149,64,149,9.28 d,short-lived (1 d - 1 y),1.5829338870901628,0.18368766846579831,1960.7147485479895,1,False,1.5264678735937036,1.169605384793598,0.11564830938145693
Kr-79,36,79,1.46 d,short-lived (1 d - 1 y),1.6543552878020926,0.18227151771962666,606.0704854676926,1,False,1.5214984621046728,1.169605384793598,0.11423215863528527
Ce-143,58,143,1.38 d,short-lived (1 d - 1 y),1.5694448608474607,0.18208098093507888,97.60991717047716,1,False,1.520831085814561,1.169605384793598,0.11404162185073749
Br-82,35,82,1.47 d,short-lived (1 d - 1 y),1.6610210705646788,0.17997913434411003,391.08527072785245,1,False,1.5134885312112794,1.169605384793598,0.11193977525976864
Hf-181,72,181,42.4 d,short-lived (1 d - 1 y),1.5127651645856277,0.17880522495676748,192.93944492916847,1,True,1.5094030560343596,1.169605384793598,0.1107658658724261
Hf-175,72,175,70.7 d,short-lived (1 d - 1 y),1.5946733133757993,0.17817435151459815,2244.894672025369,1,False,1.5072120288777127,1.169605384793598,0.11013499243025676
Se-75,34,75,120 d,short-lived (1 d - 1 y),1.6138029398703992,0.1768577395299789,927.3127214970491,1,False,1.5026496672645238,1.169605384793598,0.10881838044563752
Sm-153,62,153,1.93 d,short-lived (1 d - 1 y),1.550956158395871,0.1761265763408687,960.6536770366661,1,False,1.5001219865415663,1.169605384793598,0.10808721725652731
Au-195,79,195,186 d,short-lived (1 d - 1 y),1.4459952023959006,0.17443284799194206,1187.3566978980402,2,False,1.4942829736685266,1.169605384793598,0.10639348890760067
Pd-100,46,100,3.63 d,short-lived (1 d - 1 y),1.6136032968065224,0.1741068021569738,281.15911407096144,2,False,1.49316156429811,1.169605384793598,0.10606744307263241
In-113,49,113,stable,stable,1.5056981941833238,0.1716556357438719,630.9053327444668,2,False,1.4847578693122923,1.169605384793598,0.10361627665953052
Pd-103,46,103,17 d,short-lived (1 d - 1 y),1.5826561085156177,0.1697205000967784,1344.6641532988556,1,False,1.4781567812119192,1.169605384793598,0.101681141012437
As-72,33,72,1.08 d,short-lived (1 d - 1 y),1.535595488406266,0.1681860907849197,453.7407536978063,1,False,1.4729435086017302,1.169605384793598,0.1001467317005783
I-124,53,124,4.18 d,short-lived (1 d - 1 y),1.4607548691281906,0.16541839237742675,2033.6038352823366,3,False,1.4635864913744638,1.169605384793598,0.09737903329308537
Eu-148,63,148,54.5 d,short-lived (1 d - 1 y),1.4502771539393327,0.16499195385739143,3759.955349215823,3,False,1.4621500850563873,1.169605384793598,0.09695259477305004
Eu-150,63,150,36.9 y,long-lived (>= 1 y),1.528729381021124,0.1632570528240626,4770.396622239486,1,False,1.4563208014315943,1.169605384793598,0.09521769373972122
Bi-207,83,207,31.2 y,long-lived (>= 1 y),1.4920804084382366,0.1618632100200806,158.35753428990253,2,False,1.4516543171876957,1.169605384793598,0.09382385093573922
Ru-98,44,98,stable,stable,1.4880942445021998,0.16095510632753027,171.77171737334984,1,False,1.4486220995639365,1.169605384793598,0.09291574724318888
Ag-105,47,105,41.3 d,short-lived (1 d - 1 y),1.4950850212922808,0.15909537804073162,1105.0109957757804,2,False,1.4424320979889507,1.169605384793598,0.09105601895639023
Tm-170,69,170,129 d,short-lived (1 d - 1 y),1.426677418445976,0.15669555098679908,1564.6181531469033,1,True,1.4344834795344519,1.169605384793598,0.08865619190245769
Eu-156,63,156,15.2 d,short-lived (1 d - 1 y),1.4441457051954387,0.1553922254437141,909.3347255727736,1,False,1.4301850219395211,1.169605384793598,0.0873528663593727
In-111,49,111,2.8 d,short-lived (1 d - 1 y),1.4039955072117107,0.154945896799897,605.291214749401,4,False,1.4287159619585494,1.169605384793598,0.08690653771555562
Ir-190,77,190,11.8 d,short-lived (1 d - 1 y),1.3632206596589194,0.15368779724194945,2684.495809760397,1,False,1.424583130474305,1.169605384793598,0.08564843815760806
Sb-122,51,122,2.72 d,short-lived (1 d - 1 y),1.3143413983241752,0.15184064233338804,1150.8307441785328,1,False,1.4185369159225698,1.169605384793598,0.08380128324904665
Lu-169,71,169,1.42 d,short-lived (1 d - 1 y),1.3994567435088952,0.1499625745886065,5205.171058782522,4,False,1.4124158241700033,1.169605384793598,0.08192321550426512
Dy-166,66,166,3.4 d,short-lived (1 d - 1 y),1.4622493982532871,0.14974439413185814,125.90199837517822,1,False,1.4117064342318768,1.169605384793598,0.08170503504751675
Os-185,76,185,93 d,short-lived (1 d - 1 y),1.4799244777779121,0.14934126507219408,1119.519049373783,1,True,1.4103966413092903,1.169605384793598,0.0813019059878527
Re-183,75,183,70 d,short-lived (1 d - 1 y),1.3338528096833733,0.14912862841075605,1523.2110483622032,2,False,1.409706260382367,1.169605384793598,0.08108926932641466
As-76,33,76,1.09 d,short-lived (1 d - 1 y),1.456563698540995,0.14718826801740945,647.12224657916,1,False,1.4034219605251246,1.169605384793598,0.07914890893306806
Er-169,68,169,9.39 d,short-lived (1 d - 1 y),1.4071946502377486,0.1470676265517479,581.8867810161415,1,True,1.4030321619545938,1.169605384793598,0.07902826746740652
Ta-179,73,179,1.82 y,long-lived (>= 1 y),1.3293058252460948,0.14613766085861565,2406.6662496697772,1,False,1.4000310282594322,1.169605384793598,0.07809830177427426
Tb-160,65,160,72.3 d,short-lived (1 d - 1 y),1.4422673072082997,0.14530387428584335,4328.996371881625,1,False,1.3973457368655509,1.169605384793598,0.07726451520150196
Pm-148,61,148,5.37 d,short-lived (1 d - 1 y),1.394891044563623,0.1435833830700306,1297.443808203906,1,False,1.3918209941114217,1.169605384793598,0.07554402398568921
Cd-109,48,109,1.26 y,long-lived (>= 1 y),1.4078366199722254,0.14182679546933347,1348.8458727862921,1,False,1.3862028757207043,1.169605384793598,0.07378743638499208
Xe-127,54,127,36.3 d,short-lived (1 d - 1 y),1.3053929293342295,0.14160718951657048,811.1577580174621,1,False,1.3855021036349848,1.169605384793598,0.07356783043222909
Tm-168,69,168,93.1 d,short-lived (1 d - 1 y),1.3889012564249492,0.1415531715418491,5228.378551476333,1,False,1.3853297842377552,1.169605384793598,0.07351381245750771
Te-132,52,132,3.2 d,short-lived (1 d - 1 y),1.3793850885759475,0.1413365894457466,11.065372373679946,2,False,1.3846390943045206,1.169605384793598,0.0732972303614052
Yb-166,70,166,2.36 d,short-lived (1 d - 1 y),1.3916986788947776,0.1386296284247563,1326.5246343661108,2,False,1.376035468710591,1.169605384793598,0.0705902693404149
Br-77,35,77,2.38 d,short-lived (1 d - 1 y),1.411680737631831,0.1382278867782182,758.9397148097912,2,False,1.374763163467224,1.169605384793598,0.07018852769387682
Bi-206,83,206,6.24 d,short-lived (1 d - 1 y),1.3773344989454817,0.13742916682688688,443.2977485944642,3,False,1.3722371316903434,1.169605384793598,0.0693898077425455
Lu-171,71,171,8.25 d,short-lived (1 d - 1 y),1.3360245172626115,0.1365086755709417,2842.9179207831667,2,False,1.3693317422179585,1.169605384793598,0.06846931648660032
Dy-159,66,159,144 d,short-lived (1 d - 1 y),1.3200376290639173,0.13609721236799488,3304.67742958365,1,False,1.368035011940476,1.169605384793598,0.06805785328365349
Cs-132,55,132,6.48 d,short-lived (1 d - 1 y),1.370174451370983,0.1347137472024235,1289.2674869510188,1,False,1.3636840069584029,1.169605384793598,0.0666743881180821
Ge-71,32,71,11.4 d,short-lived (1 d - 1 y),1.3587320272427035,0.13419547513536534,330.8821997474238,1,False,1.3620576041024557,1.169605384793598,0.06615611605102395
Kr-81,36,81,2.29e+05 y,long-lived (>= 1 y),1.3644269263489273,0.131938494429406,656.0144979323056,1,False,1.3549975015632825,1.169605384793598,0.06389913534506461
Rh-101,45,101,4.07 y,long-lived (>= 1 y),1.3344644519391313,0.13100610324417253,1065.489371954644,2,False,1.3520915643267348,1.169605384793598,0.06296674415983114
Ba-128,56,128,2.43 d,short-lived (1 d - 1 y),1.3193824547332482,0.13062619999094247,662.8861846677312,2,False,1.3509093264568093,1.169605384793598,0.06258684090660108
Pm-146,61,146,5.53 y,long-lived (>= 1 y),1.2399938523911203,0.12391144244151835,1681.7311170060516,1,False,1.330183150927612,1.169605384793598,0.05587208335717696
Te-121,52,121,19.3 d,short-lived (1 d - 1 y),1.2671094224843185,0.12340611363019932,1090.3065539280847,1,False,1.32863629968164,1.169605384793598,0.05536675454585793
Rh-99,45,99,16.1 d,short-lived (1 d - 1 y),1.2714494485641148,0.12163871908524271,1189.6668465097468,4,False,1.3232403000051653,1.169605384793598,0.05359936000090132
Rh-102,45,102,207 d,short-lived (1 d - 1 y),1.2804275651850223,0.12071445702321051,2162.848223843679,1,False,1.320427185009917,1.169605384793598,0.052675097938869125
Dy-154,66,154,3e+06 y,long-lived (>= 1 y),1.2342494438301774,0.12053279857180668,989.2093379345476,2,False,1.3198749868853983,1.169605384793598,0.05249343948746529
Ta-177,73,177,2.35 d,short-lived (1 d - 1 y),1.2758201733687458,0.12036354180934104,3643.9183698413535,3,False,1.3193606947405339,1.169605384793598,0.052324182724999654
Tc-98,43,98,4.2e+06 y,long-lived (>= 1 y),1.2736076084265489,0.11972616769545827,1215.1172512921373,1,False,1.3174258104274625,1.169605384793598,0.05168680861111688
Ta-182,73,182,115 d,short-lived (1 d - 1 y),1.242455419073996,0.11917927182313455,1059.434417194011,1,False,1.3157678541145565,1.169605384793598,0.05113991273879316
Hf-172,72,172,1.87 y,long-lived (>= 1 y),1.2585036237381162,0.1184766812702808,1064.9261222020593,2,False,1.313640959270231,1.169605384793598,0.05043732218593941
Tb-158,65,158,180 y,long-lived (>= 1 y),1.2408810850904468,0.11811732451896058,6750.066700786501,1,False,1.3125544373000904,1.169605384793598,0.05007796543461919
Tc-97,43,97,4.21e+06 y,long-lived (>= 1 y),1.2501485362997795,0.11504759423517408,585.4841593519584,2,False,1.3033096000339432,1.169605384793598,0.04700823515083269
Nd-147,60,147,11 d,short-lived (1 d - 1 y),1.179570842154693,0.11388655068369918,737.1512591532035,1,True,1.2998299833766251,1.169605384793598,0.045847191599357795
Re-184,75,184,35.4 d,short-lived (1 d - 1 y),1.228563053473673,0.11252341821827727,2433.475005152035,1,False,1.2957565659893489,1.169605384793598,0.04448405913393588
Ba-131,56,131,11.5 d,short-lived (1 d - 1 y),1.1530727115781154,0.10928589130707883,1057.0888926982018,1,False,1.2861330286403212,1.169605384793598,0.04124653222273744
Tb-156,65,156,5.35 d,short-lived (1 d - 1 y),1.1696759612343464,0.10739993807021217,10338.477314566402,3,False,1.2805600180977053,1.169605384793598,0.03936057898587078
Re-182,75,182,2.67 d,short-lived (1 d - 1 y),1.1490057006417267,0.10444704802607942,4105.661197511625,3,False,1.2718826645240537,1.169605384793598,0.03640768894173803
