row,Z,A,energy_ev,quantity,spectrum,label,cutoff_year,measured_year
0,29,63,142611.008,capture,,-1.294136288,2015,2017
1,32,70,285366.0234,capture,,-1.404025289,2015,2022
2,32,70,365934.078,capture,,-1.40835153,2015,2022
3,32,70,450197.7655,capture,,-1.387751397,2015,2022
4,32,70,553864.0452,capture,,-1.41891623,2015,2022
5,32,70,710236.503,capture,,-1.411147381,2015,2022
6,32,70,873781.8988,capture,,-1.39434055,2015,2022
7,32,72,69727.30819,capture,,-1.443537081,2015,2022
8,32,72,89413.48229,capture,,-1.410547498,2015,2022
9,32,72,114657.8714,capture,,-1.488202616,2015,2022
10,32,72,141059.8301,capture,,-1.456246002,2015,2022
11,32,72,173541.4228,capture,,-1.53455419,2015,2022
12,32,72,222536.9996,capture,,-1.530305592,2015,2022
13,32,72,285366.0234,capture,,-1.587873352,2015,2022
14,32,72,365934.078,capture,,-1.573028121,2015,2022
15,32,72,450197.7655,capture,,-1.574460074,2015,2022
16,32,72,553864.0452,capture,,-1.573191178,2015,2022
17,32,72,710236.503,capture,,-1.599197888,2015,2022
18,32,72,873781.8988,capture,,-1.771455927,2015,2022
19,69,169,5623.779295,capture,,0.3952861949,2015,2025
20,29,63,4300000,capture,,-2.505845406,2015,2018
21,29,63,5130000,capture,,-2.573488739,2015,2018
22,29,63,6877208.736,capture,,-2.716698771,2015,2018
23,29,65,6877208.736,capture,,-2.758204569,2015,2018
24,64,154,2864.436269,capture,,0.5035159968,2015,2020
25,64,154,251585.8,capture,,-0.4948289861,2015,2020
26,32,73,14890.29913,capture,,-0.2058733186,2015,2019
27,32,73,17882.4949,capture,,-0.2923090047,2015,2019
28,32,73,22479.07391,capture,,-0.3313691395,2015,2019
29,32,73,28251.98317,capture,,-0.3930005278,2015,2019
30,32,73,35500.33703,capture,,-0.4662942725,2015,2019
31,32,73,44598.24126,capture,,-0.5280311124,2015,2019
32,32,73,56013.57664,capture,,-0.6006612123,2015,2019
33,32,73,70330.92466,capture,,-0.6786582457,2015,2019
34,32,73,88279.96437,capture,,-0.7761957753,2015,2019
35,32,73,112032.7499,capture,,-0.8754722708,2015,2019
36,32,73,142117.4128,capture,,-0.9648318779,2015,2019
37,32,73,178168.1309,capture,,-1.052916796,2015,2019
38,32,73,223252.8945,capture,,-1.145353884,2015,2019
39,32,73,273386.2985,capture,,-1.199266773,2015,2019
40,32,73,14890.29913,capture,,-0.2229451577,2015,2019
41,32,73,17882.4949,capture,,-0.3134994913,2015,2019
42,32,73,22479.07391,capture,,-0.368850088,2015,2019
43,32,73,28251.98317,capture,,-0.4253491178,2015,2019
44,32,73,35500.33703,capture,,-0.507196463,2015,2019
45,32,73,44598.24126,capture,,-0.5583281111,2015,2019
46,32,73,56013.57664,capture,,-0.6134573397,2015,2019
47,32,73,70330.92466,capture,,-0.7122141646,2015,2019
48,32,73,88279.96437,capture,,-0.8048137848,2015,2019
49,32,73,112032.7499,capture,,-0.855302979,2015,2019
50,32,73,142117.4128,capture,,-0.9488861218,2015,2019
51,32,73,178168.1309,capture,,-1.011975367,2015,2019
52,32,73,223252.8945,capture,,-1.077189196,2015,2019
53,32,73,273386.2985,capture,,-1.119097344,2015,2019
54,32,70,276561.8827,capture,,-1.602375693,2015,2019
55,32,70,276561.8827,capture,,-1.530081321,2015,2019
56,53,129,127700,capture,,-0.8507808873,2015,2026
57,34,77,22488.33042,capture,,-0.1886598984,2015,2023
58,34,77,28263.57636,capture,,-0.264105657,2015,2023
59,34,77,35514.87006,capture,,-0.2632552456,2015,2023
60,34,77,44616.35214,capture,,-0.3510557925,2015,2023
61,34,77,56036.21523,capture,,-0.3928247311,2015,2023
62,34,77,70359.08594,capture,,-0.4490345838,2015,2023
63,34,77,88315.09056,capture,,-0.5152470222,2015,2023
64,34,77,112077.4713,capture,,-0.5102449801,2015,2023
65,34,77,142172.6398,capture,,-0.5732513242,2015,2023
66,34,77,178237.3284,capture,,-0.6141562698,2015,2023
67,34,78,74502.40813,capture,,-1.24425215,2015,2024
68,34,78,89354.16174,capture,,-1.27067319,2015,2024
69,34,78,112116.1908,capture,,-1.276052024,2015,2024
70,34,78,140621.0753,capture,,-1.289036881,2015,2024
71,34,78,176295.5216,capture,,-1.356547324,2015,2024
72,34,78,223411.9859,capture,,-1.365156468,2015,2024
73,34,78,282956.882,capture,,-1.404063094,2015,2024
74,34,78,354135.8127,capture,,-1.4165745,2015,2024
75,34,78,447883.6664,capture,,-1.428926721,2015,2024
76,34,78,553559.0495,capture,,-1.419645339,2015,2024
77,32,72,71969.4648,capture,,-1.506316147,2015,2021
78,32,72,90334.00546,capture,,-1.486446817,2015,2021
79,32,72,113341.1289,capture,,-1.539450935,2015,2021
80,32,72,142154.5154,capture,,-1.552559769,2015,2021
81,32,72,178216.9953,capture,,-1.629327803,2015,2021
82,32,72,223317.3227,capture,,-1.611802852,2015,2021
83,32,72,279671.9315,capture,,-1.669423904,2015,2021
84,72,180,14135062.79,capture,,-1.935542011,2015,2019
85,90,232,4360000,capture,,-2.659555885,2015,2020
86,75,187,2831.677948,capture,,1.022431134,2015,2024
87,75,187,7098.358965,capture,,0.7267618001,2015,2024
88,65,159,12470000,capture,,-2.890884002,2015,2018
89,65,159,16630000,capture,,-3.2083725,2015,2018
90,40,96,610000,capture,,-2.312043332,2015,2018
91,40,96,1050000,capture,,-2.253460821,2015,2018
92,31,71,3190000,capture,,-2.241088108,2015,2023
93,32,70,285366.0234,capture,,-1.404025289,2017,2022
94,32,70,365934.078,capture,,-1.40835153,2017,2022
95,32,70,450197.7655,capture,,-1.387751397,2017,2022
96,32,70,553864.0452,capture,,-1.41891623,2017,2022
97,32,70,710236.503,capture,,-1.411147381,2017,2022
98,32,70,873781.8988,capture,,-1.39434055,2017,2022
99,32,72,69727.30819,capture,,-1.443537081,2017,2022
100,32,72,89413.48229,capture,,-1.410547498,2017,2022
101,32,72,114657.8714,capture,,-1.488202616,2017,2022
102,32,72,141059.8301,capture,,-1.456246002,2017,2022
103,32,72,173541.4228,capture,,-1.53455419,2017,2022
104,32,72,222536.9996,capture,,-1.530305592,2017,2022
105,32,72,285366.0234,capture,,-1.587873352,2017,2022
106,32,72,365934.078,capture,,-1.573028121,2017,2022
107,32,72,450197.7655,capture,,-1.574460074,2017,2022
108,32,72,553864.0452,capture,,-1.573191178,2017,2022
109,32,72,710236.503,capture,,-1.599197888,2017,2022
110,32,72,873781.8988,capture,,-1.771455927,2017,2022
111,69,169,5623.779295,capture,,0.3952861949,2017,2025
112,29,63,4300000,capture,,-2.505845406,2017,2018
113,29,63,5130000,capture,,-2.573488739,2017,2018
114,29,63,6877208.736,capture,,-2.716698771,2017,2018
115,29,65,6877208.736,capture,,-2.758204569,2017,2018
116,64,154,2864.436269,capture,,0.5035159968,2017,2020
117,64,154,251585.8,capture,,-0.4948289861,2017,2020
118,32,73,14890.29913,capture,,-0.2058733186,2017,2019
119,32,73,17882.4949,capture,,-0.2923090047,2017,2019
120,32,73,22479.07391,capture,,-0.3313691395,2017,2019
121,32,73,28251.98317,capture,,-0.3930005278,2017,2019
122,32,73,35500.33703,capture,,-0.4662942725,2017,2019
123,32,73,44598.24126,capture,,-0.5280311124,2017,2019
124,32,73,56013.57664,capture,,-0.6006612123,2017,2019
125,32,73,70330.92466,capture,,-0.6786582457,2017,2019
126,32,73,88279.96437,capture,,-0.7761957753,2017,2019
127,32,73,112032.7499,capture,,-0.8754722708,2017,2019
128,32,73,142117.4128,capture,,-0.9648318779,2017,2019
129,32,73,178168.1309,capture,,-1.052916796,2017,2019
130,32,73,223252.8945,capture,,-1.145353884,2017,2019
131,32,73,273386.2985,capture,,-1.199266773,2017,2019
132,32,73,14890.29913,capture,,-0.2229451577,2017,2019
133,32,73,17882.4949,capture,,-0.3134994913,2017,2019
134,32,73,22479.07391,capture,,-0.368850088,2017,2019
135,32,73,28251.98317,capture,,-0.4253491178,2017,2019
136,32,73,35500.33703,capture,,-0.507196463,2017,2019
137,32,73,44598.24126,capture,,-0.5583281111,2017,2019
138,32,73,56013.57664,capture,,-0.6134573397,2017,2019
139,32,73,70330.92466,capture,,-0.7122141646,2017,2019
140,32,73,88279.96437,capture,,-0.8048137848,2017,2019
141,32,73,112032.7499,capture,,-0.855302979,2017,2019
142,32,73,142117.4128,capture,,-0.9488861218,2017,2019
143,32,73,178168.1309,capture,,-1.011975367,2017,2019
144,32,73,223252.8945,capture,,-1.077189196,2017,2019
145,32,73,273386.2985,capture,,-1.119097344,2017,2019
146,32,70,276561.8827,capture,,-1.602375693,2017,2019
147,32,70,276561.8827,capture,,-1.530081321,2017,2019
148,53,129,127700,capture,,-0.8507808873,2017,2026
149,34,77,22488.33042,capture,,-0.1886598984,2017,2023
150,34,77,28263.57636,capture,,-0.264105657,2017,2023
151,34,77,35514.87006,capture,,-0.2632552456,2017,2023
152,34,77,44616.35214,capture,,-0.3510557925,2017,2023
153,34,77,56036.21523,capture,,-0.3928247311,2017,2023
154,34,77,70359.08594,capture,,-0.4490345838,2017,2023
155,34,77,88315.09056,capture,,-0.5152470222,2017,2023
156,34,77,112077.4713,capture,,-0.5102449801,2017,2023
157,34,77,142172.6398,capture,,-0.5732513242,2017,2023
158,34,77,178237.3284,capture,,-0.6141562698,2017,2023
159,34,78,74502.40813,capture,,-1.24425215,2017,2024
160,34,78,89354.16174,capture,,-1.27067319,2017,2024
161,34,78,112116.1908,capture,,-1.276052024,2017,2024
162,34,78,140621.0753,capture,,-1.289036881,2017,2024
163,34,78,176295.5216,capture,,-1.356547324,2017,2024
164,34,78,223411.9859,capture,,-1.365156468,2017,2024
165,34,78,282956.882,capture,,-1.404063094,2017,2024
166,34,78,354135.8127,capture,,-1.4165745,2017,2024
167,34,78,447883.6664,capture,,-1.428926721,2017,2024
168,34,78,553559.0495,capture,,-1.419645339,2017,2024
169,32,72,71969.4648,capture,,-1.506316147,2017,2021
170,32,72,90334.00546,capture,,-1.486446817,2017,2021
171,32,72,113341.1289,capture,,-1.539450935,2017,2021
172,32,72,142154.5154,capture,,-1.552559769,2017,2021
173,32,72,178216.9953,capture,,-1.629327803,2017,2021
174,32,72,223317.3227,capture,,-1.611802852,2017,2021
175,32,72,279671.9315,capture,,-1.669423904,2017,2021
176,72,180,14135062.79,capture,,-1.935542011,2017,2019
177,90,232,4360000,capture,,-2.659555885,2017,2020
178,75,187,2831.677948,capture,,1.022431134,2017,2024
179,75,187,7098.358965,capture,,0.7267618001,2017,2024
180,65,159,12470000,capture,,-2.890884002,2017,2018
181,65,159,16630000,capture,,-3.2083725,2017,2018
182,40,96,610000,capture,,-2.312043332,2017,2018
183,40,96,1050000,capture,,-2.253460821,2017,2018
184,31,71,3190000,capture,,-2.241088108,2017,2023
185,32,70,365934.078,capture,,-1.40835153,2019,2022
186,32,70,450197.7655,capture,,-1.387751397,2019,2022
187,32,70,553864.0452,capture,,-1.41891623,2019,2022
188,32,70,710236.503,capture,,-1.411147381,2019,2022
189,32,70,873781.8988,capture,,-1.39434055,2019,2022
190,32,72,69727.30819,capture,,-1.443537081,2019,2022
191,32,72,89413.48229,capture,,-1.410547498,2019,2022
192,32,72,114657.8714,capture,,-1.488202616,2019,2022
193,32,72,141059.8301,capture,,-1.456246002,2019,2022
194,32,72,173541.4228,capture,,-1.53455419,2019,2022
195,32,72,222536.9996,capture,,-1.530305592,2019,2022
196,32,72,285366.0234,capture,,-1.587873352,2019,2022
197,32,72,365934.078,capture,,-1.573028121,2019,2022
198,32,72,450197.7655,capture,,-1.574460074,2019,2022
199,32,72,553864.0452,capture,,-1.573191178,2019,2022
200,32,72,710236.503,capture,,-1.599197888,2019,2022
201,32,72,873781.8988,capture,,-1.771455927,2019,2022
202,69,169,5623.779295,capture,,0.3952861949,2019,2025
203,64,154,2864.436269,capture,,0.5035159968,2019,2020
204,64,154,251585.8,capture,,-0.4948289861,2019,2020
205,53,129,127700,capture,,-0.8507808873,2019,2026
206,34,77,22488.33042,capture,,-0.1886598984,2019,2023
207,34,77,28263.57636,capture,,-0.264105657,2019,2023
208,34,77,35514.87006,capture,,-0.2632552456,2019,2023
209,34,77,44616.35214,capture,,-0.3510557925,2019,2023
210,34,77,56036.21523,capture,,-0.3928247311,2019,2023
211,34,77,70359.08594,capture,,-0.4490345838,2019,2023
212,34,77,88315.09056,capture,,-0.5152470222,2019,2023
213,34,77,112077.4713,capture,,-0.5102449801,2019,2023
214,34,77,142172.6398,capture,,-0.5732513242,2019,2023
215,34,77,178237.3284,capture,,-0.6141562698,2019,2023
216,34,78,74502.40813,capture,,-1.24425215,2019,2024
217,34,78,89354.16174,capture,,-1.27067319,2019,2024
218,34,78,112116.1908,capture,,-1.276052024,2019,2024
219,34,78,140621.0753,capture,,-1.289036881,2019,2024
220,34,78,176295.5216,capture,,-1.356547324,2019,2024
221,34,78,223411.9859,capture,,-1.365156468,2019,2024
222,34,78,282956.882,capture,,-1.404063094,2019,2024
223,34,78,354135.8127,capture,,-1.4165745,2019,2024
224,34,78,447883.6664,capture,,-1.428926721,2019,2024
225,34,78,553559.0495,capture,,-1.419645339,2019,2024
226,32,72,71969.4648,capture,,-1.506316147,2019,2021
227,32,72,90334.00546,capture,,-1.486446817,2019,2021
228,32,72,113341.1289,capture,,-1.539450935,2019,2021
229,32,72,142154.5154,capture,,-1.552559769,2019,2021
230,32,72,178216.9953,capture,,-1.629327803,2019,2021
231,32,72,223317.3227,capture,,-1.611802852,2019,2021
232,32,72,279671.9315,capture,,-1.669423904,2019,2021
233,90,232,4360000,capture,,-2.659555885,2019,2020
234,75,187,2831.677948,capture,,1.022431134,2019,2024
235,75,187,7098.358965,capture,,0.7267618001,2019,2024
236,31,71,3190000,capture,,-2.241088108,2019,2023
237,32,70,365934.078,capture,,-1.40835153,2021,2022
238,32,70,450197.7655,capture,,-1.387751397,2021,2022
239,32,70,553864.0452,capture,,-1.41891623,2021,2022
240,32,70,710236.503,capture,,-1.411147381,2021,2022
241,32,70,873781.8988,capture,,-1.39434055,2021,2022
242,32,72,365934.078,capture,,-1.573028121,2021,2022
243,32,72,450197.7655,capture,,-1.574460074,2021,2022
244,32,72,553864.0452,capture,,-1.573191178,2021,2022
245,32,72,710236.503,capture,,-1.599197888,2021,2022
246,32,72,873781.8988,capture,,-1.771455927,2021,2022
247,69,169,5623.779295,capture,,0.3952861949,2021,2025
248,53,129,127700,capture,,-0.8507808873,2021,2026
249,34,77,22488.33042,capture,,-0.1886598984,2021,2023
250,34,77,28263.57636,capture,,-0.264105657,2021,2023
251,34,77,35514.87006,capture,,-0.2632552456,2021,2023
252,34,77,44616.35214,capture,,-0.3510557925,2021,2023
253,34,77,56036.21523,capture,,-0.3928247311,2021,2023
254,34,77,70359.08594,capture,,-0.4490345838,2021,2023
255,34,77,88315.09056,capture,,-0.5152470222,2021,2023
256,34,77,112077.4713,capture,,-0.5102449801,2021,2023
257,34,77,142172.6398,capture,,-0.5732513242,2021,2023
258,34,77,178237.3284,capture,,-0.6141562698,2021,2023
259,34,78,74502.40813,capture,,-1.24425215,2021,2024
260,34,78,89354.16174,capture,,-1.27067319,2021,2024
261,34,78,112116.1908,capture,,-1.276052024,2021,2024
262,34,78,140621.0753,capture,,-1.289036881,2021,2024
263,34,78,176295.5216,capture,,-1.356547324,2021,2024
264,34,78,223411.9859,capture,,-1.365156468,2021,2024
265,34,78,282956.882,capture,,-1.404063094,2021,2024
266,34,78,354135.8127,capture,,-1.4165745,2021,2024
267,34,78,447883.6664,capture,,-1.428926721,2021,2024
268,34,78,553559.0495,capture,,-1.419645339,2021,2024
269,75,187,2831.677948,capture,,1.022431134,2021,2024
270,75,187,7098.358965,capture,,0.7267618001,2021,2024
271,31,71,3190000,capture,,-2.241088108,2021,2023
272,69,169,5623.779295,capture,,0.3952861949,2023,2025
273,53,129,127700,capture,,-0.8507808873,2023,2026
274,34,78,74502.40813,capture,,-1.24425215,2023,2024
275,34,78,89354.16174,capture,,-1.27067319,2023,2024
276,34,78,112116.1908,capture,,-1.276052024,2023,2024
277,34,78,140621.0753,capture,,-1.289036881,2023,2024
278,34,78,176295.5216,capture,,-1.356547324,2023,2024
279,34,78,223411.9859,capture,,-1.365156468,2023,2024
280,34,78,282956.882,capture,,-1.404063094,2023,2024
281,34,78,354135.8127,capture,,-1.4165745,2023,2024
282,34,78,447883.6664,capture,,-1.428926721,2023,2024
283,34,78,553559.0495,capture,,-1.419645339,2023,2024
284,75,187,2831.677948,capture,,1.022431134,2023,2024
285,75,187,7098.358965,capture,,0.7267618001,2023,2024
