row,Z,A,energy_ev,quantity,spectrum,label,year
0,29,63,14600000,na,,-1.305394801,1969
1,40,94,14400000,na,,-2.301029996,1970
2,42,98,14400000,na,,-2.091514981,1970
3,46,106,14400000,na,,-2.251811973,1970
4,46,108,14400000,na,,-2.568636236,1970
5,58,142,14400000,na,,-2.22184875,1970
6,33,75,14400000,na,,-1.869666232,1971
7,35,79,14400000,na,,-1.698970004,1971
8,35,81,14400000,na,,-1.721246399,1971
9,44,102,14100000,na,,-2.468521083,1970
10,49,115,14100000,na,,-2.602059991,1970
11,30,68,7889935.864,na,,-2.615288257,1972
12,30,68,9320010.73,na,,-2.397940009,1972
13,30,68,10503808.83,na,,-2.187086643,1972
14,30,68,12335278.8,na,,-2.079615758,1972
15,30,68,14500000,na,,-1.978810701,1972
16,26,54,14500000,na,,-0.8554257924,1972
17,27,59,13400000,na,,-1.537602002,1980
18,27,59,14635573.1,na,,-1.515700161,1980
19,27,59,17080484.56,na,,-1.664207898,1980
20,33,75,14600000,na,,-1.958607315,1976
21,29,63,4954000,na,,-2.877358114,1980
22,29,63,5268000,na,,-2.665991201,1980
23,29,63,5152397.5,na,,-2.677518753,1980
24,29,63,5782435.722,na,,-2.3416243,1980
25,29,63,6693614.64,na,,-1.989488267,1980
26,29,63,7907271.643,na,,-1.740525722,1980
27,29,63,9025007.467,na,,-1.589804512,1980
28,29,63,9873000,na,,-1.521348723,1980
29,43,99,14100000,na,,-2.694648631,1965
30,27,59,14500000,na,,-1.407823243,1953
31,31,69,14500000,na,,-0.9788107009,1953
32,33,75,14500000,na,,-1.910094889,1953
33,35,81,14500000,na,,-0.9871627753,1953
34,39,89,14500000,na,,-1.156767222,1953
35,45,103,14500000,na,,-1.200659451,1953
36,46,110,14500000,na,,-1.860120914,1953
37,62,152,14500000,na,,-2.050609993,1953
38,83,209,14500000,na,,-2.920818754,1953
39,33,75,12749196.05,na,,-2.145693958,1961
40,33,75,14317045.86,na,,-2.003488328,1961
41,33,75,17209735.62,na,,-2.173925197,1961
42,33,75,19760000,na,,-2.251811973,1961
43,39,89,13400000,na,,-2.408935393,1961
44,39,89,14258730.33,na,,-2.295849483,1961
45,40,92,13400000,na,,-2.086186148,1961
46,40,92,14317045.86,na,,-2.004364805,1961
47,40,92,17209735.62,na,,-1.98088371,1961
48,40,92,19760000,na,,-2.124938737,1961
49,40,94,12715852.31,na,,-2.462180905,1961
50,40,94,14182413.88,na,,-2.266602091,1961
51,40,94,17209735.62,na,,-2.200659451,1961
52,40,94,19760000,na,,-2.27572413,1961
53,41,93,7000000,na,,-2.886056648,1961
54,41,93,8000000,na,,-2.657577319,1961
55,41,93,12785929.77,na,,-2.102372909,1961
56,41,93,14233609.77,na,,-2.031517051,1961
57,41,93,17209735.62,na,,-2.073143291,1961
58,41,93,19760000,na,,-2.142667504,1961
59,48,112,12914990.33,na,,-2.786925175,1961
60,48,112,14259830.09,na,,-2.554568788,1961
61,48,112,17209735.62,na,,-2.193820026,1961
62,48,112,19760000,na,,-2.075720714,1961
63,79,197,17209735.62,na,,-2.812479279,1961
64,79,197,19760000,na,,-2.610833916,1961
65,28,62,14100000,na,,-1.657577319,1967
66,48,106,14100000,na,,-1,1967
67,48,112,14100000,na,,-2.619788758,1967
68,82,206,14100000,na,,-2.568636236,1967
69,30,68,14700000,na,,-1.744727495,1963
70,33,75,14700000,na,,-2.031517051,1963
71,35,79,14700000,na,,-2.036212173,1963
72,35,81,14700000,na,,-2.180456064,1963
73,40,94,14700000,na,,-2.366531544,1963
74,27,59,13070897.21,na,,-1.548981548,1962
75,27,59,14674210.98,na,,-1.522878745,1962
76,27,59,16411135.07,na,,-1.644612342,1962
77,39,89,12800000,na,,-2.886056648,1960
78,39,89,13924798.02,na,,-2.744727495,1960
79,41,93,8400000,na,,-2.698970004,1960
80,41,93,9412240.73,na,,-2.477121255,1960
81,41,93,10939822.91,na,,-2.257013167,1960
82,41,93,12460762.29,na,,-2.148741651,1960
83,41,93,14354256.08,na,,-1.975719624,1960
84,26,54,14118835.28,na,,-1.034641486,1963
85,26,54,14500000,na,,-1.026872146,1963
86,27,59,6500000,na,,-2.642065153,1964
87,27,59,6608822.636,na,,-2.578807532,1964
88,27,59,7794228.634,na,,-2.143875556,1964
89,27,59,9077062.491,na,,-1.893922481,1964
90,27,59,10717813.59,na,,-1.718398556,1964
91,27,59,12332830.6,na,,-1.600759058,1964
92,27,59,13580000,na,,-1.53313238,1964
93,27,59,14187741.69,na,,-1.530472521,1964
94,27,59,16600000,na,,-1.621602099,1964
95,27,59,19138965.49,na,,-1.843148099,1964
96,26,54,14800000,na,,-0.5686362358,1961
97,26,58,14800000,na,,-1.66756154,1961
98,26,54,2230000,na,,-2.185086819,1965
99,26,54,3220000,na,,-2.192464972,1965
100,26,54,4260000,na,,-2.308918508,1965
101,26,54,4690000,na,,-2.567030709,1965
102,26,54,5380000,na,,-1.998266287,1965
103,26,54,6180000,na,,-1.788078916,1965
104,26,54,13100000,na,,-1.142064735,1965
105,26,54,14050000,na,,-1.038104526,1965
106,26,54,16750000,na,,-1.016824928,1965
107,26,54,14400000,na,,-1.045757491,1967
108,27,59,14800000,na,,-1.522878745,1960
109,30,68,14800000,na,,-1.292429824,1960
110,27,59,14050000,na,,-1.508638306,1958
111,35,79,14050000,na,,-2,1958
112,46,108,14050000,na,,-2.638272164,1958
113,55,133,14050000,na,,-3,1958
114,40,94,14494481.71,na,,-2.356547324,1955
115,30,68,14000000,na,,-2.119186408,1955
116,40,94,14000000,na,,-2.443697499,1955
117,49,115,14000000,na,,-2.602059991,1955
118,44,104,14700000,na,,-2.585026652,1966
119,58,142,14800000,na,,-2.096910013,1960
120,60,146,14800000,na,,-2.080921908,1960
121,60,148,14800000,na,,-2.301029996,1960
122,62,152,14800000,na,,-2,1960
123,66,164,14800000,na,,-2.346787486,1960
124,41,93,14700000,na,,-2.283996656,1966
125,72,180,14500000,na,,-2.657577319,1969
126,74,186,14800000,na,,-2.602059991,1960
127,40,92,14100000,na,,-1.661543506,1960
128,40,94,14100000,na,,-2.399027104,1960
129,26,54,8000000,na,,-1.396855627,1991
130,26,56,8000000,na,,-2.200659451,1991
131,27,59,14620000,na,,-1.469800302,1984
132,58,142,14800000,na,,-2.187086643,1982
133,60,142,14800000,na,,-2.148741651,1982
134,62,150,14800000,na,,-2.455931956,1982
135,62,152,14800000,na,,-2.769551079,1982
136,66,162,14800000,na,,-2.677780705,1982
137,55,133,14500000,na,,-2.585026652,1985
138,28,64,14700000,na,,-1.958607315,1966
139,43,99,14800000,na,,-2.124938737,1966
140,62,144,14000000,na,,-1.958607315,1965
141,27,59,6077000,na,,-2.964382874,1987
142,27,59,6702204.296,na,,-2.591054167,1987
143,27,59,7762337.672,na,,-2.171964149,1987
144,27,59,8970204.687,na,,-1.894648526,1987
145,27,59,9976000,na,,-1.803203316,1987
146,26,54,14740000,na,,-1.03284387,1987
147,27,59,14740000,na,,-1.510012109,1987
148,42,98,14682093.98,na,,-2.194329263,1987
149,26,54,14739271.3,na,,-1.034046111,1987
150,29,63,14739271.3,na,,-1.400335221,1987
151,39,89,14698639.39,na,,-2.247951552,1987
152,26,54,10000000,na,,-1.389339837,1996
153,29,63,10000000,na,,-1.53313238,1996
154,26,54,14700000,na,,-1.056011125,1996
155,29,63,14700000,na,,-1.380906669,1996
156,30,68,14691494.14,na,,-2.022276395,1995
157,30,68,16200000,na,,-2.15490196,1995
158,26,54,5558201.148,na,,-2.234331445,1991
159,26,54,6620090.634,na,,-1.744606874,1991
160,26,54,7869830.367,na,,-1.490573441,1991
161,26,54,9331770.052,na,,-1.348140731,1991
162,26,54,3723000,na,,-2.980053318,1999
163,26,54,4172498.532,na,,-2.751168807,1999
164,26,54,4796050.098,na,,-2.231343403,1999
165,26,54,5862514.478,na,,-1.845271793,1999
166,26,54,6746261.78,na,,-1.61690307,1999
167,26,54,8194479.849,na,,-1.367947833,1999
168,26,54,9084000,na,,-1.230032199,1999
169,26,54,10713685.92,na,,-1.118415648,1999
170,26,54,12618000,na,,-1.024752059,1999
171,26,54,13942000,na,,-0.9637704559,1999
172,26,54,16686421.73,na,,-0.9601894459,1999
173,26,54,18785000,na,,-1.032686082,1999
174,40,94,17838133.31,na,,-2.09420412,2016
175,40,94,19330000,na,,-2.13076828,2016
176,27,59,13379000,na,,-0.8938091027,1964
177,27,59,15056511.79,na,,-0.8260371655,1964
178,28,59,1400000,na,,-2.167491087,2022
179,28,59,2000000,na,,-1.987162775,2022
180,28,59,2600000,na,,-1.821023053,2022
181,28,59,3200000,na,,-1.522878745,2022
182,28,59,3800000,na,,-1.480172006,2022
183,28,59,4400000,na,,-1.472370099,2022
184,28,59,5000000,na,,-1.326979093,2022
185,28,59,5600000,na,,-1.287350298,2022
186,28,59,6587867.637,na,,-1.285251239,2022
187,28,59,8000000,na,,-1.252588192,2022
188,28,59,9000000,na,,-1.196542884,2022
189,28,59,10000000,na,,-1.217527376,2022
190,30,68,6595263.452,na,,-2.861703619,2025
191,30,68,7839369.9,na,,-2.48038155,2025
192,30,68,9341078.835,na,,-2.324973008,2025
193,30,68,10842314.07,na,,-2.175248894,2025
194,30,68,12343248.67,na,,-1.978963075,2025
195,29,63,14000000,na,,-1.327902142,1960
196,35,79,14800000,na,,-1.698970004,1965
197,35,81,14800000,na,,-2.15490196,1965
198,35,81,14800000,na,,-1.853871964,1965
199,35,79,14800000,na,,-1.920818754,1966
200,35,81,14800000,na,,-2.420216403,1966
201,49,115,14600000,na,,-2.522878745,1966
202,27,59,14800000,na,,-1.602059991,1958
203,56,138,14100000,na,,-1.585026652,1961
204,30,68,14158152.27,na,,-2.119186408,1971
205,35,79,14158152.27,na,,-2.001450066,1971
206,35,81,14158152.27,na,,-2.472799881,1971
207,42,92,13410000,na,,-1.11407366,1972
208,42,92,14219133.83,na,,-1.115330482,1972
209,43,99,14700000,na,,-2.147520006,1973
210,27,59,12858544.2,na,,-1.568636236,1965
211,27,59,14600685.64,na,,-1.564633493,1965
212,27,59,17178214.04,na,,-1.706637445,1965
213,27,59,19127123.82,na,,-1.908333042,1965
214,27,59,6879964.341,na,,-2.520712684,1966
215,27,59,7823224.504,na,,-2.177831921,1966
216,29,63,6090000,na,,-2.585026652,1967
217,29,63,6614830.297,na,,-2.151810883,1967
218,29,63,7787027.821,na,,-1.807804374,1967
219,29,63,9123775.606,na,,-1.495302648,1967
220,29,63,10813137.04,na,,-1.320875064,1967
221,29,63,12708168.58,na,,-1.405055263,1967
222,29,63,14459296.05,na,,-1.457423524,1967
223,29,63,16789608.01,na,,-1.647817482,1967
224,29,63,19242582.99,na,,-1.91721463,1967
225,29,63,8190000,na,,-1.721246399,1967
226,29,63,14700000,na,,-1.4710833,1967
227,29,63,14200000,na,,-1.583359493,1972
228,41,93,14200000,na,,-2.022276395,1972
229,45,103,14200000,na,,-2.301029996,1972
230,30,68,14700000,na,,-1.823908741,1971
231,33,75,14700000,na,,-2.022276395,1971
232,55,133,14700000,na,,-2.795880017,1971
233,57,139,14700000,na,,-2.838631998,1971
234,64,158,14700000,na,,-2.661543506,1971
235,66,164,14700000,na,,-2.207608311,1971
236,40,92,14700000,na,,-2.070581074,1974
237,40,94,14700000,na,,-2.397940009,1974
238,42,92,14700000,na,,-1.602059991,1974
239,42,98,14700000,na,,-2.259637311,1974
240,42,100,14700000,na,,-2.552841969,1974
241,44,102,14700000,na,,-2.207608311,1974
242,55,133,14800000,na,,-2.943095149,1970
243,60,146,14600000,na,,-2.354577731,1975
244,62,152,14600000,na,,-2.55129368,1975
245,70,174,14600000,na,,-2.913640169,1975
246,71,176,14600000,na,,-2.638272164,1975
247,74,184,14700000,na,,-2.93930216,1975
248,30,68,14700000,na,,-1.958607315,1976
249,32,72,14700000,na,,-1.657577319,1976
250,37,85,15080689.64,na,,-2.05527064,1972
251,37,85,17202445.01,na,,-1.98254927,1972
252,27,59,14780000,na,,-1.490797478,1973
253,28,58,14700000,na,,-0.903089987,1977
254,28,62,14700000,na,,-1.698970004,1977
255,26,54,14700000,na,,-0.8728952016,1977
256,30,64,14100000,na,,-1.443697499,1976
257,31,69,14100000,na,,-2.337242168,1976
258,31,71,14100000,na,,-1.22184875,1976
259,33,75,14100000,na,,-2.337242168,1976
260,34,78,14100000,na,,-2.040958608,1976
261,34,80,14100000,na,,-1.494850022,1976
262,28,58,14100000,na,,-0.903089987,1965
263,26,54,14600000,na,,-1.075720714,1978
264,28,62,14600000,na,,-1.588380294,1978
265,42,98,14600000,na,,-2.091514981,1978
266,40,94,14600000,na,,-2.200659451,1977
267,40,96,14600000,na,,-2.619788758,1977
268,27,59,14100000,na,,-1.568636236,1965
269,33,75,12919264.68,na,,-1.97674754,1966
270,33,75,14853690.07,na,,-1.891660525,1966
271,33,75,17172413.67,na,,-1.955983171,1966
272,33,75,19231905.78,na,,-2.055517328,1966
273,37,85,12940000,na,,-2.283996656,1966
274,37,85,14505730.54,na,,-2.123493496,1966
275,37,85,17172413.67,na,,-2.002904991,1966
276,37,85,19231905.78,na,,-2.017728767,1966
277,27,59,12896511.16,na,,-1.641113796,1961
278,27,59,14639672.13,na,,-1.530914701,1961
279,27,59,17048970.68,na,,-1.648461358,1961
280,27,59,19097643.83,na,,-1.797239313,1961
281,27,59,12550000,na,,-1.602059991,1963
282,27,59,14208976.04,na,,-1.585026652,1963
283,27,59,17305345.99,na,,-1.709965389,1963
284,27,59,19600000,na,,-1.958607315,1963
285,31,71,14700000,na,,-2.327902142,1974
286,42,100,14100000,na,,-1.602059991,1967
287,35,79,14700000,na,,-1.815308569,1967
288,35,81,14700000,na,,-2.494850022,1967
289,34,78,14700000,na,,-1.568636236,1967
290,34,80,14700000,na,,-2.180456064,1967
291,55,133,14000000,na,,-2.853871964,1965
292,63,153,14000000,na,,-2.657577319,1975
293,29,63,14800000,na,,-1.390405591,1978
294,35,79,13200000,na,,-1.935542011,1963
295,35,79,14654503.23,na,,-1.882728704,1963
296,35,79,16963268.15,na,,-2.035269079,1963
297,35,79,18700000,na,,-2.113509275,1963
298,26,54,14100000,na,,-0.8827287043,1961
299,58,142,14000000,na,,-2.283996656,1967
300,29,63,14600000,na,,-1.297569464,1979
301,39,89,14600000,na,,-2.318758763,1979
302,26,54,6650488.704,na,,-1.781202002,1979
303,26,54,7896318.532,na,,-1.478426096,1979
304,26,54,9141717.563,na,,-1.358030402,1979
305,26,54,9900000,na,,-1.26760624,1979
306,26,54,12998461.45,na,,-1.092051478,1979
307,26,54,14621077.16,na,,-1.097344525,1979
308,26,54,16198765.39,na,,-1.090711476,1979
309,35,79,14900000,na,,-1.793174124,1965
310,35,81,14900000,na,,-2.124938737,1965
311,49,115,14500000,na,,-2.539102157,1959
312,57,139,14500000,na,,-2.728158393,1959
313,58,142,14500000,na,,-2.152427341,1959
314,60,146,14500000,na,,-2.585026652,1959
315,64,156,14500000,na,,-2.492144128,1959
316,66,162,14500000,na,,-2.448550002,1959
317,72,178,14500000,na,,-2.698970004,1959
318,77,191,14500000,na,,-2.614393726,1959
319,78,194,14500000,na,,-2.899629455,1959
320,80,200,14500000,na,,-2.752026734,1959
321,80,202,14500000,na,,-2.995678626,1959
322,82,208,14500000,na,,-2.801342913,1959
323,90,230,14500000,na,,-2.337242168,1959
324,92,238,14500000,na,,-2.823908741,1959
325,28,62,14400000,na,,-1.638272164,1975
326,46,106,14400000,na,,-2.251811973,1975
327,62,150,14300000,na,,-2.366531544,1975
328,28,62,14700000,na,,-1.696803943,1979
329,37,85,14800000,na,,-2.178486472,1979
330,42,98,14800000,na,,-2.259637311,1982
331,41,93,14100000,na,,-2.003488328,1982
332,32,74,14700000,na,,-1.744727495,1981
333,30,68,14400000,na,,-1.987162775,1982
334,49,115,14300000,na,,-2.619788758,1983
335,42,100,14600000,na,,-2.568636236,1984
336,42,98,14600000,na,,-2.236572006,1984
337,42,92,14600000,na,,-1.568636236,1984
338,26,54,14700000,na,,-1.055517328,1985
339,27,59,14700000,na,,-1.519993057,1985
340,28,64,14700000,na,,-2.431798276,1985
341,28,58,5661519.231,na,,-1.195179321,1984
342,28,58,6674541.183,na,,-1.065501549,1984
343,28,58,7730795.561,na,,-1.030118356,1984
344,28,58,9037231.569,na,,-1,1984
345,28,62,7730795.561,na,,-2.775985189,1984
346,28,62,8981369.606,na,,-2.463441557,1984
347,40,94,14700000,na,,-2.366531544,1985
348,42,92,6747234.1,na,,-2.642065153,1985
349,42,92,7835079.323,na,,-2.361510743,1985
350,42,92,9112442.351,na,,-1.966576245,1985
351,42,98,8132000,na,,-2.987162775,1985
352,42,98,9112442.351,na,,-2.895057892,1985
353,57,139,14700000,na,,-2.744727495,1984
354,60,142,14700000,na,,-2.070581074,1984
355,62,150,14700000,na,,-2.48148606,1984
356,63,151,14700000,na,,-2.37675071,1984
357,64,156,14700000,na,,-2.508638306,1984
358,65,159,14700000,na,,-2.602059991,1984
359,66,162,14700000,na,,-2.714442691,1984
360,67,165,14700000,na,,-2.903089987,1984
361,68,168,14700000,na,,-2.638272164,1984
362,70,172,14700000,na,,-2.744727495,1984
363,70,174,14700000,na,,-2.899629455,1984
364,71,175,14700000,na,,-2.882728704,1984
365,72,178,14700000,na,,-2.795880017,1984
366,58,142,14700000,na,,-2.522878745,1984
367,60,144,14700000,na,,-2.187086643,1984
368,60,146,14700000,na,,-2.552841969,1984
369,62,152,14700000,na,,-2.602059991,1984
370,62,154,14700000,na,,-2.93930216,1984
371,63,153,14700000,na,,-2.657577319,1984
372,64,158,14700000,na,,-2.913640169,1984
373,66,164,14700000,na,,-2.906578315,1984
374,71,176,14700000,na,,-2.958607315,1984
375,37,85,14700000,na,,-2.161150909,1986
376,42,92,14700000,na,,-1.585026652,1986
377,49,115,14700000,na,,-2.619788758,1986
378,56,138,14700000,na,,-2.600326279,1986
379,26,54,13330000,na,,-1.099086932,1988
380,26,54,14212649.9,na,,-1.073143291,1988
381,27,59,13340000,na,,-1.511449283,1988
382,27,59,14212829.12,na,,-1.495237958,1988
383,40,94,13340000,na,,-2.440093375,1988
384,40,94,14317473.92,na,,-2.340654364,1988
385,40,96,14794384.07,na,,-2.91721463,1988
386,42,92,13340000,na,,-1.702677286,1988
387,42,92,14216934.13,na,,-1.648093312,1988
388,42,98,13340000,na,,-2.328827157,1988
389,42,98,14452031,na,,-2.241088108,1988
390,42,100,13350000,na,,-2.675717545,1988
391,42,100,14272502.55,na,,-2.590348612,1988
392,56,138,13340000,na,,-2.782516056,1988
393,56,138,14224014.66,na,,-2.687641272,1988
394,27,59,14050000,na,,-1.526951195,1990
395,41,93,7150000,na,,-2.88941029,1988
396,41,93,7900886.026,na,,-2.8224635,1988
397,41,93,9127156.31,na,,-2.665546249,1988
398,41,93,10408078.59,na,,-2.473660723,1988
399,41,93,13011253.14,na,,-2.155989056,1988
400,41,93,14374957.39,na,,-2.137868621,1988
401,41,93,16884090.07,na,,-2.123493496,1988
402,41,93,19086720.39,na,,-2.19859629,1988
403,57,139,13009000.72,na,,-2.729321164,1988
404,57,139,14374999.13,na,,-2.619788758,1988
405,57,139,16882569,na,,-2.50237935,1988
406,57,139,19086878.05,na,,-2.476687177,1988
407,42,98,13006407.25,na,,-2.354086725,1990
408,42,98,14374992.17,na,,-2.229147988,1990
409,42,98,16882647.9,na,,-2.133712661,1990
410,42,98,19086860.13,na,,-2.134698574,1990
411,42,100,13006407.25,na,,-2.677780705,1990
412,42,100,14374992.17,na,,-2.397940009,1990
413,42,100,16882647.9,na,,-2.335671481,1990
414,42,100,19086860.13,na,,-2.32483291,1990
415,27,59,14483818.56,na,,-1.492144128,1988
416,29,63,14500000,na,,-1.292429824,1991
417,29,63,14500000,na,,-1.346787486,1991
418,40,94,10367640.91,na,,-2.790484985,1990
419,33,75,8260000,na,,-2.950781977,1994
420,33,75,9180000,na,,-2.663540266,1994
421,33,75,10525597.37,na,,-2.339134522,1994
422,33,75,11870000,na,,-2.124938737,1994
423,33,75,14680000,na,,-1.950007143,1994
424,34,78,10340643.11,na,,-2.715569266,1994
425,34,78,11650000,na,,-2.494850022,1994
426,34,78,14680000,na,,-2.064492734,1994
427,27,59,14600000,na,,-1.48148606,1991
428,28,64,14600000,na,,-2.22184875,1991
429,30,68,14600000,na,,-1.958607315,1991
430,26,54,14600000,na,,-1.008773924,1991
431,60,148,14574675.7,na,,-2.977434172,1998
432,28,64,13400000,na,,-2.522878745,1998
433,28,64,14245042.97,na,,-2.304518324,1998
434,31,69,13400000,na,,-1.657577319,1998
435,31,69,14245042.97,na,,-1.659555885,1998
436,44,104,13400000,na,,-2.769551079,1998
437,44,104,14245042.97,na,,-2.565431096,1998
438,67,165,14870000,na,,-3,1997
439,68,170,14574675.7,na,,-2.89053395,1997
440,29,63,13320000,na,,-1.337242168,1993
441,29,63,14207137.24,na,,-1.364372661,1993
442,30,68,13330000,na,,-2.067526235,1993
443,30,68,14265772.94,na,,-2.038199361,1993
444,33,75,13340000,na,,-2.028724151,1993
445,33,75,14215574.31,na,,-1.993533958,1993
446,37,85,13340000,na,,-2.372634143,1993
447,37,85,14224014.66,na,,-2.268181084,1993
448,46,108,13350000,na,,-2.806875402,1993
449,46,108,14226870.56,na,,-2.621861767,1993
450,49,115,13360000,na,,-2.88941029,1993
451,49,115,14355374.11,na,,-2.67829803,1993
452,63,153,13340000,na,,-2.899629455,1993
453,63,153,14271730.45,na,,-2.807990407,1993
454,72,178,13360000,na,,-2.774690718,1993
455,72,178,14540869.2,na,,-2.525298219,1993
456,43,99,9800000,na,,-2.958607315,2009
457,43,99,10600000,na,,-2.769551079,2009
458,43,99,11993331.48,na,,-2.530177984,2009
459,43,99,14361936.51,na,,-2.26493365,2009
460,43,99,16981166.04,na,,-2.200659451,2009
461,43,99,19100000,na,,-2.236572006,2009
462,29,63,14700000,na,,-1.395773947,1996
463,29,63,14649232.06,na,,-1.375717904,1996
464,40,94,11440000,na,,-2.585026652,2001
465,40,94,12370000,na,,-2.387216143,2001
466,82,206,16640913.44,na,,-2.821023053,2009
467,82,206,19292608.16,na,,-2.485895179,2009
468,28,58,7480000,na,,-1.087777943,1999
469,28,58,8984380.891,na,,-1.030584088,1999
470,28,58,10610000,na,,-1.031984286,1999
471,28,58,12259582.78,na,,-0.9919679048,1999
472,28,58,14250000,na,,-0.9931062921,1999
473,28,58,17200000,na,,-1.179142011,1999
474,28,58,19097643.83,na,,-1.275314612,1999
475,28,62,12970000,na,,-1.886056648,1999
476,28,62,14250000,na,,-1.705533774,1999
477,28,62,17200000,na,,-1.795880017,1999
478,28,62,19097643.83,na,,-1.811071516,1999
479,30,68,7160000,na,,-2.742321425,1999
480,30,68,8160000,na,,-2.457174573,1999
481,30,68,9280000,na,,-2.555955204,1999
482,30,68,10680098.31,na,,-2.416234632,1999
483,30,68,12080000,na,,-2.318758763,1999
484,29,63,13350000,na,,-1.346112442,2004
485,29,63,17030527.65,na,,-1.584258964,2004
486,29,63,19494335.07,na,,-1.885055584,2004
487,40,94,15047923.44,na,,-2.26760624,2010
488,40,94,17033496.41,na,,-2.161150909,2010
489,40,94,19300000,na,,-2.167491087,2010
490,43,99,13500000,na,,-2.346787486,1994
491,43,99,14800000,na,,-2.251811973,1994
492,42,100,17076299.36,na,,-2.397940009,2005
493,42,100,19300000,na,,-2.27572413,2005
494,57,139,14600000,na,,-2.590066877,2008
495,31,69,5139093.493,na,,-2.380211242,2008
496,26,54,9361679.016,na,,-1.357436563,2007
497,26,54,10652942.12,na,,-1.251398556,2007
498,26,54,12490213.24,na,,-1.125663165,2007
499,26,54,14216996.45,na,,-1.047922286,2007
500,27,59,8098000,na,,-2.064996849,2007
501,27,59,8965765.504,na,,-1.916736332,2007
502,27,59,10667226.11,na,,-1.720789487,2007
503,27,59,12293725.05,na,,-1.585175154,2007
504,27,59,14075919.86,na,,-1.507099989,2007
505,70,174,14600000,na,,-2.950781977,2014
506,27,59,17550000,na,,-1.688246139,1996
507,27,59,19840000,na,,-1.974694135,1996
508,75,187,18100000,na,,-2.815292596,2016
509,75,187,17042321.31,na,,-2.91482839,2016
510,42,92,7730000,na,,-2.443697499,2014
511,42,92,8920000,na,,-2.229147988,2014
512,42,92,10475972.51,na,,-1.974694135,2014
513,42,92,12575261.43,na,,-1.764471553,2014
514,42,92,14480000,na,,-1.619788758,2014
515,42,98,12575261.43,na,,-2.462180905,2014
516,42,100,12575261.43,na,,-2.838631998,2014
517,42,100,14480000,na,,-2.508638306,2014
518,31,71,14800000,na,,-1.22184875,1966
519,45,103,14800000,na,,-1.096910013,1966
520,35,81,14600000,na,,-0.9706162223,1962
521,37,85,14600000,na,,-0.8477116556,1962
522,37,87,14600000,na,,-1.229147988,1962
523,39,89,14600000,na,,-1.017728767,1962
524,42,100,14600000,na,,-1.853871964,1962
525,60,144,14200000,na,,-2.045757491,1969
526,64,156,14200000,na,,-2.070581074,1969
527,64,158,14200000,na,,-2.619788758,1969
528,67,165,14200000,na,,-2.920818754,1969
529,45,103,14670000,na,,-1.952335805,1963
530,33,75,14200000,na,,-1.866461092,1969
531,57,139,14600000,na,,-2.522878745,1965
532,65,159,14600000,na,,-2.657577319,1965
533,83,209,14600000,na,,-3,1965
534,41,93,14700000,na,,-2.031517051,1964
535,59,141,14700000,na,,-2.522878745,1964
536,37,85,13149144.46,na,,-2.37161107,1976
537,37,85,14687104.64,na,,-2.296708622,1976
538,37,85,16297239.03,na,,-2.207608311,1976
539,40,94,14810000,na,,-2.327902142,1977
540,30,68,13198484.76,na,,-2,1980
541,30,68,14689218.66,na,,-2.110698297,1980
542,30,68,16932725.69,na,,-2.204119983,1980
543,29,63,14600000,na,,-1.366531544,1980
544,30,68,14600000,na,,-2,1980
545,35,79,14600000,na,,-1.795880017,1980
546,35,81,14600000,na,,-1.920818754,1980
547,42,92,14600000,na,,-1.619788758,1980
548,58,142,14000000,na,,-2.22184875,1977
549,27,59,14600000,na,,-1.455931956,1978
550,33,75,14600000,na,,-1.920818754,1978
551,40,94,14200000,na,,-2.26760624,1978
552,42,92,14200000,na,,-1.619788758,1981
553,27,59,13149144.46,na,,-1.562249437,1980
554,27,59,14737467.55,na,,-1.565830447,1980
555,27,59,16909026.93,na,,-1.646853454,1980
556,33,75,13149144.46,na,,-2.017728767,1980
557,33,75,14737467.55,na,,-1.98088371,1980
558,33,75,16909026.93,na,,-2.031517051,1980
559,57,139,13149144.46,na,,-2.84924356,1980
560,57,139,14737467.55,na,,-2.760075187,1980
561,57,139,16246230.33,na,,-2.63921731,1980
562,64,158,14200000,na,,-2.677780705,1981
563,27,59,14580000,na,,-1.519993057,1981
564,27,59,12878852.65,na,,-1.565431096,1981
565,27,59,14399174.54,na,,-1.53521248,1981
566,27,59,17131734.08,na,,-1.670398752,1981
567,34,78,14200000,na,,-2.568636236,1982
568,60,142,14800000,na,,-2.22184875,1983
569,60,144,14800000,na,,-2.346787486,1983
570,60,146,14800000,na,,-2.37675071,1983
571,60,148,14800000,na,,-2.619788758,1983
572,26,54,12727366.68,na,,-1.113321309,1987
573,26,54,14537131.33,na,,-1.049635146,1987
574,26,54,17467126.51,na,,-1.113831691,1987
575,26,54,8500000,na,,-1.378823718,1987
576,27,59,14800000,na,,-1.455931956,1985
577,27,59,14375039.62,na,,-1.556893543,1984
578,42,92,13198484.76,na,,-1.513569521,1986
579,42,92,14689218.66,na,,-1.45998353,1986
580,42,92,16246230.33,na,,-1.387746094,1986
581,42,100,13198484.76,na,,-2.809668302,1986
582,42,100,14689218.66,na,,-2.515700161,1986
583,42,100,16246230.33,na,,-2.585026652,1986
584,28,64,14800000,na,,-2.368556231,1985
585,42,92,14600000,na,,-1.563837353,1986
586,33,75,14000000,na,,-2,1986
587,40,94,13400000,na,,-2.455931956,1990
588,40,94,14624824.24,na,,-2.350665141,1990
589,40,94,16246230.33,na,,-2.279840697,1990
590,40,94,14199214.66,na,,-2.28567024,1991
591,40,94,10583879.25,na,,-2.928117993,1991
592,40,94,11900000,na,,-2.679853714,1991
593,27,59,14500000,na,,-1.537602002,1960
594,27,59,14800000,na,,-1.494850022,1965
595,63,153,14800000,na,,-2.045757491,1965
596,66,164,14800000,na,,-2.397940009,1965
597,40,94,14500000,na,,-2.420216403,1963
598,46,108,14500000,na,,-2.508638306,1963
599,73,181,14500000,na,,-2.920818754,1963
600,40,96,14500000,na,,-2.958607315,1963
601,49,115,14445760.62,na,,-2.599462011,1989
602,29,63,12820000,na,,-1.258848401,1990
603,29,63,14486942.76,na,,-1.313363731,1990
604,29,63,17240701.84,na,,-1.575118363,1990
605,37,85,13470000,na,,-2.386158178,1990
606,37,85,14435003.39,na,,-2.248720896,1990
607,57,139,14304621,na,,-2.664742744,1986
608,56,138,14511795.2,na,,-2.568636236,1992
609,56,138,17457405.31,na,,-2.394156461,1992
610,44,102,13400000,na,,-2.251811973,1993
611,44,102,14689218.66,na,,-2.145693958,1993
612,62,152,14540000,na,,-2.698970004,1993
613,28,62,12769937.35,na,,-1.825358807,1994
614,28,62,16658793.47,na,,-1.731656086,1994
615,27,59,14152030.93,na,,-1.535510453,1994
616,30,68,14369168.2,na,,-1.980191607,1994
617,27,59,14800000,na,,-1.493494968,1992
618,27,59,14700000,na,,-1.420216403,1996
619,27,59,14700000,na,,-1.431798276,1996
620,27,59,14700000,na,,-1.494850022,1996
621,40,96,14700000,na,,-2.522878745,1996
622,26,58,14700000,na,,-1.677780705,1997
623,28,58,14700000,na,,-0.9788107009,1997
624,31,71,14700000,na,,-2.187086643,1997
625,32,76,14700000,na,,-2.585026652,1997
626,49,113,14700000,na,,-2.327902142,1997
627,60,148,14700000,na,,-2.677780705,1997
628,42,92,14274783.08,na,,-1.653695935,1997
629,42,98,14130957.28,na,,-2.274251667,1997
630,27,59,11340000,na,,-1.557520231,1998
631,40,94,11340000,na,,-2.752026734,1998
632,40,94,12530000,na,,-2.628932138,1998
633,42,92,8970000,na,,-2.098541679,1998
634,42,92,10933522.98,na,,-1.886056648,1998
635,42,92,12530000,na,,-1.705533774,1998
636,26,54,14600000,na,,-1.065501549,1993
637,27,59,14600000,na,,-1.508638306,1993
638,34,78,14600000,na,,-2.193820026,1993
639,34,80,14600000,na,,-2.443697499,1993
640,39,89,14600000,na,,-2.26760624,1993
641,40,94,14600000,na,,-2.327902142,1998
642,42,92,14600000,na,,-1.581698709,1998
643,42,100,14600000,na,,-2.494850022,1993
644,49,115,14600000,na,,-2.638272164,1993
645,60,142,14600000,na,,-2.259637311,1993
646,60,144,14600000,na,,-2.397940009,1993
647,60,146,14600000,na,,-2.455931956,1993
648,62,150,14700000,na,,-2.468521083,1998
649,62,152,14700000,na,,-2.657577319,1998
650,62,154,14700000,na,,-2.958607315,1998
651,63,153,14700000,na,,-2.638272164,1998
652,65,159,14700000,na,,-2.619788758,1998
653,66,162,14700000,na,,-2.698970004,1998
654,66,164,14700000,na,,-2.886056648,1998
655,68,168,14700000,na,,-2.657577319,1998
656,72,178,14700000,na,,-2.769551079,1998
657,26,54,7000000,na,,-2.055517328,1997
658,28,58,5000000,na,,-1.324221658,1997
659,28,58,6000000,na,,-1.124938737,1997
660,28,58,7000000,na,,-1.148741651,1997
661,39,89,11380000,na,,-2.617982957,1997
662,39,89,12469439.69,na,,-2.3760619,1997
663,39,89,14202186.56,na,,-2.140661521,1997
664,39,89,11380000,na,,-2.860120914,1997
665,39,89,12785804.63,na,,-2.416801226,1997
666,39,89,13500000,na,,-2.229147988,2008
667,39,89,14347822.13,na,,-2.029188389,2008
668,35,81,13500000,na,,-2.374687549,2009
669,35,81,14100000,na,,-2.395773947,2009
670,33,75,13500000,na,,-2.187755303,2007
671,33,75,14445760.62,na,,-2.00678428,2007
672,30,64,5030000,na,,-1.095049358,2007
673,30,64,5950000,na,,-1.113556635,2007
674,46,110,13500000,na,,-2.726767166,2008
675,46,110,14800000,na,,-2.694648631,2008
676,28,64,13500000,na,,-2.522878745,2008
677,28,64,14600000,na,,-2.301029996,2008
678,30,64,2540000,na,,-1.928117993,2008
679,30,64,4000000,na,,-1.22475374,2008
680,30,64,5500000,na,,-1.151810883,2008
681,44,104,13500000,na,,-2.823908741,2007
682,44,104,14800000,na,,-2.677780705,2007
683,44,102,13500000,na,,-2.337242168,2007
684,44,102,14800000,na,,-2.193820026,2007
685,82,206,14380000,na,,-2.920818754,1993
686,70,174,14700000,na,,-2.910094889,1997
687,65,159,14600000,na,,-2.657577319,2010
688,71,175,14398611.04,na,,-2.903089987,2010
689,71,176,14600000,na,,-2.795880017,2010
690,70,174,14700000,na,,-2.935542011,2012
691,66,164,14700000,na,,-2.705533774,2012
692,68,168,14700000,na,,-2.677780705,2012
693,71,175,14600000,na,,-2.63638802,2024
694,71,176,14600000,na,,-2.555955204,2024
695,27,59,14050000,na,,-1.522878745,2023
696,27,59,18500000,na,,-1.772113295,2025
697,34,80,13198484.76,na,,-2.638272164,1989
698,34,80,14689218.66,na,,-2.548981548,1989
699,34,80,16246230.33,na,,-2.48148606,1989
700,39,89,14600000,na,,-2.187086643,2000
701,39,89,14500000,na,,-2.312471039,2002
702,27,59,17500000,na,,-1.681936665,2022
703,46,106,14700000,na,,-2.27572413,1999
704,46,108,14700000,na,,-2.602059991,1999
705,29,63,14192193.1,na,,-1.280392532,1990
706,28,62,14167459.03,na,,-1.644521113,1990
707,42,92,13400000,na,,-1.549750892,1991
708,42,92,14269693.45,na,,-1.523168371,1991
709,27,59,14346604.72,na,,-1.505381664,1990
710,27,59,17067767.72,na,,-1.63701516,1990
711,28,62,14425993.9,na,,-1.646853454,1992
712,42,98,13500000,na,,-2.27572413,1992
713,42,98,14358324.01,na,,-2.262807357,1992
714,49,115,14449221.43,na,,-2.628932138,2006
715,34,80,13500000,na,,-2.552841969,2005
716,34,80,14100000,na,,-2.468521083,2005
717,30,64,5030000,na,,-1.139661993,2003
718,30,64,5750000,na,,-1.142667504,2003
719,30,64,6500000,na,,-1.149966742,2003
720,66,156,14700000,na,,-2.698970004,2009
721,30,67,6000000,na,,-2.13667714,2010
722,57,139,14800000,na,,-2.920818754,2010
723,42,95,5000000,na,,-2.911826034,2010
724,42,95,6000000,na,,-2.769401786,2010
725,64,158,14800000,na,,-3,2010
726,30,67,4000000,na,,-2.127957303,2010
727,30,67,5000000,na,,-2.117371081,2010
728,30,67,6000000,na,,-2.091365689,2010
729,71,175,14800000,na,,-2.948461609,2011
730,50,118,14600000,na,,-2.782516056,2011
731,65,159,14445760.62,na,,-2.809668302,2014
732,39,89,13500000,na,,-2.30980392,2016
733,39,89,14445760.62,na,,-2.148741651,2016
734,62,144,14800000,na,,-1.886056648,2016
735,75,185,14700000,na,,-2.853871964,1997
736,75,187,14700000,na,,-2.958607315,1997
737,26,56,6500000,na,,-2.3400838,2015
738,26,56,5500000,na,,-2.978810701,2015
739,26,56,6500000,na,,-2.230622674,2015
740,26,54,5500000,na,,-2.493494968,2015
741,26,54,6500000,na,,-1.890759031,2015
742,26,54,5500000,na,,-2.488116639,2015
743,82,206,14549226.78,na,,-2.882728704,2015
744,60,146,13500000,na,,-2.886056648,2015
745,60,146,14445760.62,na,,-2.698970004,2015
746,29,63,5000000,na,,-2.772113295,2014
747,29,63,5744562.647,na,,-2.376234,2014
748,29,63,6500000,na,,-2.078313525,2014
749,26,57,5000000,na,,-2.507239611,2014
750,26,57,5744562.647,na,,-2.26760624,2014
751,26,57,6500000,na,,-2.138465589,2014
752,63,151,13500000,na,,-2.568636236,2017
753,63,151,14445760.62,na,,-2.455931956,2017
754,30,66,4000000,na,,-2.744727495,2017
755,30,66,5000000,na,,-2.263603498,2017
756,30,66,6000000,na,,-2,2017
757,58,142,14545789.77,na,,-2.19893947,2019
758,71,175,14431168.02,na,,-2.853871964,2018
759,26,56,5500000,na,,-2.99005047,2019
760,26,56,7700000,na,,-2.029885207,2019
761,26,56,8986100.378,na,,-1.73226263,2019
762,26,56,10500000,na,,-1.62643339,2019
763,26,54,5500000,na,,-2.423462797,2019
764,26,54,7700000,na,,-1.538765645,2019
765,26,54,8986100.378,na,,-1.41135285,2019
766,26,54,10500000,na,,-1.355584852,2019
767,63,153,13500000,na,,-2.903089987,2020
768,63,153,14445760.62,na,,-2.799970733,2020
769,42,98,13500000,na,,-2.259637311,2020
770,42,98,14445760.62,na,,-2.244125144,2020
771,42,100,13500000,na,,-2.744727495,2020
772,42,100,14445760.62,na,,-2.657577319,2020
773,28,58,4866972.113,na,,-1.467260949,2020
774,28,58,5500000,na,,-1.28666793,2020
775,28,60,5000000,na,,-2.37413345,2020
776,28,60,5500000,na,,-2.10418374,2020
777,28,61,5000000,na,,-2.026318048,2020
778,28,61,5500000,na,,-1.924611511,2020
779,40,94,13500000,na,,-2.413412695,2020
780,40,94,14430490.95,na,,-2.332235836,2020
781,42,92,13500000,na,,-1.59345982,2021
782,42,92,14445760.62,na,,-1.552841969,2021
783,35,81,13500000,na,,-2.408935393,2023
784,35,81,14430490.95,na,,-2.292429824,2023
785,35,79,13500000,na,,-1.93930216,2023
786,35,79,14430490.95,na,,-1.900779905,2023
787,29,63,5000000,na,,-2.835647144,2023
788,29,63,5500000,na,,-2.498940738,2023
789,29,63,8986100.378,na,,-1.630505838,2023
790,29,63,10500000,na,,-1.491470281,2023
791,29,63,8500000,na,,-1.648203693,2023
792,29,63,10500000,na,,-1.474825572,2023
793,33,75,14000000,na,,-1.585026652,1962
794,71,175,14739511.53,na,,-2.952725133,2024
795,71,176,14860000,na,,-3,2024
796,42,92,13520000,na,,-1.590066877,2020
797,70,174,14770000,na,,-2.93930216,2022
798,30,68,14770000,na,,-2.010550182,2023
799,30,68,14800000,na,,-2,1968
800,31,69,14800000,na,,-1.744727495,1968
801,33,75,14800000,na,,-2.045757491,1968
802,34,78,14800000,na,,-2.15490196,1968
803,35,79,14800000,na,,-1.769551079,1968
804,35,81,14800000,na,,-2.187086643,1968
805,48,112,14000000,na,,-2.886056648,1964
806,40,92,14000000,na,,-2,1964
807,40,94,14000000,na,,-2.327902142,1964
808,40,96,14000000,na,,-2.638272164,1964
809,46,108,14800000,na,,-2.638272164,1971
810,26,54,14600000,na,,-0.9746941347,1974
811,29,63,14600000,na,,-1.271646218,1974
812,27,59,14800000,na,,-1.494850022,1969
813,28,62,14800000,na,,-1.769551079,1969
814,28,64,14800000,na,,-2.283996656,1969
815,39,89,14800000,na,,-2.200659451,1969
816,58,142,14800000,na,,-2.346787486,1969
817,40,92,14800000,na,,-2.045757491,1970
818,40,94,14800000,na,,-2.283996656,1970
819,40,96,14800000,na,,-2.585026652,1970
820,41,93,14800000,na,,-2.48148606,1970
821,49,115,14800000,na,,-2.619788758,1970
822,34,78,14700000,na,,-1.420216403,1969
823,34,80,14700000,na,,-0.8728952016,1969
824,26,54,14700000,na,,-1.01188716,1975
825,26,56,14700000,na,,-1.343901798,1975
826,26,57,14700000,na,,-1.447331784,1975
827,26,58,14700000,na,,-1.590066877,1975
828,28,58,14700000,na,,-0.9262816497,1975
829,28,60,14700000,na,,-1.400116928,1975
830,28,62,14700000,na,,-1.642065153,1975
831,48,112,14000000,na,,-2.869666232,1957
832,49,115,14600000,na,,-2.619788758,1987
833,28,58,5120000,na,,-1.675875499,1992
834,50,112,14600000,na,,-1.346787486,1995
835,50,112,14600000,na,,-1.356547324,1995
836,50,112,14600000,na,,-1.283996656,1995
837,27,59,14100000,na,,-1.501689446,1999
838,29,63,14100000,na,,-1.343901798,1999
839,39,89,14100000,na,,-2.22184875,1999
840,40,94,14100000,na,,-2.326058001,1999
841,42,92,14100000,na,,-1.642065153,1999
842,42,98,14100000,na,,-2.240332155,1999
843,46,106,14100000,na,,-2.327902142,1999
844,46,108,14100000,na,,-2.557520231,1999
845,49,115,14100000,na,,-2.688246139,1999
846,56,138,14100000,na,,-2.642065153,1999
847,63,153,14100000,na,,-2.860120914,1999
848,27,59,14700000,na,,-1.399027104,1977
849,26,54,14800000,na,,-1.045757491,1980
850,29,63,14800000,na,,-1.387216143,1980
851,42,92,14800000,na,,-1.721246399,1980
852,42,98,14800000,na,,-2.301029996,1980
853,42,100,14800000,na,,-2.602059991,1980
854,28,58,3648629.88,na,,-2.171593908,1994
855,28,58,4232141.792,na,,-1.774421151,1994
856,28,58,4925269.442,na,,-1.548820489,1994
857,28,58,5687239.455,na,,-1.300120853,1994
858,28,58,6526553.761,na,,-1.166669639,1994
859,26,54,5123475.383,na,,-2.869666232,2018
860,26,54,5746374.526,na,,-2.209949526,2018
861,26,54,6619097.78,na,,-1.760700521,2018
862,26,57,4300000,na,,-2.924453039,2018
863,26,57,4743416.49,na,,-2.688246139,2018
864,26,57,5744562.647,na,,-2.473014931,2018
865,26,57,6500000,na,,-2.396855627,2018
866,28,60,6000000,na,,-1.816730156,2018
867,28,60,6688132.331,na,,-1.629548596,2018
868,30,64,4324349.662,na,,-1.207258214,2018
869,30,64,4500000,na,,-1.199970641,2018
870,30,64,6049793.385,na,,-1.120330794,2018
871,27,59,14173800.21,na,,-1.499136498,2016
872,29,63,13470000,na,,-1.322393047,2016
873,29,63,14248756.23,na,,-1.345961045,2016
874,34,78,13490000,na,,-2.119758224,2016
875,34,78,14315030.46,na,,-2.07007044,2016
876,39,89,13470000,na,,-2.354577731,2016
877,39,89,14259972.56,na,,-2.19469337,2016
878,40,94,14173800.21,na,,-2.322393047,2016
879,41,93,13470000,na,,-1.913640169,2016
880,41,93,14217576.44,na,,-1.885341367,2016
881,42,92,13470000,na,,-1.669586227,2016
882,42,92,14244685.79,na,,-1.606299477,2016
883,42,98,13470000,na,,-2.303643611,2016
884,42,98,14259930.04,na,,-2.22433755,2016
885,42,100,14115727.21,na,,-2.604382427,2016
886,43,99,13470000,na,,-2.277366077,2016
887,43,99,14453114.46,na,,-2.208660296,2016
888,46,106,13460000,na,,-2.385102784,2016
889,46,106,14264157.84,na,,-2.283400507,2016
890,46,108,13460000,na,,-2.71219827,2016
891,46,108,14264157.84,na,,-2.543417091,2016
892,48,112,13450000,na,,-2.468521083,2016
893,48,112,14455235.35,na,,-2.431504933,2016
894,49,115,14173800.21,na,,-2.675717545,2016
895,56,138,13470000,na,,-2.730487056,2016
896,56,138,14240578.27,na,,-2.61824047,2016
897,63,151,13470000,na,,-2.4710833,2016
898,63,151,14261487.87,na,,-2.412128749,2016
899,63,153,13500000,na,,-2.924453039,2016
900,63,153,14369853.6,na,,-2.823908741,2016
901,75,185,14480000,na,,-2.853871964,2016
902,78,194,14680000,na,,-2.93930216,2016
903,81,205,14800000,na,,-3.124938737,1960
904,50,120,14100000,na,,-3.397940009,1966
905,76,190,14600000,na,,-3.366531544,1966
906,76,190,14500000,na,,-3.244125144,1959
907,78,196,14500000,na,,-3.259637311,1959
908,81,203,14500000,na,,-3.431798276,1959
909,76,192,20000000,na,,-3.30980392,2002
910,70,176,14600000,na,,-3.251811973,2014
911,76,192,14700000,na,,-3.823908741,1976
912,76,190,14700000,na,,-3.086186148,1980
913,70,176,14540000,na,,-3.15490196,1983
914,50,122,14700000,na,,-3.602059991,1997
915,81,205,14700000,na,,-3.22184875,1997
916,62,147,5000000,na,,-3.636456837,2009
917,62,147,6000000,na,,-3.53745271,2009
918,76,190,13500000,na,,-3.318758763,2008
919,76,190,14700000,na,,-3.055517328,2008
920,70,176,14700000,na,,-3.161150909,2012
921,62,149,6000000,na,,-3.920669462,2010
922,60,143,4000000,na,,-3.918007777,2009
923,60,143,5000000,na,,-3.675965379,2009
924,60,143,6000000,na,,-3.508489014,2009
925,62,149,4500000,na,,-4.306971403,2011
926,62,149,5000000,na,,-4.242309818,2011
927,62,149,5500000,na,,-4.074403154,2011
928,62,149,6000000,na,,-3.999850708,2011
929,62,149,6500000,na,,-3.720076796,2011
930,64,160,14100000,na,,-3.283996656,2013
931,64,160,14700000,na,,-3.229147988,2013
932,48,114,14000000,na,,-3.22184875,1964
933,76,190,14500000,na,,-3.092588639,2003
934,78,196,14500000,na,,-3.173925197,2003
935,50,120,13470000,na,,-3.657577319,2016
936,50,120,13880000,na,,-3.530177984,2016
937,50,120,14050000,na,,-3.436518915,2016
938,76,190,13640000,na,,-3.281498311,2016
939,76,190,13880000,na,,-3.225483034,2016
940,76,190,14470000,na,,-3.098541679,2016
941,76,190,14680000,na,,-3.074172425,2016
942,76,190,14820000,na,,-3.017728767,2016
943,78,196,13880000,na,,-3.366531544,2016
944,78,196,14050000,na,,-3.356547324,2016
945,78,196,14280000,na,,-3.207608311,2016
946,78,196,14470000,na,,-3.27572413,2016
947,78,196,14680000,na,,-3.096910013,2016
948,78,196,14820000,na,,-3.086186148,2016
949,81,205,13580000,na,,-3.853871964,2016
950,81,205,14230000,na,,-3.886056648,2016
951,81,205,14500000,na,,-3.698970004,2016
952,81,205,14720000,na,,-3.318758763,2016
953,81,205,14800000,na,,-3.48148606,2016
954,81,205,14880000,na,,-3.259637311,2016
955,62,148,4800000,na,,-4.251811973,2025
956,62,148,5100000,na,,-4.148741651,2025
957,62,148,5300000,na,,-4,2025
958,55,133,14400000,na,,-2.707743929,1970
959,37,85,14400000,na,,-2.30980392,1971
960,81,203,14400000,na,,-2.657577319,1972
961,55,133,14700000,na,,-3,1963
962,83,209,14800000,na,,-2.958607315,1959
963,55,133,14800000,na,,-2.978810701,1970
964,55,133,14500000,na,,-2.721246399,1959
965,42,92,12590000,na,,-1.723538196,1990
966,42,92,12640000,na,,-1.721246399,1990
967,42,92,13390000,na,,-1.63638802,1990
968,42,92,13430000,na,,-1.634512015,1990
969,42,92,14360000,na,,-1.568636236,1990
970,42,92,14390000,na,,-1.575118363,1990
971,42,92,15820000,na,,-1.549750892,1990
972,42,92,15840000,na,,-1.517126416,1990
973,42,92,16900000,na,,-1.504455662,1990
974,42,92,16960000,na,,-1.504455662,1990
975,42,92,17920000,na,,-1.485452247,1990
976,42,92,17990000,na,,-1.48148606,1990
977,42,92,18810000,na,,-1.500312917,1990
978,42,92,18880000,na,,-1.505845406,1990
979,42,92,19580000,na,,-1.524328812,1990
980,34,80,6250000,na,,-5.619788758,1994
981,34,80,7210000,na,,-5.050609993,1994
982,34,80,8120000,na,,-4.643974143,1994
983,34,80,9030000,na,,-3.931814138,1994
984,34,80,9910000,na,,-3.728158393,1994
985,34,80,10790000,na,,-3.167491087,1994
986,34,80,11650000,na,,-2.872895202,1994
987,34,80,14680000,na,,-2.540607512,1994
988,37,85,13300000,na,,-2.638272164,1974
989,37,85,13800000,na,,-2.508638306,1974
990,37,85,14500000,na,,-2.48148606,1974
991,37,85,15000000,na,,-2.48148606,1974
992,37,85,15500000,na,,-2.585026652,1974
993,34,80,14800000,na,,-1.886056648,1983
994,57,139,14600000,na,,-2.71219827,2000
995,57,139,14500000,na,,-2.675717545,2002
996,42,92,14540000,na,,-1.565431096,2020
997,34,80,14770000,na,,-2.605548319,2023
998,42,92,14770000,na,,-1.654430244,2023
999,34,80,14800000,na,,-2.585026652,1968
1000,37,85,14800000,na,,-2.214670165,1969
1001,55,133,14800000,na,,-2.602059991,1969
1002,53,127,14800000,na,,-2.744727495,1970
1003,34,80,13490000,na,,-2.684029655,2016
1004,34,80,13890000,na,,-2.603800653,2016
1005,34,80,14050000,na,,-2.645891561,2016
1006,34,80,14260000,na,,-2.559090918,2016
1007,34,80,14440000,na,,-2.567030709,2016
1008,34,80,14810000,na,,-2.515700161,2016
1009,41,93,15000000,he_prod,,-1.853871964,1978
1010,24,50,14800000,he_prod,,-1.026872146,1979
1011,24,52,14800000,he_prod,,-1.443697499,1979
1012,26,54,14800000,he_prod,,-1.102372909,1979
1013,26,56,14800000,he_prod,,-1.387216143,1979
1014,28,58,14800000,he_prod,,-0.9746941347,1979
1015,28,60,14800000,he_prod,,-1.119186408,1979
1016,29,63,14800000,he_prod,,-1.251811973,1979
1017,29,65,14800000,he_prod,,-1.886056648,1979
1018,28,58,14800000,he_prod,,-0.9172146297,1986
1019,28,60,14800000,he_prod,,-1.102372909,1986
1020,28,61,14800000,he_prod,,-1.292429824,1986
1021,28,62,14800000,he_prod,,-1.657577319,1986
1022,28,64,14800000,he_prod,,-2.045757491,1986
1023,29,63,14800000,he_prod,,-1.187086643,1986
1024,29,65,14800000,he_prod,,-1.769551079,1986
1025,79,197,14800000,he_prod,,-3.301029996,1986
1026,25,55,14800000,he_prod,,-1.552841969,1986
1027,26,54,14800000,he_prod,,-1.040958608,1986
1028,26,56,14800000,he_prod,,-1.337242168,1986
1029,26,57,14800000,he_prod,,-1.48148606,1986
1030,26,58,14800000,he_prod,,-1.698970004,1986
1031,27,59,14800000,he_prod,,-1.397940009,1986
1032,39,89,14800000,he_prod,,-2.031517051,1986
1033,41,93,14800000,he_prod,,-1.853871964,1986
1034,42,92,14800000,he_prod,,-1.508638306,1986
1035,42,94,14800000,he_prod,,-1.657577319,1986
1036,42,95,14800000,he_prod,,-1.769551079,1986
1037,42,96,14800000,he_prod,,-1.920818754,1986
1038,42,97,14800000,he_prod,,-2,1986
1039,42,100,14800000,he_prod,,-2.420216403,1986
1040,39,89,14800000,he_prod,,-2.096910013,1981
1041,40,90,14800000,he_prod,,-1.823908741,1981
1042,42,92,14800000,he_prod,,-1.443697499,1981
1043,42,94,14800000,he_prod,,-1.552841969,1981
1044,42,95,14800000,he_prod,,-1.619788758,1981
1045,42,96,14800000,he_prod,,-1.744727495,1981
1046,26,54,9500000,he_prod,,-1.308034897,1991
1047,26,54,11000000,he_prod,,-1.199970641,1991
1048,26,56,9500000,he_prod,,-1.860120914,1991
1049,26,56,11000000,he_prod,,-1.472370099,1991
1050,29,63,9000000,he_prod,,-1.690369833,1987
1051,29,63,11000000,he_prod,,-1.334419009,1987
1052,29,65,11000000,he_prod,,-2.522878745,1987
1053,28,58,8000000,he_prod,,-1.167491087,1987
1054,28,58,9400000,he_prod,,-1.070581074,1987
1055,28,58,11000000,he_prod,,-1.036212173,1987
1056,28,60,9400000,he_prod,,-1.537602002,1987
1057,28,60,11000000,he_prod,,-1.431798276,1987
1058,50,116,14800000,he_prod,,-2.522878745,1985
1059,50,117,14800000,he_prod,,-2.522878745,1985
1060,50,118,14800000,he_prod,,-2.853871964,1985
1061,50,119,14800000,he_prod,,-2.920818754,1985
1062,50,120,14800000,he_prod,,-3.207608311,1985
1063,50,122,14800000,he_prod,,-3.468521083,1985
1064,50,124,14800000,he_prod,,-3.920818754,1985
1065,82,204,14800000,he_prod,,-2.991399828,1985
1066,82,206,14800000,he_prod,,-3.180456064,1985
1067,82,207,14800000,he_prod,,-3.283996656,1985
1068,82,208,14800000,he_prod,,-3.37675071,1985
1069,26,56,9850000,he_prod,,-1.585026652,1996
1070,28,58,9850000,he_prod,,-1.036212173,1996
1071,28,60,9850000,he_prod,,-1.321481621,1996
1072,28,61,9850000,he_prod,,-1.559090918,1996
1073,26,56,14000000,he_prod,,-1.385102784,1994
1074,26,56,4287000,he_prod,,-3.361510743,1994
1075,26,56,4743000,he_prod,,-3.146301788,1994
1076,26,56,6778000,he_prod,,-2.185419484,1994
1077,26,56,7324000,he_prod,,-2.013049212,1994
1078,26,56,7780000,he_prod,,-1.923869505,1994
1079,26,56,8297000,he_prod,,-1.889915577,1994
1080,26,56,8813000,he_prod,,-1.783069146,1994
1081,26,56,9329000,he_prod,,-1.748045602,1994
1082,26,56,9845000,he_prod,,-1.660151217,1994
1083,26,56,10331000,he_prod,,-1.651948387,1994
1084,26,56,10847000,he_prod,,-1.589340843,1994
1085,26,56,11363000,he_prod,,-1.52651303,1994
1086,26,56,11880000,he_prod,,-1.499118876,1994
1087,26,56,12396000,he_prod,,-1.475149697,1994
1088,26,56,12882000,he_prod,,-1.45414881,1994
1089,26,56,13367000,he_prod,,-1.396649901,1994
1090,26,56,13884000,he_prod,,-1.404162209,1994
1091,26,56,14400000,he_prod,,-1.362120181,1994
1092,26,56,14887000,he_prod,,-1.386232152,1994
1093,26,56,15585000,he_prod,,-1.337903555,1994
1094,26,56,16648000,he_prod,,-1.310034423,1994
1095,26,56,17590000,he_prod,,-1.28270405,1994
1096,26,56,18592000,he_prod,,-1.235831343,1994
1097,26,56,19594000,he_prod,,-1.194465161,1994
1098,25,55,14800000,he_prod,,-1.017728767,1958
1099,27,59,14800000,he_prod,,-1.075720714,1958
1100,30,64,14100000,he_prod,,-0.7746907183,1966
1101,28,58,14100000,he_prod,,-0.8096683018,1965
1102,24,50,14100000,he_prod,,-1.116906641,1981
1103,26,56,14100000,he_prod,,-1.356547324,1984
1104,28,60,14100000,he_prod,,-1.15739076,1984
1105,25,55,14100000,he_prod,,-1.643974143,1986
1106,27,59,14100000,he_prod,,-1.484126156,1986
1107,28,58,4500000,he_prod,,-1.173925197,1994
1108,28,58,5000000,he_prod,,-1.348721986,1994
1109,28,58,6500000,he_prod,,-1.195860568,1994
1110,28,58,6500000,he_prod,,-1.158015195,1994
1111,28,58,7500000,he_prod,,-1.118045029,1994
1112,28,58,8000000,he_prod,,-0.9726503922,1994
1113,28,58,8500000,he_prod,,-1.083546051,1994
1114,28,58,9000000,he_prod,,-1.020451625,1994
1115,28,58,15500000,he_prod,,-0.9340470197,1994
1116,28,58,4510000,he_prod,,-1.607303047,1998
1117,28,58,5050000,he_prod,,-1.372634143,1998
1118,28,58,5210000,he_prod,,-1.317854924,1998
1119,28,58,5390000,he_prod,,-1.270025714,1998
1120,28,58,5840000,he_prod,,-1.235823868,1998
1121,28,58,6220000,he_prod,,-1.120330794,1998
1122,28,58,6510000,he_prod,,-1.102922997,1998
1123,24,50,5100000,he_prod,,-2.835647144,1994
1124,24,50,6200000,he_prod,,-2.162411562,1994
1125,24,50,7600000,he_prod,,-1.725842151,1994
1126,24,50,11500000,he_prod,,-1.16774663,1994
1127,24,50,14100000,he_prod,,-0.9974020193,1994
1128,27,59,14100000,he_prod,,-1.522878745,1999
1129,41,93,14100000,he_prod,,-1.853871964,1999
1130,28,58,5000000,he_prod,,-1.348721986,1998
1131,28,58,6500000,he_prod,,-1.158015195,1998
1132,28,58,7500000,he_prod,,-1.118045029,1998
1133,28,58,8000000,he_prod,,-0.9726503922,1998
1134,28,58,8500000,he_prod,,-1.083546051,1998
1135,28,58,9000000,he_prod,,-1.020451625,1998
1136,28,58,15600000,he_prod,,-0.9340470197,1998
1137,28,58,14700000,he_prod,,-0.7447274949,1973
1138,33,75,14000000,he_prod,,-1.537602002,1962
1139,25,55,14000000,he_prod,,-1.050609993,1962
1140,24,50,14700000,he_prod,,-0.9172146297,1973
1141,24,52,14700000,he_prod,,-1.395773947,1973
1142,24,53,14700000,he_prod,,-1.345823458,1973
1143,24,54,14700000,he_prod,,-1.42945706,1973
1144,26,54,14700000,he_prod,,-0.9995659225,1975
1145,26,56,14700000,he_prod,,-1.28567024,1975
1146,26,57,14700000,he_prod,,-1.378823718,1975
1147,26,58,14700000,he_prod,,-1.537602002,1975
1148,28,58,14700000,he_prod,,-0.8063189705,1975
1149,28,60,14700000,he_prod,,-1.084072788,1975
1150,28,62,14700000,he_prod,,-1.530177984,1975
