row,Z,A,energy_ev,quantity,spectrum,label,year,sub:capture,sub:na,sub:n2n,sub:np
0,69,169,,n2n,u235,-2.494850022,1966,False,False,True,False
1,26,54,,np,cf252,-1.060480747,1974,False,False,False,True
2,28,58,,np,cf252,-0.9788107009,1974,False,False,False,True
3,26,56,,np,cf252,-2.928117993,1974,False,False,False,True
4,27,59,,na,cf252,-3.698970004,1974,False,True,False,False
5,27,59,,np,u235,-3.522878745,1959,False,False,False,True
6,29,63,,na,u235,-3.142667504,1959,False,True,False,False
7,26,54,,np,u235,-1.251811973,1959,False,False,False,True
8,28,58,,np,u235,-0.8538719643,1959,False,False,False,True
9,28,62,,na,u235,-3.853871964,1959,False,True,False,False
10,30,64,,np,u235,-1.455931956,1959,False,False,False,True
11,29,63,,na,u235,-3.149353765,1981,False,True,False,False
12,26,54,,np,cf252,-1.050609993,1982,False,False,False,True
13,28,58,,np,cf252,-0.9172146297,1982,False,False,False,True
14,26,54,,np,u235,-1.102372909,1982,False,False,False,True
15,28,58,,np,u235,-0.9625735021,1982,False,False,False,True
16,28,58,,np,u235,-1.055024092,1971,False,False,False,True
17,26,54,,np,u235,-1.17327748,1971,False,False,False,True
18,26,56,,np,u235,-3.028724151,1971,False,False,False,True
19,53,127,,n2n,u235,-3.077274542,1971,False,False,True,False
20,28,58,,np,cf252,-0.9251835594,1977,False,False,False,True
21,26,54,,np,cf252,-1.045757491,1977,False,False,False,True
22,26,54,,np,u235,-1.164309429,1965,False,False,False,True
23,28,58,,np,u235,-1.022276395,1965,False,False,False,True
24,28,58,,np,u235,-1.185086819,1965,False,False,False,True
25,26,56,,np,u235,-3.008773924,1966,False,False,False,True
26,30,64,,np,u235,-1.552841969,1966,False,False,False,True
27,42,92,,np,u235,-2.214670165,1966,False,False,False,True
28,34,74,,np,u235,-1.790484985,1967,False,False,False,True
29,34,76,,np,u235,-3.769551079,1967,False,False,False,True
30,34,77,,np,u235,-3.420216403,1967,False,False,False,True
31,45,103,,np,u235,-4.031517051,1967,False,False,False,True
32,30,64,,np,u235,-1.449771647,1971,False,False,False,True
33,30,64,,np,u235,-1.427128398,1971,False,False,False,True
34,39,89,,n2n,u235,-3.841637508,1971,False,False,True,False
35,40,90,,n2n,u235,-4.163043263,1971,False,False,True,False
36,81,203,,n2n,u235,-2.617982957,1971,False,False,True,False
37,82,204,,n2n,u235,-2.659555885,1971,False,False,True,False
38,90,232,,n2n,u235,-1.903089987,1971,False,False,True,False
39,92,235,,n2n,u235,-2.389339837,1973,False,False,True,False
40,26,54,,np,cf252,-1.072629637,1975,False,False,False,True
41,26,56,,np,cf252,-2.838631998,1975,False,False,False,True
42,28,58,,np,cf252,-0.9281179927,1975,False,False,False,True
43,30,64,,np,cf252,-1.404503778,1975,False,False,False,True
44,27,59,,na,u235,-3.882728704,1976,False,True,False,False
45,28,58,,n2n,u235,-5.272458743,1976,False,False,True,False
46,29,63,,n2n,u235,-3.935542011,1976,False,False,True,False
47,29,63,,na,u235,-3.315154638,1976,False,True,False,False
48,30,66,,np,u235,-3.272458743,1976,False,False,False,True
49,40,90,,n2n,u235,-3.640164518,1976,False,False,True,False
50,42,92,,na,u235,-4.419075024,1976,False,True,False,False
51,92,238,,n2n,u235,-1.804100348,1976,False,False,True,False
52,30,64,,np,u235,-1.510041521,1976,False,False,False,True
53,29,63,,na,u235,-3.346787486,1964,False,True,False,False
54,26,54,,np,u235,-1.119186408,1964,False,False,False,True
55,26,54,,np,u235,-1.116338565,1970,False,False,False,True
56,26,56,,np,u235,-2.974694135,1970,False,False,False,True
57,27,59,,na,u235,-3.832682665,1970,False,True,False,False
58,28,58,,np,u235,-0.9808837096,1970,False,False,False,True
59,30,64,,np,u235,-1.585026652,1964,False,False,False,True
60,30,67,,np,u235,-2.920818754,1964,False,False,False,True
61,30,64,,np,u235,-1.57024772,1967,False,False,False,True
62,30,66,,np,u235,-3.251811973,1967,False,False,False,True
63,30,67,,np,u235,-3.017728767,1967,False,False,False,True
64,30,68,,np,u235,-4.882728704,1967,False,False,False,True
65,30,68,,na,u235,-4.200659451,1967,False,True,False,False
66,42,95,,np,u235,-3.860120914,1967,False,False,False,True
67,42,98,,na,u235,-4.853871964,1967,False,True,False,False
68,74,182,,np,u235,-5.420216403,1967,False,False,False,True
69,74,183,,np,u235,-5.552841969,1967,False,False,False,True
70,74,184,,na,u235,-6.721246399,1967,False,True,False,False
71,26,54,,np,u235,-1.223298816,1968,False,False,False,True
72,26,54,,na,u235,-3.102372909,1968,False,True,False,False
73,27,59,,np,u235,-2.835647144,1968,False,False,False,True
74,27,59,,na,u235,-3.494850022,1968,False,True,False,False
75,28,58,,n2n,u235,-5.397940009,1968,False,False,True,False
76,28,58,,np,u235,-1.12090412,1968,False,False,False,True
77,28,58,,na,u235,-2.530177984,1968,False,True,False,False
78,39,89,,n2n,u235,-3.657577319,1968,False,False,True,False
79,39,89,,np,u235,-3.508638306,1968,False,False,False,True
80,39,89,,na,u235,-5.698970004,1968,False,True,False,False
81,92,238,,n2n,u235,-1.772113295,1978,False,False,True,False
82,28,58,,n2n,u235,-5.420216403,1978,False,False,True,False
83,90,232,,n2n,u235,-1.906578315,1958,False,False,True,False
84,29,63,,na,u235,-3.356547324,1965,False,True,False,False
85,26,54,,np,u235,-1.102372909,1965,False,False,False,True
86,39,89,,n2n,u235,-3.698970004,1968,False,False,True,False
87,40,94,,na,u235,-5.270025714,1980,False,True,False,False
88,26,54,,np,u235,-1.107348966,1980,False,False,False,True
89,26,54,,np,u235,-1.115204636,1980,False,False,False,True
90,26,54,,np,u235,-1.060480747,1980,False,False,False,True
91,28,58,,np,u235,-0.9244530386,1980,False,False,False,True
92,26,56,,np,u235,-2.991399828,1980,False,False,False,True
93,26,56,,np,u235,-3.001304842,1980,False,False,False,True
94,26,56,,np,u235,-2.844663963,1980,False,False,False,True
95,27,59,,na,u235,-3.844663963,1980,False,True,False,False
96,27,59,,na,u235,-3.663540266,1980,False,True,False,False
97,79,197,,n2n,u235,-2.522878745,1980,False,False,True,False
98,79,197,,n2n,u235,-2.510041521,1980,False,False,True,False
99,79,197,,n2n,u235,-2.279840697,1980,False,False,True,False
100,26,56,,np,u235,-2.982966661,1977,False,False,False,True
101,28,58,,n2n,u235,-5.391473966,1981,False,False,True,False
102,32,70,,n2n,u235,-4.140861703,1981,False,False,True,False
103,40,90,,n2n,u235,-3.981299501,1981,False,False,True,False
104,81,203,,n2n,u235,-2.40560745,1981,False,False,True,False
105,28,58,,na,u235,-2.344861565,1980,False,True,False,False
106,28,62,,na,u235,-4.22184875,1980,False,True,False,False
107,28,60,,np,u235,-2.590066877,1980,False,False,False,True
108,28,61,,np,u235,-2.946921557,1980,False,False,False,True
109,28,58,,n2n,u235,-5.443697499,1980,False,False,True,False
110,27,59,,n2n,u235,-3.643974143,1980,False,False,True,False
111,53,127,,n2n,u235,-2.982966661,1980,False,False,True,False
112,73,181,,np,u235,-5.920818754,1972,False,False,False,True
113,26,54,,np,cf252,-1.057347188,1982,False,False,False,True
114,26,56,,np,cf252,-2.841637508,1982,False,False,False,True
115,28,58,,np,cf252,-0.9262816497,1982,False,False,False,True
116,27,59,,na,cf252,-3.662341109,1982,False,True,False,False
117,30,64,,np,cf252,-1.378408324,1982,False,False,False,True
118,79,197,,n2n,cf252,-2.278436682,1982,False,False,True,False
119,27,59,,np,cf252,-2.774690718,1982,False,False,False,True
120,27,59,,na,cf252,-3.653647026,1982,False,True,False,False
121,27,59,,n2n,cf252,-3.391473966,1982,False,False,True,False
122,28,58,,n2n,cf252,-5.048662481,1982,False,False,True,False
123,29,63,,na,cf252,-3.17327748,1982,False,True,False,False
124,29,63,,n2n,cf252,-3.73754891,1982,False,False,True,False
125,40,90,,n2n,cf252,-3.655607726,1982,False,False,True,False
126,28,60,,np,cf252,-2.621602099,1982,False,False,False,True
127,90,232,,n2n,u235,-1.809668302,1983,False,False,True,False
128,29,65,,n2n,u235,-3.177178355,1984,False,False,True,False
129,30,64,,np,u235,-1.386158178,1984,False,False,False,True
130,53,127,,n2n,u235,-2.684029655,1984,False,False,True,False
131,26,54,,np,u235,-1.09420412,1984,False,False,False,True
132,26,56,,np,u235,-2.962573502,1984,False,False,False,True
133,27,59,,np,u235,-2.850780887,1984,False,False,False,True
134,27,59,,na,u235,-3.793174124,1984,False,True,False,False
135,27,59,,n2n,u235,-3.694648631,1984,False,False,True,False
136,28,58,,n2n,u235,-5.377785977,1984,False,False,True,False
137,40,90,,n2n,u235,-3.987162775,1984,False,False,True,False
138,79,197,,n2n,u235,-2.455931956,1984,False,False,True,False
139,26,54,,np,u235,-1.087777943,1989,False,False,False,True
140,26,56,,np,u235,-2.946921557,1989,False,False,False,True
141,28,58,,np,u235,-0.9746941347,1989,False,False,False,True
142,28,60,,np,u235,-2.659555885,1989,False,False,False,True
143,28,61,,np,u235,-2.876148359,1989,False,False,False,True
144,30,64,,np,u235,-1.53165267,1989,False,False,False,True
145,30,67,,np,u235,-2.995678626,1989,False,False,False,True
146,45,103,,np,u235,-3.924453039,1989,False,False,False,True
147,58,140,,np,u235,-5.381951903,1989,False,False,False,True
148,26,54,,na,u235,-3.065501549,1989,False,True,False,False
149,30,68,,na,u235,-4.112945622,1989,False,True,False,False
150,27,59,,np,u235,-2.8569852,1989,False,False,False,True
151,27,59,,na,u235,-3.769551079,1989,False,True,False,False
152,27,59,,n2n,u235,-3.518557371,1989,False,False,True,False
153,38,84,,np,u235,-2.27083521,1989,False,False,False,True
154,38,86,,np,u235,-3.177831921,1989,False,False,False,True
155,42,96,,np,u235,-4.591760035,1989,False,False,False,True
156,26,54,,np,u235,-1.11577123,1992,False,False,False,True
157,26,56,,np,u235,-2.985479461,1992,False,False,False,True
158,28,58,,np,u235,-0.9788107009,1992,False,False,False,True
159,30,64,,np,u235,-1.499214827,1992,False,False,False,True
160,28,58,,np,u235,-0.9546770212,1984,False,False,False,True
161,28,58,,n2n,u235,-5.302770657,1991,False,False,True,False
162,53,127,,n2n,u235,-3.189095719,1968,False,False,True,False
163,26,54,,np,u235,-1.128427064,1993,False,False,False,True
164,26,56,,np,u235,-2.982966661,1993,False,False,False,True
165,28,58,,np,u235,-0.9956786262,1993,False,False,False,True
166,30,64,,np,u235,-1.4710833,1993,False,False,False,True
167,40,90,,n2n,u235,-4.093126465,1993,False,False,True,False
168,28,60,,np,u235,-2.420216403,1976,False,False,False,True
169,28,58,,np,u235,-0.9507819773,1971,False,False,False,True
170,82,204,,n2n,u235,-2.935542011,1971,False,False,True,False
171,26,54,,np,u235,-1.180456064,1964,False,False,False,True
172,26,56,,np,u235,-3.045757491,1964,False,False,False,True
173,28,58,,np,u235,-0.9788107009,1964,False,False,False,True
174,30,64,,np,u235,-1.568636236,1964,False,False,False,True
175,30,67,,np,u235,-3.045757491,1964,False,False,False,True
176,42,92,,np,u235,-2.207608311,1964,False,False,False,True
177,30,67,,np,u235,-3.055517328,1965,False,False,False,True
178,27,59,,np,u235,-3.301029996,1963,False,False,False,True
179,42,95,,np,u235,-3.107905397,1962,False,False,False,True
180,42,96,,np,u235,-3.619788758,1962,False,False,False,True
181,81,203,,n2n,u235,-2.401756808,1976,False,False,True,False
182,81,203,,n2n,u235,-2.39739748,1976,False,False,True,False
183,81,203,,n2n,u235,-2.391473966,1976,False,False,True,False
184,81,203,,n2n,u235,-2.396855627,1976,False,False,True,False
185,27,59,,n2n,cf252,-3.244125144,1977,False,False,True,False
186,28,58,,np,cf252,-0.9453869454,1977,False,False,False,True
187,29,63,,n2n,cf252,-3.522878745,1977,False,False,True,False
188,30,64,,np,cf252,-1.333482019,1977,False,False,False,True
189,79,197,,n2n,cf252,-2.236572006,1977,False,False,True,False
190,27,59,,np,cf252,-2.707743929,1977,False,False,False,True
191,27,59,,na,cf252,-3.698970004,1977,False,True,False,False
192,40,90,,n2n,cf252,-3.573488739,1977,False,False,True,False
193,42,92,,na,cf252,-3.37675071,1977,False,True,False,False
194,49,113,,n2n,cf252,-2.022276395,1977,False,False,True,False
195,26,54,,np,cf252,-1.033858267,1977,False,False,False,True
196,26,56,,np,cf252,-2.838631998,1977,False,False,False,True
197,38,88,,np,u235,-4.809668302,1977,False,False,False,True
198,30,64,,np,u235,-1.521433504,1978,False,False,False,True
199,26,56,,np,u235,-3.008773924,1978,False,False,False,True
200,30,66,,np,u235,-3.017728767,1976,False,False,False,True
201,30,64,,np,u235,-1.562249437,1976,False,False,False,True
202,30,64,,np,u235,-1.54515514,1976,False,False,False,True
203,38,86,,np,u235,-3.552841969,1981,False,False,False,True
204,38,84,,np,u235,-2.494850022,1981,False,False,False,True
205,30,64,,np,cf252,-1.441291429,1985,False,False,False,True
206,28,58,,np,cf252,-1.022276395,1985,False,False,False,True
207,26,56,,np,cf252,-2.93930216,1985,False,False,False,True
208,26,54,,np,cf252,-1.056505484,1982,False,False,False,True
209,26,56,,np,cf252,-2.853871964,1982,False,False,False,True
210,28,58,,np,cf252,-0.9251835594,1982,False,False,False,True
211,30,64,,np,cf252,-1.384049948,1982,False,False,False,True
212,79,197,,n2n,u235,-2.366531544,1983,False,False,True,False
213,92,238,,n2n,u235,-1.913640169,1983,False,False,True,False
214,42,95,,np,u235,-3.820735536,1983,False,False,False,True
215,42,98,,na,u235,-5.067019178,1983,False,True,False,False
216,54,124,,np,u235,-2.989700043,1985,False,False,False,True
217,54,126,,np,u235,-3.440093375,1985,False,False,False,True
218,54,131,,np,u235,-5.15490196,1985,False,False,False,True
219,54,124,,n2n,u235,-3.673664139,1985,False,False,True,False
220,35,79,,na,u235,-4.739928612,1983,False,True,False,False
221,42,96,,np,u235,-3.657577319,1990,False,False,False,True
222,42,97,,np,u235,-3.958607315,1990,False,False,False,True
223,42,92,,na,u235,-4.677780705,1990,False,True,False,False
224,42,98,,na,u235,-4.853871964,1991,False,True,False,False
225,42,100,,na,u235,-4.958607315,1990,False,True,False,False
226,42,92,,n2n,u235,-3.850780887,1990,False,False,True,False
227,42,95,,np,u235,-3.853871964,1990,False,False,False,True
228,41,93,,na,u235,-4.164309429,1990,False,True,False,False
229,28,58,,np,u235,-0.2596373105,1968,False,False,False,True
230,28,58,,n2n,u235,-5.292429824,1993,False,False,True,False
231,28,61,,np,u235,-2.795880017,1993,False,False,False,True
232,28,62,,na,u235,-4.107905397,1993,False,True,False,False
233,28,58,,n2n,u235,-5.366531544,1992,False,False,True,False
234,53,127,,n2n,u235,-2.910448117,1992,False,False,True,False
235,29,63,,na,u235,-3.266802735,1992,False,True,False,False
236,42,98,,na,u235,-5.023650021,1994,False,True,False,False
237,42,95,,np,u235,-3.759450752,1994,False,False,False,True
238,53,127,,n2n,u235,-2.888737486,1994,False,False,True,False
239,26,56,,np,u235,-2.942333896,1994,False,False,False,True
240,28,58,,n2n,u235,-5.327902142,1994,False,False,True,False
241,40,90,,n2n,u235,-3.978810701,1994,False,False,True,False
242,26,54,,na,u235,-3.060980224,1997,False,True,False,False
243,26,54,,na,u235,-3.059483515,1997,False,True,False,False
244,28,61,,np,u235,-2.787279846,2001,False,False,False,True
245,28,58,,n2n,u235,-5.326058001,2001,False,False,True,False
246,32,70,,np,u235,-2.508638306,1996,False,False,False,True
247,32,74,,np,u235,-5.027797162,1996,False,False,False,True
248,30,64,,np,u235,-1.427128398,2005,False,False,False,True
249,30,64,,n2n,u235,-4.630784143,2005,False,False,True,False
250,30,66,,np,u235,-3.110698297,2005,False,False,False,True
251,30,68,,na,u235,-4.283162277,2005,False,True,False,False
252,44,96,,np,u235,-2.075720714,2005,False,False,False,True
253,66,156,,na,u235,-3.920818754,2005,False,True,False,False
254,63,151,,n2n,u235,-1.91721463,2002,False,False,True,False
255,50,112,,n2n,u235,-3.920818754,1996,False,False,True,False
256,52,124,,np,u235,-4.22184875,1996,False,False,False,True
257,52,126,,np,u235,-4.823908741,1996,False,False,False,True
258,44,96,,np,u235,-2.075720714,1999,False,False,False,True
259,44,96,,n2n,u235,-3.508638306,1999,False,False,True,False
260,44,102,,na,u235,-4.22184875,1999,False,True,False,False
261,66,156,,na,u235,-3.920818754,2002,False,True,False,False
262,66,156,,n2n,u235,-3.251811973,2002,False,False,True,False
263,66,161,,np,u235,-4.508638306,2002,False,False,False,True
264,66,162,,na,u235,-5.920818754,2002,False,True,False,False
265,48,106,,na,u235,-2.640164518,2006,False,True,False,False
266,48,112,,np,u235,-4.804100348,2006,False,False,False,True
267,48,113,,np,u235,-3.991399828,2006,False,False,False,True
268,48,114,,na,u235,-6.769551079,2006,False,True,False,False
269,30,64,,np,u235,-1.459420283,2006,False,False,False,True
270,30,67,,np,u235,-2.863279433,2006,False,False,False,True
271,30,68,,na,u235,-4.173925197,2006,False,True,False,False
272,30,64,,n2n,u235,-4.292429824,2006,False,False,True,False
273,40,92,,na,u235,-4.494850022,2006,False,True,False,False
274,40,94,,na,u235,-4.698970004,2006,False,True,False,False
275,33,75,,n2n,u235,-3.43062609,2006,False,False,True,False
276,30,68,,np,u235,-4.727462223,2007,False,False,False,True
277,42,95,,np,u235,-3.88941029,2010,False,False,False,True
278,42,92,,na,u235,-4.32330639,2010,False,True,False,False
279,40,90,,n2n,u235,-3.955068454,2010,False,False,True,False
280,28,60,,np,u235,-2.612610174,2010,False,False,False,True
281,33,75,,n2n,u235,-3.494171966,2017,False,False,True,False
282,40,90,,n2n,u235,-3.970210529,2017,False,False,True,False
283,39,89,,n2n,u235,-3.767512134,2017,False,False,True,False
284,39,89,,n2n,u235,-3.772113295,2018,False,False,True,False
285,39,89,,n2n,cf252,-3.467372999,2018,False,False,True,False
286,26,54,,na,cf252,-2.998699067,2018,False,True,False,False
287,26,54,,np,cf252,-1.103914915,2018,False,False,False,True
288,27,59,,n2n,cf252,-3.376854125,2019,False,False,True,False
289,79,197,,n2n,cf252,-2.261711075,2019,False,False,True,False
290,39,89,,n2n,cf252,-3.455188088,2019,False,False,True,False
291,27,59,,np,cf252,-2.740884156,2019,False,False,False,True
292,69,169,,n2n,cf252,-2.196713631,2019,False,False,True,False
293,28,58,,np,cf252,-0.9314431049,2020,False,False,False,True
294,28,58,,n2n,cf252,-5.077067043,2020,False,False,True,False
295,28,60,,np,cf252,-2.564314862,2020,False,False,False,True
296,29,63,,na,cf252,-3.165388579,2020,False,True,False,False
297,79,197,,n2n,u235,-2.496209317,2020,False,False,True,False
298,79,197,,n2n,u235,-2.496209317,2020,False,False,True,False
299,26,54,,np,u235,-1.127261173,2020,False,False,False,True
300,71,175,,n2n,cf252,-2.153662888,2022,False,False,True,False
301,71,175,,np,cf252,-4.166852888,2022,False,False,False,True
302,74,183,,np,cf252,-5.420216403,2017,False,False,False,True
303,74,184,,np,cf252,-4.946921557,2017,False,False,False,True
304,28,61,,np,u235,-2.730487056,1976,False,False,False,True
305,30,64,,n2n,u235,-4.420216403,1976,False,False,True,False
306,30,67,,np,u235,-3.036212173,1976,False,False,False,True
307,39,89,,n2n,u235,-3.853871964,1976,False,False,True,False
308,40,90,,n2n,u235,-4.080921908,1976,False,False,True,False
309,59,141,,np,u235,-4.397940009,1976,False,False,False,True
310,69,169,,n2n,u235,-2.525783736,1976,False,False,True,False
311,79,197,,n2n,u235,-2.560667306,1976,False,False,True,False
312,82,204,,n2n,u235,-2.562249437,1976,False,False,True,False
313,28,58,,np,u235,-0.9956786262,1983,False,False,False,True
314,26,54,,np,u235,-1.105130343,1983,False,False,False,True
315,26,56,,np,u235,-2.974694135,1983,False,False,False,True
316,26,54,,np,u235,-1.068033885,1987,False,False,False,True
317,26,56,,np,u235,-2.920818754,1987,False,False,False,True
318,26,54,,na,u235,-3.070581074,1987,False,True,False,False
319,28,58,,np,u235,-0.9858996785,1987,False,False,False,True
320,92,238,,n2n,cf252,-1.716698771,1988,False,False,True,False
321,30,64,,np,u235,-1.463441557,1989,False,False,False,True
322,39,89,,n2n,u235,-3.747146969,1991,False,False,True,False
323,39,89,,n2n,u235,-3.782516056,1991,False,False,True,False
324,39,89,,n2n,u235,-3.581698709,2023,False,False,True,False
325,26,54,,np,u235,-1.083546051,2023,False,False,False,True
326,79,197,,capture,u235,-1.097453221,1975,True,False,False,False
327,90,232,,capture,u235,-1.056505484,1975,True,False,False,False
328,27,59,,capture,u235,-2.036212173,1949,True,False,False,False
329,28,64,,capture,u235,-2.173925197,1949,True,False,False,False
330,29,63,,capture,u235,-2.050609993,1949,True,False,False,False
331,29,65,,capture,u235,-2.22184875,1949,True,False,False,False
332,31,69,,capture,u235,-1.643974143,1949,True,False,False,False
333,33,75,,capture,u235,-1.638272164,1949,True,False,False,False
334,35,81,,capture,u235,-1.769551079,1949,True,False,False,False
335,41,93,,capture,u235,-1.283996656,1949,True,False,False,False
336,42,98,,capture,u235,-1.494850022,1949,True,False,False,False
337,42,100,,capture,u235,-1.823908741,1949,True,False,False,False
338,47,107,,capture,u235,-0.896196279,1949,True,False,False,False
339,49,115,,capture,u235,-0.7447274949,1949,True,False,False,False
340,51,121,,capture,u235,-1.045757491,1949,True,False,False,False
341,53,127,,capture,u235,-0.9706162223,1949,True,False,False,False
342,56,138,,capture,u235,-2.585026652,1949,True,False,False,False
343,74,186,,capture,u235,-1.180456064,1949,True,False,False,False
344,78,198,,capture,u235,-1.229147988,1949,True,False,False,False
345,79,197,,capture,u235,-0.9172146297,1949,True,False,False,False
346,82,208,,capture,u235,-2.744727495,1949,True,False,False,False
347,37,85,,capture,u235,-1.63638802,1950,True,False,False,False
348,36,86,,capture,u235,-2.619788758,1950,True,False,False,False
349,37,87,,capture,u235,-2.744727495,1950,True,False,False,False
350,39,89,,capture,u235,-2.15490196,1950,True,False,False,False
351,38,88,,capture,u235,-2.677780705,1950,True,False,False,False
352,54,136,,capture,u235,-3,1950,True,False,False,False
353,79,197,,capture,u235,-0.920818754,1971,True,False,False,False
354,29,63,,capture,u235,-1.850780887,1971,True,False,False,False
355,49,115,,capture,u235,-0.7772835289,1971,True,False,False,False
356,27,59,,capture,u235,-1.958607315,1953,True,False,False,False
357,28,64,,capture,u235,-2.292429824,1953,True,False,False,False
358,29,63,,capture,u235,-1.943095149,1953,True,False,False,False
359,29,65,,capture,u235,-2.22184875,1953,True,False,False,False
360,31,69,,capture,u235,-1.679853714,1953,True,False,False,False
361,32,74,,capture,u235,-1.920818754,1953,True,False,False,False
362,33,75,,capture,u235,-1.647817482,1953,True,False,False,False
363,35,81,,capture,u235,-1.769551079,1953,True,False,False,False
364,42,98,,capture,u235,-1.982966661,1953,True,False,False,False
365,42,100,,capture,u235,-1.910094889,1953,True,False,False,False
366,44,102,,capture,u235,-1.522878745,1953,True,False,False,False
367,44,104,,capture,u235,-1.508638306,1953,True,False,False,False
368,46,108,,capture,u235,-0.9665762445,1953,True,False,False,False
369,47,107,,capture,u235,-1.070581074,1953,True,False,False,False
370,47,109,,capture,u235,-0.7495799977,1953,True,False,False,False
371,49,115,,capture,u235,-0.779891912,1953,True,False,False,False
372,51,121,,capture,u235,-1.045757491,1953,True,False,False,False
373,53,127,,capture,u235,-0.9788107009,1953,True,False,False,False
374,56,138,,capture,u235,-2.638272164,1953,True,False,False,False
375,74,186,,capture,u235,-1.148741651,1953,True,False,False,False
376,75,187,,capture,u235,-0.7825160558,1953,True,False,False,False
377,78,198,,capture,u235,-1.193820026,1953,True,False,False,False
378,79,197,,capture,u235,-0.920818754,1953,True,False,False,False
379,82,208,,capture,u235,-2.698970004,1953,True,False,False,False
380,49,115,,capture,u235,-0.9136401693,1967,True,False,False,False
381,79,197,,capture,u235,-1.13076828,1967,True,False,False,False
382,29,63,,capture,u235,-1.966576245,1968,True,False,False,False
383,42,98,,capture,u235,-1.698970004,1968,True,False,False,False
384,92,238,,capture,u235,-1.070581074,1968,True,False,False,False
385,49,115,,capture,cf252,-0.9062282185,1979,True,False,False,False
386,29,63,,capture,cf252,-1.983384452,1982,True,False,False,False
387,79,197,,capture,cf252,-0.9586073148,1977,True,False,False,False
388,27,59,,capture,cf252,-2.156767222,1977,True,False,False,False
389,29,65,,capture,cf252,-2.096910013,1977,True,False,False,False
390,40,94,,capture,cf252,-2.057991947,1977,True,False,False,False
391,40,96,,capture,cf252,-2.379863945,1977,True,False,False,False
392,42,100,,capture,cf252,-1.828273546,1977,True,False,False,False
393,48,116,,capture,cf252,-1.420216403,1975,True,False,False,False
394,56,138,,capture,cf252,-2.420216403,1975,True,False,False,False
395,33,75,,capture,cf252,-1.585026652,1977,True,False,False,False
396,79,197,,capture,cf252,-1.107905397,1985,True,False,False,False
397,56,138,,capture,cf252,-2.886056648,1985,True,False,False,False
398,79,197,,capture,cf252,-1.113509275,1982,True,False,False,False
399,79,197,,capture,u235,-0.8538719643,1971,True,False,False,False
