row,Z,A,energy_ev,quantity,spectrum,label,freeze_year,pub_year,compiled_year,entry,sub:capture,sub:n2n,sub:np,sub:na,sub:total,sub:elastic,sub:inelastic,sub:< 10 keV,sub:10-100 keV,sub:0.1-1 MeV,sub:1-10 MeV,sub:> 10 MeV,sub:E >= 100 keV (DATEDEXAM post-hoc subset)
0,6,12,14100000,elastic,,-0.1023729087,2024,2025,2025,41788,False,False,False,False,False,True,False,False,False,False,False,True,True
1,7,14,104396.7987,total,,0.6104496222,2024,2025,2025,23672,False,False,False,False,True,False,False,False,False,True,False,False,True
2,7,14,114621.1463,total,,0.6003808872,2024,2025,2025,23672,False,False,False,False,True,False,False,False,False,True,False,False,True
3,7,14,126697.5941,total,,0.5951260423,2024,2025,2025,23672,False,False,False,False,True,False,False,False,False,True,False,False,True
4,7,14,140051.256,total,,0.5831944228,2024,2025,2025,23672,False,False,False,False,True,False,False,False,False,True,False,False,True
5,7,14,154776.5706,total,,0.5729699738,2024,2025,2025,23672,False,False,False,False,True,False,False,False,False,True,False,False,True
6,7,14,171014.6206,total,,0.5615908244,2024,2025,2025,23672,False,False,False,False,True,False,False,False,False,True,False,False,True
7,7,14,188986.9441,total,,0.5499053639,2024,2025,2025,23672,False,False,False,False,True,False,False,False,False,True,False,False,True
8,7,14,208905.044,total,,0.534529708,2024,2025,2025,23672,False,False,False,False,True,False,False,False,False,True,False,False,True
9,7,14,230846.3359,total,,0.5205105217,2024,2025,2025,23672,False,False,False,False,True,False,False,False,False,True,False,False,True
10,7,14,255128.7423,total,,0.5106051153,2024,2025,2025,23672,False,False,False,False,True,False,False,False,False,True,False,False,True
11,7,14,282049.6416,total,,0.4942185509,2024,2025,2025,23672,False,False,False,False,True,False,False,False,False,True,False,False,True
12,7,14,311701.4988,total,,0.4765943689,2024,2025,2025,23672,False,False,False,False,True,False,False,False,False,True,False,False,True
13,7,14,344394.1687,total,,0.460610709,2024,2025,2025,23672,False,False,False,False,True,False,False,False,False,True,False,False,True
14,7,14,380497.9112,total,,0.4426410468,2024,2025,2025,23672,False,False,False,False,True,False,False,False,False,True,False,False,True
15,7,14,420464.03,total,,0.5249239237,2024,2025,2025,23672,False,False,False,False,True,False,False,False,False,True,False,False,True
16,7,14,464849.7533,total,,0.4073671069,2024,2025,2025,23672,False,False,False,False,True,False,False,False,False,True,False,False,True
17,7,14,513773.3106,total,,0.3766474816,2024,2025,2025,23672,False,False,False,False,True,False,False,False,False,True,False,False,True
18,7,14,567848.3628,total,,0.3063791393,2024,2025,2025,23672,False,False,False,False,True,False,False,False,False,True,False,False,True
19,7,14,627820.7943,total,,0.2858936021,2024,2025,2025,23672,False,False,False,False,True,False,False,False,False,True,False,False,True
20,7,14,693763.2074,total,,0.3674474132,2024,2025,2025,23672,False,False,False,False,True,False,False,False,False,True,False,False,True
21,7,14,766476.1621,total,,0.3003226503,2024,2025,2025,23672,False,False,False,False,True,False,False,False,False,True,False,False,True
22,7,14,846997.764,total,,0.2264352876,2024,2025,2025,23672,False,False,False,False,True,False,False,False,False,True,False,False,True
23,7,14,935952.6614,total,,0.09195511289,2024,2025,2025,23672,False,False,False,False,True,False,False,False,False,True,False,False,True
24,7,14,1033959.642,total,,0.3429218638,2024,2025,2025,23672,False,False,False,False,True,False,False,False,False,False,True,False,True
25,7,14,1143449.648,total,,0.308710629,2024,2025,2025,23672,False,False,False,False,True,False,False,False,False,False,True,False,True
26,7,14,1264615.328,total,,0.2156120571,2024,2025,2025,23672,False,False,False,False,True,False,False,False,False,False,True,False,True
27,7,14,1397100.685,total,,0.4017839855,2024,2025,2025,23672,False,False,False,False,True,False,False,False,False,False,True,False,True
28,7,14,1544071.526,total,,0.3361894666,2024,2025,2025,23672,False,False,False,False,True,False,False,False,False,False,True,False,True
29,7,14,1706818.172,total,,0.3237225818,2024,2025,2025,23672,False,False,False,False,True,False,False,False,False,False,True,False,True
30,7,14,1886626.092,total,,0.2570691039,2024,2025,2025,23672,False,False,False,False,True,False,False,False,False,False,True,False,True
31,7,14,2084654.298,total,,0.1915113501,2024,2025,2025,23672,False,False,False,False,True,False,False,False,False,False,True,False,True
32,7,14,2301986.145,total,,0.2048825595,2024,2025,2025,23672,False,False,False,False,True,False,False,False,False,False,True,False,True
33,7,14,2542510.657,total,,0.1617983395,2024,2025,2025,23672,False,False,False,False,True,False,False,False,False,False,True,False,True
34,7,14,2828566.056,total,,0.1698854128,2024,2025,2025,23672,False,False,False,False,True,False,False,False,False,False,True,False,True
35,7,14,3109173.937,total,,0.2385478877,2024,2025,2025,23672,False,False,False,False,True,False,False,False,False,False,True,False,True
36,7,14,3436510.915,total,,0.227584833,2024,2025,2025,23672,False,False,False,False,True,False,False,False,False,False,True,False,True
37,7,14,3801063.604,total,,0.2529537444,2024,2025,2025,23672,False,False,False,False,True,False,False,False,False,False,True,False,True
38,7,14,4199988.111,total,,0.3203419728,2024,2025,2025,23672,False,False,False,False,True,False,False,False,False,False,True,False,True
39,7,14,4641917.84,total,,0.1605365563,2024,2025,2025,23672,False,False,False,False,True,False,False,False,False,False,True,False,True
40,7,14,5130244.941,total,,0.1344958558,2024,2025,2025,23672,False,False,False,False,True,False,False,False,False,False,True,False,True
41,7,14,5668437.19,total,,0.1568877685,2024,2025,2025,23672,False,False,False,False,True,False,False,False,False,False,True,False,True
42,7,14,6259321.057,total,,0.1545018774,2024,2025,2025,23672,False,False,False,False,True,False,False,False,False,False,True,False,True
43,7,14,6919696.361,total,,0.1134366026,2024,2025,2025,23672,False,False,False,False,True,False,False,False,False,False,True,False,True
44,7,14,7657307.933,total,,0.1919234242,2024,2025,2025,23672,False,False,False,False,True,False,False,False,False,False,True,False,True
45,7,14,8462077.319,total,,0.1084773811,2024,2025,2025,23672,False,False,False,False,True,False,False,False,False,False,True,False,True
46,7,14,9356381.87,total,,0.1122058851,2024,2025,2025,23672,False,False,False,False,True,False,False,False,False,False,True,False,True
47,7,14,10322509.19,total,,0.1484256671,2024,2025,2025,23672,False,False,False,False,True,False,False,False,False,False,False,True,True
48,7,14,11387338.34,total,,0.1519501778,2024,2025,2025,23672,False,False,False,False,True,False,False,False,False,False,False,True,True
49,9,19,117692.1433,inelastic,,-0.7817375807,2024,2025,2025,23674,False,False,False,False,False,False,True,False,False,True,False,False,True
50,9,19,126732.1019,inelastic,,-0.5232625973,2024,2025,2025,23674,False,False,False,False,False,False,True,False,False,True,False,False,True
51,9,19,140103.2377,inelastic,,-0.4965332998,2024,2025,2025,23674,False,False,False,False,False,False,True,False,False,True,False,False,True
52,9,19,155055.305,inelastic,,-0.490212314,2024,2025,2025,23674,False,False,False,False,False,False,True,False,False,True,False,False,True
53,9,19,171030.2217,inelastic,,-0.4075641165,2024,2025,2025,23674,False,False,False,False,False,False,True,False,False,True,False,False,True
54,9,19,188745.2015,inelastic,,-0.2349783911,2024,2025,2025,23674,False,False,False,False,False,False,True,False,False,True,False,False,True
55,9,19,208852.9255,inelastic,,0.002426005036,2024,2025,2025,23674,False,False,False,False,False,False,True,False,False,True,False,False,True
56,9,19,231174.9137,inelastic,,0.2106250669,2024,2025,2025,23674,False,False,False,False,False,False,True,False,False,True,False,False,True
57,9,19,255214.5375,inelastic,,0.3128394164,2024,2025,2025,23674,False,False,False,False,False,False,True,False,False,True,False,False,True
58,9,19,281635.8079,inelastic,,0.1771716131,2024,2025,2025,23674,False,False,False,False,False,False,True,False,False,True,False,False,True
59,9,19,311455.3671,inelastic,,-0.1042248182,2024,2025,2025,23674,False,False,False,False,False,False,True,False,False,True,False,False,True
60,9,19,344131.233,inelastic,,-0.002342266339,2024,2025,2025,23674,False,False,False,False,False,False,True,False,False,True,False,False,True
61,9,19,380998.0293,inelastic,,0.1918560553,2024,2025,2025,23674,False,False,False,False,False,False,True,False,False,True,False,False,True
62,9,19,421195.0179,inelastic,,0.1104764327,2024,2025,2025,23674,False,False,False,False,False,False,True,False,False,True,False,False,True
63,9,19,464767.6487,inelastic,,-0.0398023818,2024,2025,2025,23674,False,False,False,False,False,False,True,False,False,True,False,False,True
64,9,19,513504.2481,inelastic,,-0.1476332868,2024,2025,2025,23674,False,False,False,False,False,False,True,False,False,True,False,False,True
65,9,19,568079.7955,inelastic,,-0.2578631866,2024,2025,2025,23674,False,False,False,False,False,False,True,False,False,True,False,False,True
66,9,19,629176.1597,inelastic,,-0.3047180778,2024,2025,2025,23674,False,False,False,False,False,False,True,False,False,True,False,False,True
67,9,19,694528.913,inelastic,,-0.2295085556,2024,2025,2025,23674,False,False,False,False,False,False,True,False,False,True,False,False,True
68,9,19,767088.922,inelastic,,-0.09601441509,2024,2025,2025,23674,False,False,False,False,False,False,True,False,False,True,False,False,True
69,9,19,847473.9963,inelastic,,-0.1093076459,2024,2025,2025,23674,False,False,False,False,False,False,True,False,False,True,False,False,True
70,9,19,936426.7039,inelastic,,-0.1572651701,2024,2025,2025,23674,False,False,False,False,False,False,True,False,False,True,False,False,True
71,9,19,1034531.509,inelastic,,-0.1851234733,2024,2025,2025,23674,False,False,False,False,False,False,True,False,False,False,True,False,True
72,9,19,1142478.631,inelastic,,-0.05245818089,2024,2025,2025,23674,False,False,False,False,False,False,True,False,False,False,True,False,True
73,9,19,1260677.997,inelastic,,-0.1114664869,2024,2025,2025,23674,False,False,False,False,False,False,True,False,False,False,True,False,True
74,9,19,1389594.985,inelastic,,-0.2544390474,2024,2025,2025,23674,False,False,False,False,False,False,True,False,False,False,True,False,True
75,9,19,1539367.12,inelastic,,-0.03325876796,2024,2025,2025,23674,False,False,False,False,False,False,True,False,False,False,True,False,True
76,9,19,1702831.867,inelastic,,-0.2196464724,2024,2025,2025,23674,False,False,False,False,False,False,True,False,False,False,True,False,True
77,9,19,1880210.636,inelastic,,-0.1162054178,2024,2025,2025,23674,False,False,False,False,False,False,True,False,False,False,True,False,True
78,9,19,2086859.437,inelastic,,-0.0872576183,2024,2025,2025,23674,False,False,False,False,False,False,True,False,False,False,True,False,True
79,9,19,2310723.626,inelastic,,-0.06467036772,2024,2025,2025,23674,False,False,False,False,False,False,True,False,False,False,True,False,True
80,9,19,2551165.336,inelastic,,-0.06730635331,2024,2025,2025,23674,False,False,False,False,False,False,True,False,False,False,True,False,True
81,9,19,2805986.542,inelastic,,-0.121632188,2024,2025,2025,23674,False,False,False,False,False,False,True,False,False,False,True,False,True
82,9,19,3101534.93,inelastic,,-0.122905024,2024,2025,2025,23674,False,False,False,False,False,False,True,False,False,False,True,False,True
83,9,19,3445872.286,inelastic,,-0.08783121027,2024,2025,2025,23674,False,False,False,False,False,False,True,False,False,False,True,False,True
84,9,19,3811635.07,inelastic,,-0.1518398369,2024,2025,2025,23674,False,False,False,False,False,False,True,False,False,False,True,False,True
85,9,19,4192759.447,inelastic,,-0.1491045305,2024,2025,2025,23674,False,False,False,False,False,False,True,False,False,False,True,False,True
86,9,19,4635075.898,inelastic,,-0.1783240509,2024,2025,2025,23674,False,False,False,False,False,False,True,False,False,False,True,False,True
87,9,19,5150410.09,inelastic,,-0.180021987,2024,2025,2025,23674,False,False,False,False,False,False,True,False,False,False,True,False,True
88,9,19,5685010.34,inelastic,,-0.2261148629,2024,2025,2025,23674,False,False,False,False,False,False,True,False,False,False,True,False,True
89,9,19,6307703.815,inelastic,,-0.337052442,2024,2025,2025,23674,False,False,False,False,False,False,True,False,False,False,True,False,True
90,9,19,6940036.708,inelastic,,-0.3817084875,2024,2025,2025,23674,False,False,False,False,False,False,True,False,False,False,True,False,True
91,9,19,7674758.599,inelastic,,-0.4583861262,2024,2025,2025,23674,False,False,False,False,False,False,True,False,False,False,True,False,True
92,9,19,8530932.959,inelastic,,-0.5217640402,2024,2025,2025,23674,False,False,False,False,False,False,True,False,False,False,True,False,True
93,9,19,9385993.301,inelastic,,-0.622025091,2024,2025,2025,23674,False,False,False,False,False,False,True,False,False,False,True,False,True
94,9,19,10377156.98,inelastic,,-0.7219464056,2024,2025,2025,23674,False,False,False,False,False,False,True,False,False,False,False,True,True
95,9,19,11535153.04,inelastic,,-0.8490185424,2024,2025,2025,23674,False,False,False,False,False,False,True,False,False,False,False,True,True
96,9,19,12654018.56,inelastic,,-0.9770502112,2024,2025,2025,23674,False,False,False,False,False,False,True,False,False,False,False,True,True
97,9,19,13949890.29,inelastic,,-1.033229426,2024,2025,2025,23674,False,False,False,False,False,False,True,False,False,False,False,True,True
98,9,19,15451782.49,inelastic,,-1.233584178,2024,2025,2025,23674,False,False,False,False,False,False,True,False,False,False,False,True,True
99,9,19,16839333.41,inelastic,,-1.273971646,2024,2025,2025,23674,False,False,False,False,False,False,True,False,False,False,False,True,True
100,9,19,18005300,inelastic,,-1.353737467,2024,2025,2025,23674,False,False,False,False,False,False,True,False,False,False,False,True,True
101,24,52,5360000,inelastic,,0.1319873694,2024,2025,2025,32930,False,False,False,False,False,False,True,False,False,False,True,False,True
102,24,52,5990000,inelastic,,0.1625255752,2024,2025,2025,32930,False,False,False,False,False,False,True,False,False,False,True,False,True
103,24,52,7690000,inelastic,,0.1093118818,2024,2025,2025,32930,False,False,False,False,False,False,True,False,False,False,True,False,True
104,26,56,2595719.429,elastic,,0.4304244586,2024,2025,2025,23673,False,False,False,False,False,True,False,False,False,False,True,False,True
105,26,56,2797812.367,elastic,,0.3899571385,2024,2025,2025,23673,False,False,False,False,False,True,False,False,False,False,True,False,True
106,26,56,3105522.457,elastic,,0.3764005271,2024,2025,2025,23673,False,False,False,False,False,True,False,False,False,False,True,False,True
107,26,56,3434278.9,elastic,,0.3448675758,2024,2025,2025,23673,False,False,False,False,False,True,False,False,False,False,True,False,True
108,26,56,3781060.557,elastic,,0.3573248827,2024,2025,2025,23673,False,False,False,False,False,True,False,False,False,False,True,False,True
109,26,56,4183259.819,elastic,,0.3677508934,2024,2025,2025,23673,False,False,False,False,False,True,False,False,False,False,True,False,True
110,26,56,4653430.898,elastic,,0.3672813576,2024,2025,2025,23673,False,False,False,False,False,True,False,False,False,False,True,False,True
111,26,56,5147506.824,elastic,,0.3570482104,2024,2025,2025,23673,False,False,False,False,False,True,False,False,False,False,True,False,True
112,26,56,5656600.842,elastic,,0.3431426178,2024,2025,2025,23673,False,False,False,False,False,True,False,False,False,False,True,False,True
113,26,56,6245409.148,elastic,,0.3306065248,2024,2025,2025,23673,False,False,False,False,False,True,False,False,False,False,True,False,True
114,26,56,6931548.123,elastic,,0.3210648132,2024,2025,2025,23673,False,False,False,False,False,True,False,False,False,False,True,False,True
115,26,56,7628660.965,elastic,,0.3035416269,2024,2025,2025,23673,False,False,False,False,False,True,False,False,False,False,True,False,True
116,30,68,6350000,na,,-2.939551478,2024,2025,2026,14862,False,False,False,True,False,False,False,False,False,False,True,False,True
117,30,68,6850000,na,,-2.795711761,2024,2025,2026,14862,False,False,False,True,False,False,False,False,False,False,True,False,True
118,30,68,7595887.045,na,,-2.539878269,2024,2025,2026,14862,False,False,False,True,False,False,False,False,False,False,True,False,True
119,30,68,8596365.511,na,,-2.369882446,2024,2025,2026,14862,False,False,False,True,False,False,False,False,False,False,True,False,True
120,30,68,9350000,na,,-2.306882722,2024,2025,2026,14862,False,False,False,True,False,False,False,False,False,False,True,False,True
121,30,68,10341942.2,na,,-2.234342371,2024,2025,2026,14862,False,False,False,True,False,False,False,False,False,False,False,True,True
122,30,68,11597305.72,na,,-2.056699674,2024,2025,2026,14862,False,False,False,True,False,False,False,False,False,False,False,True,True
123,30,68,12597519.6,na,,-1.971224457,2024,2025,2026,14862,False,False,False,True,False,False,False,False,False,False,False,True,True
124,30,68,6850000,np,,-2.938852992,2024,2025,2026,14862,False,False,True,False,False,False,False,False,False,False,True,False,True
125,30,68,7595887.045,np,,-2.440924474,2024,2025,2026,14862,False,False,True,False,False,False,False,False,False,False,True,False,True
126,30,68,8596365.511,np,,-2.166707829,2024,2025,2026,14862,False,False,True,False,False,False,False,False,False,False,True,False,True
127,30,68,9350000,np,,-1.989551628,2024,2025,2026,14862,False,False,True,False,False,False,False,False,False,False,True,False,True
128,30,68,10341942.2,np,,-1.883058142,2024,2025,2026,14862,False,False,True,False,False,False,False,False,False,False,False,True,True
129,30,68,11597305.72,np,,-1.671976338,2024,2025,2026,14862,False,False,True,False,False,False,False,False,False,False,False,True,True
130,30,68,12350000,np,,-1.834307659,2024,2025,2026,14862,False,False,True,False,False,False,False,False,False,False,False,True,True
131,33,75,14100000,n2n,,-0.01322826573,2024,2026,2026,14866,False,True,False,False,False,False,False,False,False,False,False,True,True
132,33,75,14100000,n2n,,-0.01682492796,2024,2026,2026,14866,False,True,False,False,False,False,False,False,False,False,False,True,True
133,33,75,14100000,n2n,,-0.03763066433,2024,2026,2026,14866,False,True,False,False,False,False,False,False,False,False,False,True,True
134,51,121,1660000,capture,,-1.126377183,2024,2025,2026,33221,True,False,False,False,False,False,False,False,False,False,True,False,True
135,51,121,2650000,capture,,-1.326822369,2024,2025,2026,33221,True,False,False,False,False,False,False,False,False,False,True,False,True
136,51,121,3050000,capture,,-1.324459944,2024,2025,2026,33221,True,False,False,False,False,False,False,False,False,False,True,False,True
137,53,127,51500,capture,,-0.2125395255,2024,2026,2025,23622,True,False,False,False,False,False,False,False,True,False,False,False,False
138,53,127,127700,capture,,-0.54668166,2024,2026,2025,23622,True,False,False,False,False,False,False,False,False,True,False,False,True
139,53,129,51500,capture,,-0.5559552041,2024,2026,2025,23622,True,False,False,False,False,False,False,False,True,False,False,False,False
140,53,129,127700,capture,,-0.8507808873,2024,2026,2025,23622,True,False,False,False,False,False,False,False,False,True,False,False,True
141,69,169,1047.133389,capture,,0.8842106264,2024,2025,2025,14855,True,False,False,False,False,False,False,True,False,False,False,False,False
142,69,169,1153.465168,capture,,0.8311708755,2024,2025,2025,14855,True,False,False,False,False,False,False,True,False,False,False,False,False
143,69,169,1276.467657,capture,,0.7862324361,2024,2025,2025,14855,True,False,False,False,False,False,False,True,False,False,False,False,False
144,69,169,1412.564907,capture,,0.9943651516,2024,2025,2025,14855,True,False,False,False,False,False,False,True,False,False,False,False,False
145,69,169,1555.975429,capture,,0.7551779017,2024,2025,2025,14855,True,False,False,False,False,False,False,True,False,False,False,False,False
146,69,169,1713.981958,capture,,0.7048085602,2024,2025,2025,14855,True,False,False,False,False,False,False,True,False,False,False,False,False
147,69,169,1896.722612,capture,,0.6771687877,2024,2025,2025,14855,True,False,False,False,False,False,False,True,False,False,False,False,False
148,69,169,2098.973224,capture,,0.7961597708,2024,2025,2025,14855,True,False,False,False,False,False,False,True,False,False,False,False,False
149,69,169,2322.760426,capture,,0.619803603,2024,2025,2025,14855,True,False,False,False,False,False,False,True,False,False,False,False,False
150,69,169,2570.418406,capture,,0.672737488,2024,2025,2025,14855,True,False,False,False,False,False,False,True,False,False,False,False,False
151,69,169,2844.493841,capture,,0.7287543142,2024,2025,2025,14855,True,False,False,False,False,False,False,True,False,False,False,False,False
152,69,169,3133.313278,capture,,0.5610274041,2024,2025,2025,14855,True,False,False,False,False,False,False,True,False,False,False,False,False
153,69,169,3451.463045,capture,,0.4555079168,2024,2025,2025,14855,True,False,False,False,False,False,False,True,False,False,False,False,False
154,69,169,3801.939616,capture,,0.555686814,2024,2025,2025,14855,True,False,False,False,False,False,False,True,False,False,False,False,False
155,69,169,4217.223016,capture,,0.5136064259,2024,2025,2025,14855,True,False,False,False,False,False,False,True,False,False,False,False,False
156,69,169,4677.650595,capture,,0.5230470018,2024,2025,2025,14855,True,False,False,False,False,False,False,True,False,False,False,False,False
157,69,169,5128.924976,capture,,0.4194476736,2024,2025,2025,14855,True,False,False,False,False,False,False,True,False,False,False,False,False
158,69,169,5688.903869,capture,,0.3888433457,2024,2025,2025,14855,True,False,False,False,False,False,False,True,False,False,False,False,False
159,69,169,6310.009431,capture,,0.4150735582,2024,2025,2025,14855,True,False,False,False,False,False,False,True,False,False,False,False,False
160,69,169,6998.889334,capture,,0.3369917688,2024,2025,2025,14855,True,False,False,False,False,False,False,True,False,False,False,False,False
161,69,169,7762.976826,capture,,0.3863294952,2024,2025,2025,14855,True,False,False,False,False,False,False,True,False,False,False,False,False
162,69,169,8511.954169,capture,,0.3035794069,2024,2025,2025,14855,True,False,False,False,False,False,False,True,False,False,False,False,False
163,69,169,9441.213496,capture,,0.2363155233,2024,2025,2025,14855,True,False,False,False,False,False,False,True,False,False,False,False,False
164,69,169,10471.77578,capture,,0.2147445316,2024,2025,2025,14855,True,False,False,False,False,False,False,False,True,False,False,False,False
165,69,169,11482.19006,capture,,0.1745467706,2024,2025,2025,14855,True,False,False,False,False,False,False,False,True,False,False,False,False
166,69,169,12736.04859,capture,,0.1183242597,2024,2025,2025,14855,True,False,False,False,False,False,False,False,True,False,False,False,False
167,69,169,14126.56949,capture,,0.1182647261,2024,2025,2025,14855,True,False,False,False,False,False,False,False,True,False,False,False,False
168,69,169,15489.35877,capture,,0.1146526772,2024,2025,2025,14855,True,False,False,False,False,False,False,False,True,False,False,False,False
169,69,169,17180.09022,capture,,0.06383605374,2024,2025,2025,14855,True,False,False,False,False,False,False,False,True,False,False,False,False
170,69,169,19056.18089,capture,,0.04412800461,2024,2025,2025,14855,True,False,False,False,False,False,False,False,True,False,False,False,False
171,69,169,20894.32273,capture,,0.008930025116,2024,2025,2025,14855,True,False,False,False,False,False,False,False,True,False,False,False,False
172,69,169,23175.3059,capture,,-0.03442016162,2024,2025,2025,14855,True,False,False,False,False,False,False,False,True,False,False,False,False
173,69,169,25705.48122,capture,,-0.07482977369,2024,2025,2025,14855,True,False,False,False,False,False,False,False,True,False,False,False,False
174,69,169,28185.66267,capture,,-0.06786629518,2024,2025,2025,14855,True,False,False,False,False,False,False,False,True,False,False,False,False
175,69,169,30551.2676,capture,,-0.05156747185,2024,2025,2025,14855,True,False,False,False,False,False,False,False,True,False,False,False,False
176,69,169,38907.42083,capture,,-0.1298771308,2024,2025,2025,14855,True,False,False,False,False,False,False,False,True,False,False,False,False
177,69,169,42172.23016,capture,,-0.1436034509,2024,2025,2025,14855,True,False,False,False,False,False,False,False,True,False,False,False,False
178,69,169,46776.50595,capture,,-0.1771097873,2024,2025,2025,14855,True,False,False,False,False,False,False,False,True,False,False,False,False
179,69,169,51289.24976,capture,,-0.2188660031,2024,2025,2025,14855,True,False,False,False,False,False,False,False,True,False,False,False,False
180,69,169,56889.03869,capture,,-0.2516708502,2024,2025,2025,14855,True,False,False,False,False,False,False,False,True,False,False,False,False
181,69,169,63100.09431,capture,,-0.2400659955,2024,2025,2025,14855,True,False,False,False,False,False,False,False,True,False,False,False,False
182,69,169,69187.82402,capture,,-0.2485572964,2024,2025,2025,14855,True,False,False,False,False,False,False,False,True,False,False,False,False
183,69,169,75862.60402,capture,,-0.2336949962,2024,2025,2025,14855,True,False,False,False,False,False,False,False,True,False,False,False,False
184,69,169,96611,capture,,-0.3474345843,2024,2025,2025,14855,True,False,False,False,False,False,False,False,True,False,False,False,False
185,69,169,103519.4953,capture,,-0.3367986592,2024,2025,2025,14855,True,False,False,False,False,False,False,False,False,True,False,False,True
186,69,169,114821.9006,capture,,-0.3608373601,2024,2025,2025,14855,True,False,False,False,False,False,False,False,False,True,False,False,True
187,69,169,125903.2634,capture,,-0.4140882897,2024,2025,2025,14855,True,False,False,False,False,False,False,False,False,True,False,False,True
188,69,169,146230,capture,,-0.4090801819,2024,2025,2025,14855,True,False,False,False,False,False,False,False,False,True,False,False,True
189,69,169,154893.5877,capture,,-0.4920328715,2024,2025,2025,14855,True,False,False,False,False,False,False,False,False,True,False,False,True
190,69,169,169833.754,capture,,-0.498875667,2024,2025,2025,14855,True,False,False,False,False,False,False,False,False,True,False,False,True
191,69,169,186223.2494,capture,,-0.4978290254,2024,2025,2025,14855,True,False,False,False,False,False,False,False,False,True,False,False,True
192,69,169,208943.2273,capture,,-0.5387454009,2024,2025,2025,14855,True,False,False,False,False,False,False,False,False,True,False,False,True
193,69,169,231753.059,capture,,-0.5819308365,2024,2025,2025,14855,True,False,False,False,False,False,False,False,False,True,False,False,True
194,69,169,251203.3764,capture,,-0.609479966,2024,2025,2025,14855,True,False,False,False,False,False,False,False,False,True,False,False,True
195,69,169,288420.8924,capture,,-0.6364820334,2024,2025,2025,14855,True,False,False,False,False,False,False,False,False,True,False,False,True
196,69,169,312628.2547,capture,,-0.6544616021,2024,2025,2025,14855,True,False,False,False,False,False,False,False,False,True,False,False,True
197,69,169,346762.5533,capture,,-0.6480491674,2024,2025,2025,14855,True,False,False,False,False,False,False,False,False,True,False,False,True
198,69,169,380216.4798,capture,,-0.6910889295,2024,2025,2025,14855,True,False,False,False,False,False,False,False,False,True,False,False,True
199,69,169,421722.3016,capture,,-0.7188302266,2024,2025,2025,14855,True,False,False,False,False,False,False,False,False,True,False,False,True
200,69,169,467765.0595,capture,,-0.8079973851,2024,2025,2025,14855,True,False,False,False,False,False,False,False,False,True,False,False,True
201,69,169,512892.4976,capture,,-0.8378689093,2024,2025,2025,14855,True,False,False,False,False,False,False,False,False,True,False,False,True
202,69,169,568890.3869,capture,,-0.8667230246,2024,2025,2025,14855,True,False,False,False,False,False,False,False,False,True,False,False,True
203,69,169,631000.9431,capture,,-0.8792451504,2024,2025,2025,14855,True,False,False,False,False,False,False,False,False,True,False,False,True
204,69,169,691878.2402,capture,,-0.898605246,2024,2025,2025,14855,True,False,False,False,False,False,False,False,False,True,False,False,True
205,69,169,767411.001,capture,,-0.93751579,2024,2025,2025,14855,True,False,False,False,False,False,False,False,False,True,False,False,True
206,69,169,851195.4169,capture,,-0.9490859224,2024,2025,2025,14855,True,False,False,False,False,False,False,False,False,True,False,False,True
207,69,169,933313.2365,capture,,-0.972796201,2024,2025,2025,14855,True,False,False,False,False,False,False,False,False,True,False,False,True
208,74,182,8606369.734,n2n,,-0.6546262694,2024,2025,2025,14856,False,True,False,False,False,False,False,False,False,False,True,False,True
209,74,182,9350000,n2n,,-0.09205147839,2024,2025,2025,14856,False,True,False,False,False,False,False,False,False,False,True,False,True
210,74,182,10315734.67,n2n,,0.1343896324,2024,2025,2025,14856,False,True,False,False,False,False,False,False,False,False,False,True,True
211,74,182,11542400.1,n2n,,0.2467447097,2024,2025,2025,14856,False,True,False,False,False,False,False,False,False,False,False,True,True
212,74,182,12517503.74,n2n,,0.2963360546,2024,2025,2025,14856,False,True,False,False,False,False,False,False,False,False,False,True,True
213,74,182,14700000,n2n,,0.3479151865,2024,2025,2025,14856,False,True,False,False,False,False,False,False,False,False,False,True,True
