row,Z,A,energy_ev,quantity,spectrum,label,sub:A > 70 (natural targets: Z > 30)
0,41,93,15000000,he_prod,,-1.853871964,True
1,24,50,14800000,he_prod,,-1.026872146,False
2,24,52,14800000,he_prod,,-1.443697499,False
3,24,0,14800000,he_prod,,-1.420216403,False
4,26,54,14800000,he_prod,,-1.102372909,False
5,26,56,14800000,he_prod,,-1.387216143,False
6,26,0,14800000,he_prod,,-1.366531544,False
7,28,58,14800000,he_prod,,-0.9746941347,False
8,28,60,14800000,he_prod,,-1.119186408,False
9,28,0,14800000,he_prod,,-1.013228266,False
10,29,63,14800000,he_prod,,-1.251811973,False
11,29,65,14800000,he_prod,,-1.886056648,False
12,24,0,14800000,he_prod,,-1.468521083,False
13,26,0,14800000,he_prod,,-1.318758763,False
14,28,0,14800000,he_prod,,-1.004364805,False
15,28,58,14800000,he_prod,,-0.9172146297,False
16,28,60,14800000,he_prod,,-1.102372909,False
17,28,61,14800000,he_prod,,-1.292429824,False
18,28,62,14800000,he_prod,,-1.657577319,False
19,28,64,14800000,he_prod,,-2.045757491,False
20,29,0,14800000,he_prod,,-1.292429824,False
21,29,63,14800000,he_prod,,-1.187086643,False
22,29,65,14800000,he_prod,,-1.769551079,False
23,79,197,14800000,he_prod,,-3.301029996,True
24,25,55,14800000,he_prod,,-1.552841969,False
25,26,54,14800000,he_prod,,-1.040958608,False
26,26,56,14800000,he_prod,,-1.337242168,False
27,26,57,14800000,he_prod,,-1.48148606,False
28,26,58,14800000,he_prod,,-1.698970004,False
29,27,59,14800000,he_prod,,-1.397940009,False
30,39,89,14800000,he_prod,,-2.031517051,True
31,40,0,14800000,he_prod,,-1.995678626,True
32,41,93,14800000,he_prod,,-1.853871964,True
33,42,0,14800000,he_prod,,-1.853871964,True
34,42,92,14800000,he_prod,,-1.508638306,True
35,42,94,14800000,he_prod,,-1.657577319,True
36,42,95,14800000,he_prod,,-1.769551079,True
37,42,96,14800000,he_prod,,-1.920818754,True
38,42,97,14800000,he_prod,,-2,True
39,42,100,14800000,he_prod,,-2.420216403,True
40,47,0,14800000,he_prod,,-2.119186408,True
41,50,0,14800000,he_prod,,-2.823908741,True
42,73,0,14800000,he_prod,,-2.958607315,True
43,78,0,14800000,he_prod,,-3.148741651,True
44,82,0,14800000,he_prod,,-3.207608311,True
45,39,89,14800000,he_prod,,-2.096910013,True
46,40,90,14800000,he_prod,,-1.823908741,True
47,42,92,14800000,he_prod,,-1.443697499,True
48,42,94,14800000,he_prod,,-1.552841969,True
49,42,95,14800000,he_prod,,-1.619788758,True
50,42,96,14800000,he_prod,,-1.744727495,True
51,42,0,14800000,he_prod,,-1.698970004,True
52,26,54,9500000,he_prod,,-1.308034897,False
53,26,54,11000000,he_prod,,-1.199970641,False
54,26,56,9500000,he_prod,,-1.860120914,False
55,26,56,11000000,he_prod,,-1.472370099,False
56,29,63,9000000,he_prod,,-1.690369833,False
57,29,63,11000000,he_prod,,-1.334419009,False
58,29,65,11000000,he_prod,,-2.522878745,False
59,28,58,8000000,he_prod,,-1.167491087,False
60,28,58,9400000,he_prod,,-1.070581074,False
61,28,58,11000000,he_prod,,-1.036212173,False
62,28,60,9400000,he_prod,,-1.537602002,False
63,28,60,11000000,he_prod,,-1.431798276,False
64,50,116,14800000,he_prod,,-2.522878745,True
65,50,117,14800000,he_prod,,-2.522878745,True
66,50,118,14800000,he_prod,,-2.853871964,True
67,50,119,14800000,he_prod,,-2.920818754,True
68,50,120,14800000,he_prod,,-3.207608311,True
69,50,122,14800000,he_prod,,-3.468521083,True
70,50,124,14800000,he_prod,,-3.920818754,True
71,82,204,14800000,he_prod,,-2.991399828,True
72,82,206,14800000,he_prod,,-3.180456064,True
73,82,207,14800000,he_prod,,-3.283996656,True
74,82,208,14800000,he_prod,,-3.37675071,True
75,26,56,9850000,he_prod,,-1.585026652,False
76,28,58,9850000,he_prod,,-1.036212173,False
77,28,60,9850000,he_prod,,-1.321481621,False
78,26,0,9850000,he_prod,,-1.732828272,False
79,28,0,9850000,he_prod,,-1.076238039,False
80,29,0,9850000,he_prod,,-1.673664139,False
81,28,61,9850000,he_prod,,-1.559090918,False
82,26,56,14000000,he_prod,,-1.385102784,False
83,26,56,4287000,he_prod,,-3.361510743,False
84,26,56,4743000,he_prod,,-3.146301788,False
85,26,56,6778000,he_prod,,-2.185419484,False
86,26,56,7324000,he_prod,,-2.013049212,False
87,26,56,7780000,he_prod,,-1.923869505,False
88,26,56,8297000,he_prod,,-1.889915577,False
89,26,56,8813000,he_prod,,-1.783069146,False
90,26,56,9329000,he_prod,,-1.748045602,False
91,26,56,9845000,he_prod,,-1.660151217,False
92,26,56,10331000,he_prod,,-1.651948387,False
93,26,56,10847000,he_prod,,-1.589340843,False
94,26,56,11363000,he_prod,,-1.52651303,False
95,26,56,11880000,he_prod,,-1.499118876,False
96,26,56,12396000,he_prod,,-1.475149697,False
97,26,56,12882000,he_prod,,-1.45414881,False
98,26,56,13367000,he_prod,,-1.396649901,False
99,26,56,13884000,he_prod,,-1.404162209,False
100,26,56,14400000,he_prod,,-1.362120181,False
101,26,56,14887000,he_prod,,-1.386232152,False
102,26,56,15585000,he_prod,,-1.337903555,False
103,26,56,16648000,he_prod,,-1.310034423,False
104,26,56,17590000,he_prod,,-1.28270405,False
105,26,56,18592000,he_prod,,-1.235831343,False
106,26,56,19594000,he_prod,,-1.194465161,False
107,25,55,14800000,he_prod,,-1.017728767,False
108,27,59,14800000,he_prod,,-1.075720714,False
109,30,64,14100000,he_prod,,-0.7746907183,False
110,28,58,14100000,he_prod,,-0.8096683018,False
111,24,50,14100000,he_prod,,-1.116906641,False
112,26,56,14100000,he_prod,,-1.356547324,False
113,28,60,14100000,he_prod,,-1.15739076,False
114,25,55,14100000,he_prod,,-1.643974143,False
115,27,59,14100000,he_prod,,-1.484126156,False
116,28,0,14100000,he_prod,,-1.070581074,False
117,28,58,4500000,he_prod,,-1.173925197,False
118,28,58,5000000,he_prod,,-1.348721986,False
119,28,58,6500000,he_prod,,-1.195860568,False
120,28,58,6500000,he_prod,,-1.158015195,False
121,28,58,7500000,he_prod,,-1.118045029,False
122,28,58,8000000,he_prod,,-0.9726503922,False
123,28,58,8500000,he_prod,,-1.083546051,False
124,28,58,9000000,he_prod,,-1.020451625,False
125,28,58,15500000,he_prod,,-0.9340470197,False
126,28,0,4200000,he_prod,,-1.845271793,False
127,28,0,5100000,he_prod,,-1.513003112,False
128,28,0,5400000,he_prod,,-1.397180658,False
129,28,0,6100000,he_prod,,-1.289797985,False
130,28,0,6500000,he_prod,,-1.220908796,False
131,28,0,7100000,he_prod,,-1.184422252,False
132,28,0,7600000,he_prod,,-1.160521953,False
133,28,0,7900000,he_prod,,-1.124938737,False
134,28,0,9000000,he_prod,,-1.153044675,False
135,28,0,9600000,he_prod,,-1.145693958,False
136,28,0,11500000,he_prod,,-1.134896025,False
137,28,0,14100000,he_prod,,-1.070581074,False
138,28,58,4510000,he_prod,,-1.607303047,False
139,28,58,5050000,he_prod,,-1.372634143,False
140,28,58,5210000,he_prod,,-1.317854924,False
141,28,58,5390000,he_prod,,-1.270025714,False
142,28,58,5840000,he_prod,,-1.235823868,False
143,28,58,6220000,he_prod,,-1.120330794,False
144,28,58,6510000,he_prod,,-1.102922997,False
145,26,0,5500000,he_prod,,-2.920818754,False
146,26,0,6100000,he_prod,,-2.455931956,False
147,26,0,6500000,he_prod,,-2.292429824,False
148,26,0,7100000,he_prod,,-2.070581074,False
149,26,0,7600000,he_prod,,-1.931814138,False
150,26,0,7900000,he_prod,,-1.730487056,False
151,26,0,9000000,he_prod,,-1.671620397,False
152,26,0,9600000,he_prod,,-1.607303047,False
153,26,0,11500000,he_prod,,-1.543633967,False
154,26,0,14100000,he_prod,,-1.331614083,False
155,29,0,5100000,he_prod,,-3.15490196,False
156,29,0,5500000,he_prod,,-2.744727495,False
157,29,0,6200000,he_prod,,-2.42365865,False
158,29,0,7600000,he_prod,,-1.878112015,False
159,29,0,11500000,he_prod,,-1.452717692,False
160,29,0,14100000,he_prod,,-1.350665141,False
161,24,50,5100000,he_prod,,-2.835647144,False
162,24,50,6200000,he_prod,,-2.162411562,False
163,24,50,7600000,he_prod,,-1.725842151,False
164,24,50,11500000,he_prod,,-1.16774663,False
165,24,50,14100000,he_prod,,-0.9974020193,False
166,26,0,14100000,he_prod,,-1.431798276,False
167,27,59,14100000,he_prod,,-1.522878745,False
168,28,0,14100000,he_prod,,-1.208309351,False
169,29,0,14100000,he_prod,,-1.258848401,False
170,41,93,14100000,he_prod,,-1.853871964,True
171,82,0,14900000,he_prod,,-3.070581074,True
172,50,0,14900000,he_prod,,-3.366531544,True
173,28,58,5000000,he_prod,,-1.348721986,False
174,28,58,6500000,he_prod,,-1.158015195,False
175,28,58,7500000,he_prod,,-1.118045029,False
176,28,58,8000000,he_prod,,-0.9726503922,False
177,28,58,8500000,he_prod,,-1.083546051,False
178,28,58,9000000,he_prod,,-1.020451625,False
179,28,58,15600000,he_prod,,-0.9340470197,False
180,28,58,14700000,he_prod,,-0.7447274949,False
181,33,75,14000000,he_prod,,-1.537602002,True
182,49,0,14000000,he_prod,,-2.146301788,True
183,25,55,14000000,he_prod,,-1.050609993,False
184,28,0,14600000,he_prod,,-0.9913998282,False
185,28,0,14770000,he_prod,,-0.9829666607,False
186,24,50,14700000,he_prod,,-0.9172146297,False
187,24,52,14700000,he_prod,,-1.395773947,False
188,24,53,14700000,he_prod,,-1.345823458,False
189,24,54,14700000,he_prod,,-1.42945706,False
190,26,54,14700000,he_prod,,-0.9995659225,False
191,26,56,14700000,he_prod,,-1.28567024,False
192,26,57,14700000,he_prod,,-1.378823718,False
193,26,58,14700000,he_prod,,-1.537602002,False
194,28,58,14700000,he_prod,,-0.8063189705,False
195,28,60,14700000,he_prod,,-1.084072788,False
196,28,62,14700000,he_prod,,-1.530177984,False
