row,Z,A,energy_ev,quantity,spectrum,label
0,55,133,14400000,na_M+,,-2.707743929
1,37,85,14400000,na_M+,,-2.30980392
2,81,203,14400000,na_M+,,-2.657577319
3,55,133,14700000,na_M+,,-3
4,83,209,14800000,na_M+,,-2.958607315
5,55,133,14800000,na_M+,,-2.978810701
6,55,133,14500000,na_M+,,-2.721246399
7,42,92,12590000,na_M+,,-1.723538196
8,42,92,12640000,na_M+,,-1.721246399
9,42,92,13390000,na_M+,,-1.63638802
10,42,92,13430000,na_M+,,-1.634512015
11,42,92,14360000,na_M+,,-1.568636236
12,42,92,14390000,na_M+,,-1.575118363
13,42,92,15820000,na_M+,,-1.549750892
14,42,92,15840000,na_M+,,-1.517126416
15,42,92,16900000,na_M+,,-1.504455662
16,42,92,16960000,na_M+,,-1.504455662
17,42,92,17920000,na_M+,,-1.485452247
18,42,92,17990000,na_M+,,-1.48148606
19,42,92,18810000,na_M+,,-1.500312917
20,42,92,18880000,na_M+,,-1.505845406
21,42,92,19580000,na_M+,,-1.524328812
22,34,80,6250000,na_M+,,-5.619788758
23,34,80,7210000,na_M+,,-5.050609993
24,34,80,8120000,na_M+,,-4.643974143
25,34,80,9030000,na_M+,,-3.931814138
26,34,80,9910000,na_M+,,-3.728158393
27,34,80,10790000,na_M+,,-3.167491087
28,34,80,11650000,na_M+,,-2.872895202
29,34,80,14680000,na_M+,,-2.540607512
30,37,85,13300000,na_M+,,-2.638272164
31,37,85,13800000,na_M+,,-2.508638306
32,37,85,14500000,na_M+,,-2.48148606
33,37,85,15000000,na_M+,,-2.48148606
34,37,85,15500000,na_M+,,-2.585026652
35,34,80,14800000,na_M+,,-1.886056648
36,57,139,14600000,na_M+,,-2.71219827
37,57,139,14500000,na_M+,,-2.675717545
38,42,92,14540000,na_M+,,-1.565431096
39,34,80,14770000,na_M+,,-2.605548319
40,42,92,14770000,na_M+,,-1.654430244
41,34,80,14800000,na_M+,,-2.585026652
42,37,85,14800000,na_M+,,-2.214670165
43,55,133,14800000,na_M+,,-2.602059991
44,53,127,14800000,na_M+,,-2.744727495
45,34,80,13490000,na_M+,,-2.684029655
46,34,80,13890000,na_M+,,-2.603800653
47,34,80,14050000,na_M+,,-2.645891561
48,34,80,14260000,na_M+,,-2.559090918
49,34,80,14440000,na_M+,,-2.567030709
50,34,80,14810000,na_M+,,-2.515700161
