row,Z,A,energy_ev,quantity,spectrum,label,"sub:(n,a) total only (the rows a library file can be scored on)"
0,40,90,14800000,na_M,,-2.337242168,False
1,41,93,14800000,na_M,,-2.236572006,False
2,41,93,14400000,na_M,,-2.27572413,False
3,42,92,14400000,na_M,,-2.026872146,False
4,42,92,14400000,na_G,,-1.728158393,False
5,56,138,14400000,na_M,,-3.259637311,False
6,56,138,14400000,na_G,,-2.698970004,False
7,37,87,14400000,na_G,,-1.744727495,False
8,40,90,14800000,na_M,,-2.41453927,False
9,42,92,14800000,na_M,,-2.13076828,False
10,41,93,14100000,na_M,,-2.283996656,False
11,29,63,14700000,na_M,,-1.638272164,False
12,29,65,14700000,na_M,,-2.124938737,False
13,32,74,14500000,na_G,,-1.826813732,False
14,34,80,14500000,na_M,,-1.42365865,False
15,37,87,14500000,na_G,,-1.410050399,False
16,38,88,14500000,na_M,,-1.193820026,False
17,40,90,14500000,na_M,,-0.7121982701,False
18,53,127,14500000,na_M2,,-1.735182177,False
19,58,140,14500000,na_M,,-1.91721463,False
20,50,118,12060000,na_G,,-3.552841969,False
21,50,118,13330000,na_G,,-3.236572006,False
22,50,118,13400000,na_G,,-3.259637311,False
23,50,118,13520000,na_G,,-3.27572413,False
24,50,118,13690000,na_G,,-3.13667714,False
25,50,118,13880000,na_G,,-3.119186408,False
26,50,118,14090000,na_G,,-3.031517051,False
27,50,118,14310000,na_G,,-3.026872146,False
28,50,118,14500000,na_G,,-2.943095149,False
29,50,118,14680000,na_G,,-2.946921557,False
30,50,118,14810000,na_G,,-2.910094889,False
31,50,118,16500000,na_G,,-2.725842151,False
32,50,118,17950000,na_G,,-2.583359493,False
33,50,118,19760000,na_G,,-2.534617149,False
34,29,65,14400000,na_M,,-1.705533774,False
35,29,65,15700000,na_M,,-1.752026734,False
36,29,65,16700000,na_M,,-1.826813732,False
37,29,65,14700000,na_M,,-1.853871964,False
38,29,65,14700000,na_G,,-2.721246399,False
39,39,89,14700000,na_M,,-3.040958608,False
40,40,90,14700000,na_M,,-2.552841969,False
41,41,93,14700000,na_M,,-2.229147988,False
42,41,93,14700000,na_G,,-2.065501549,False
43,42,92,14700000,na_G,,-1.698970004,False
44,41,93,14050000,na_G,,-2.045757491,False
45,29,65,14800000,na_M,,-1.677780705,False
46,40,90,14100000,na_M,,-2.508638306,False
47,40,90,14900000,na_M,,-2.522878745,False
48,40,90,14000000,na_M,,-2.48148606,False
49,32,72,14400000,na_M,,-2.118615343,False
50,32,74,14400000,na_M,,-2.478861916,False
51,57,139,14800000,na_G,,-2.886056648,False
52,60,142,14800000,na_M,,-2,False
53,60,142,14800000,na_G,,-2.698970004,False
54,68,168,14800000,na_M,,-3,False
55,68,168,14800000,na_G,,-3.301029996,False
56,81,205,14800000,na,,-3.124938737,True
57,36,86,14400000,na_G,,-2.920818754,False
58,40,90,14100000,na_M,,-2.476253533,False
59,41,93,14200000,na_M,,-2.236572006,False
60,57,139,14800000,na_G,,-2.602059991,False
61,50,120,14100000,na,,-3.397940009,True
62,73,181,14800000,na_M,,-3.853871964,False
63,73,181,14800000,na_G,,-3.522878745,False
64,73,181,14700000,na_M,,-3.591760035,False
65,73,181,14100000,na_M,,-3.669586227,False
66,73,181,13500000,na_M,,-3.705533774,False
67,32,74,14800000,na_M,,-2.48945499,False
68,76,190,14600000,na,,-3.366531544,True
69,56,138,14100000,na_M,,-1.886056648,False
70,56,138,14100000,na_G,,-1.886056648,False
71,42,92,13410000,na_G,,-1.11407366,False
72,42,92,13570000,na_G,,-1.196542884,False
73,42,92,13830000,na_G,,-1.176525771,False
74,42,92,13880000,na_G,,-1.179798541,False
75,42,92,14010000,na_G,,-1.099086932,False
76,42,92,14170000,na_G,,-1.100726813,False
77,42,92,14310000,na_G,,-1.104025268,False
78,42,92,14600000,na_G,,-1.143875556,False
79,42,92,14740000,na_G,,-1.170696227,False
80,42,92,14920000,na_G,,-1.13076828,False
81,42,92,13510000,na_M,,-2.318758763,False
82,42,92,13570000,na_M,,-2.337242168,False
83,42,92,13670000,na_M,,-2.22184875,False
84,42,92,13800000,na_M,,-2.420216403,False
85,42,92,13830000,na_M,,-2.327902142,False
86,42,92,13880000,na_M,,-2.229147988,False
87,42,92,13960000,na_M,,-2.455931956,False
88,42,92,14010000,na_M,,-2.27572413,False
89,42,92,14100000,na_M,,-2.568636236,False
90,42,92,14170000,na_M,,-2.443697499,False
91,42,92,14230000,na_M,,-2.568636236,False
92,42,92,14310000,na_M,,-2.283996656,False
93,42,92,14390000,na_M,,-2.387216143,False
94,42,92,14440000,na_M,,-2.455931956,False
95,42,92,14520000,na_M,,-2.508638306,False
96,42,92,14600000,na_M,,-2.327902142,False
97,42,92,14680000,na_M,,-2.387216143,False
98,42,92,14740000,na_M,,-2.568636236,False
99,42,92,14840000,na_M,,-2.229147988,False
100,42,92,14920000,na_M,,-2.585026652,False
101,29,63,8190000,na_M,,-1.987162775,False
102,29,63,14200000,na_G,,-1.473660723,False
103,47,107,14200000,na_G,,-2.207608311,False
104,42,92,14700000,na_M,,-2.443697499,False
105,53,127,14700000,na_G,,-2.920818754,False
106,58,140,14700000,na_M,,-2.443697499,False
107,55,133,14800000,na_M,,-3.26760624,False
108,55,133,14800000,na_G,,-3.22184875,False
109,74,182,14700000,na_M,,-3.920818754,False
110,74,183,14700000,na_M,,-3.657577319,False
111,32,72,14700000,na_M,,-1.958607315,False
112,32,72,14100000,na_M,,-2.148741651,False
113,32,74,14100000,na_M,,-2.508638306,False
114,32,74,14100000,na_G,,-1.853871964,False
115,56,138,14600000,na_M,,-3.26760624,False
116,56,138,14600000,na_G,,-3.026872146,False
117,40,90,14600000,na_M,,-2.387216143,False
118,42,92,14600000,na_M,,-2.251811973,False
119,42,92,14600000,na_G,,-1.696803943,False
120,68,168,14800000,na_M,,-3.124938737,False
121,29,65,14100000,na_G,,-2.318758763,False
122,58,140,13350000,na_M,,-1.869666232,False
123,58,140,13580000,na_M,,-1.886056648,False
124,58,140,14000000,na_M,,-1.91721463,False
125,58,140,14100000,na_M,,-1.906578315,False
126,58,140,14250000,na_M,,-1.943095149,False
127,58,140,14530000,na_M,,-1.958607315,False
128,58,140,14820000,na_M,,-1.928117993,False
129,58,140,15080000,na_M,,-1.935542011,False
130,58,140,15300000,na_M,,-1.91721463,False
131,58,140,15540000,na_M,,-2,False
132,58,140,15760000,na_M,,-1.966576245,False
133,58,140,15930000,na_M,,-2.060480747,False
134,58,140,16170000,na_M,,-2.008773924,False
135,58,140,16500000,na_M,,-1.995678626,False
136,58,140,16650000,na_M,,-2.075720714,False
137,53,127,12100000,na_G,,-3.259637311,False
138,53,127,14100000,na_G,,-2.966576245,False
139,53,127,16000000,na_G,,-2.777283529,False
140,53,127,18000000,na_G,,-2.565431096,False
141,53,127,19600000,na_G,,-2.341988603,False
142,53,127,14050000,na_G,,-2.8569852,False
143,34,78,14700000,na_M,,-2.119186408,False
144,34,78,14700000,na_G,,-1.721246399,False
145,34,80,14700000,na_M,,-2.22184875,False
146,34,80,14700000,na_G,,-3.22184875,False
147,56,138,14000000,na_G,,-2.443697499,False
148,52,128,14600000,na_G,,-3.107905397,False
149,52,130,14500000,na_G,,-3.431798276,False
150,76,190,14500000,na,,-3.244125144,True
151,78,196,14500000,na,,-3.259637311,True
152,79,197,14500000,na_G,,-3.366531544,False
153,81,203,14500000,na,,-3.431798276,True
154,41,93,14680000,na_M,,-2.254925208,False
155,42,92,14800000,na_G,,-1.647817482,False
156,42,92,14800000,na_M,,-2.15490196,False
157,32,74,14700000,na_M,,-2.552841969,False
158,32,74,14700000,na_G,,-1.823908741,False
159,32,74,14700000,na_M,,-2.619788758,False
160,40,90,14400000,na_M,,-2.494850022,False
161,52,126,14000000,na_M,,-2.823908741,False
162,40,90,14700000,na_M,,-2.408935393,False
163,41,93,14700000,na_M,,-2.283996656,False
164,56,138,14700000,na_M,,-3.124938737,False
165,48,110,14700000,na_M,,-1.004364805,False
166,58,140,14700000,na_M,,-2.619788758,False
167,63,151,14700000,na_M,,-2.657577319,False
168,63,151,14700000,na_G,,-2.698970004,False
169,69,169,14700000,na_G,,-2.795880017,False
170,38,88,14700000,na_M,,-2.818156412,False
171,40,90,14940000,na_M,,-2.417936637,False
172,40,90,14670000,na_M,,-2.437707136,False
173,40,90,14440000,na_M,,-2.438898616,False
174,40,90,14230000,na_M,,-2.448550002,False
175,40,90,13990000,na_M,,-2.458420756,False
176,40,90,13760000,na_M,,-2.492144128,False
177,40,90,13570000,na_M,,-2.493494968,False
178,40,90,13340000,na_M,,-2.525783736,False
179,41,93,14930000,na_M,,-2.306273051,False
180,41,93,14670000,na_M,,-2.282329497,False
181,41,93,14430000,na_M,,-2.293282218,False
182,41,93,14230000,na_M,,-2.26520017,False
183,41,93,13990000,na_M,,-2.302770657,False
184,41,93,13760000,na_M,,-2.326058001,False
185,41,93,13570000,na_M,,-2.353596274,False
186,41,93,13340000,na_M,,-2.316952962,False
187,42,92,14930000,na_M,,-2.143875556,False
188,42,92,14660000,na_M,,-2.122053048,False
189,42,92,14430000,na_M,,-2.193820026,False
190,42,92,14040000,na_M,,-2.179798541,False
191,42,92,13520000,na_M,,-2.211124884,False
192,42,92,13330000,na_M,,-2.188424994,False
193,50,120,14960000,na_M,,-3.688246139,False
194,50,120,14680000,na_M,,-3.73754891,False
195,50,120,14440000,na_M,,-3.705533774,False
196,50,120,14230000,na_M,,-3.869666232,False
197,50,120,13990000,na_M,,-3.987162775,False
198,50,120,13760000,na_M,,-3.823908741,False
199,50,120,13580000,na_M,,-3.943095149,False
200,50,120,13350000,na_M,,-3.910094889,False
201,50,120,14970000,na_G,,-3.496209317,False
202,50,120,14690000,na_G,,-3.643974143,False
203,50,120,14450000,na_G,,-3.707743929,False
204,50,120,14240000,na_G,,-3.779891912,False
205,50,120,13990000,na_G,,-3.774690718,False
206,50,120,13770000,na_G,,-3.829738285,False
207,50,120,13600000,na_G,,-3.954677021,False
208,50,120,13400000,na_G,,-4.119186408,False
209,41,93,4150000,na_M,,-4.397940009,False
210,41,93,4980000,na_M,,-3.958607315,False
211,41,93,5510000,na_M,,-3.769551079,False
212,41,93,6090000,na_M,,-3.455931956,False
213,41,93,6620000,na_M,,-3.30980392,False
214,41,93,7150000,na_M,,-3.187086643,False
215,41,93,7650000,na_M,,-3.102372909,False
216,41,93,8160000,na_M,,-2.995678626,False
217,41,93,8650000,na_M,,-2.974694135,False
218,41,93,9090000,na_M,,-2.850780887,False
219,41,93,9670000,na_M,,-2.728158393,False
220,41,93,10210000,na_M,,-2.707743929,False
221,41,93,10610000,na_M,,-2.580044252,False
222,47,109,14300000,na_M,,-2.677780705,False
223,41,93,12550000,na_M,,-2.28567024,False
224,41,93,12690000,na_M,,-2.283996656,False
225,41,93,13350000,na_M,,-2.246416941,False
226,41,93,13480000,na_M,,-2.274905479,False
227,41,93,14340000,na_M,,-2.211124884,False
228,41,93,14410000,na_M,,-2.166215625,False
229,41,93,15800000,na_M,,-2.190440285,False
230,41,93,15860000,na_M,,-2.147520006,False
231,41,93,16860000,na_M,,-2.217527376,False
232,41,93,17000000,na_M,,-2.185752404,False
233,41,93,17860000,na_M,,-2.164943898,False
234,41,93,18060000,na_M,,-2.227678293,False
235,41,93,18750000,na_M,,-2.189095719,False
236,41,93,18940000,na_M,,-2.187755303,False
237,41,93,19580000,na_M,,-2.204119983,False
238,40,90,6480000,na_M,,-4.657577319,False
239,40,90,7180000,na_M,,-4.283996656,False
240,40,90,7704000,na_M,,-3.958607315,False
241,40,90,8215000,na_M,,-3.638272164,False
242,40,90,8716000,na_M,,-3.356547324,False
243,40,90,9187000,na_M,,-3.214670165,False
244,40,90,9643000,na_M,,-3.070581074,False
245,40,90,10127000,na_M,,-3,False
246,40,90,10614000,na_M,,-2.818156412,False
247,29,63,14600000,na_M,,-1.920818754,False
248,29,65,14600000,na_M,,-2.30980392,False
249,73,181,13400000,na_M,,-3.716698771,False
250,73,181,13650000,na_M,,-3.671620397,False
251,73,181,13880000,na_M,,-3.632644079,False
252,73,181,14280000,na_M,,-3.619788758,False
253,73,181,14580000,na_M,,-3.521433504,False
254,73,181,14870000,na_M,,-3.467245621,False
255,31,71,13400000,na_M,,-2.913640169,False
256,31,71,13650000,na_M,,-2.899629455,False
257,31,71,13880000,na_M,,-2.943095149,False
258,31,71,14280000,na_M,,-2.772113295,False
259,31,71,14580000,na_M,,-2.721246399,False
260,31,71,14870000,na_M,,-2.752026734,False
261,39,89,13400000,na_M,,-2.906578315,False
262,39,89,13650000,na_M,,-2.812479279,False
263,39,89,13880000,na_M,,-2.88941029,False
264,39,89,14280000,na_M,,-2.725842151,False
265,39,89,14580000,na_M,,-2.679853714,False
266,39,89,14870000,na_M,,-2.580044252,False
267,52,130,13400000,na_M,,-3.853871964,False
268,52,130,13650000,na_M,,-3.744727495,False
269,52,130,13880000,na_M,,-3.721246399,False
270,52,130,14280000,na_M,,-3.698970004,False
271,52,130,14580000,na_M,,-3.677780705,False
272,52,130,14870000,na_M,,-3.48148606,False
273,29,63,13400000,na_M,,-2.045757491,False
274,29,63,13700000,na_M,,-1.853871964,False
275,29,63,14010000,na_M,,-2.045757491,False
276,29,63,14350000,na_M,,-2.096910013,False
277,29,63,14640000,na_M,,-1.958607315,False
278,29,63,14870000,na_M,,-2.096910013,False
279,31,71,14800000,na_M,,-2.823908741,False
280,37,87,13400000,na_M,,-3.30980392,False
281,37,87,13650000,na_M,,-3.283996656,False
282,37,87,13880000,na_M,,-3.229147988,False
283,37,87,14280000,na_M,,-3.113509275,False
284,37,87,14580000,na_M,,-3.161150909,False
285,37,87,14870000,na_M,,-3.091514981,False
286,39,89,14800000,na_M,,-2.744727495,False
287,48,112,13400000,na_M,,-3.420216403,False
288,48,112,13650000,na_M,,-3.431798276,False
289,48,112,13880000,na_M,,-3.283996656,False
290,48,112,14280000,na_M,,-3.283996656,False
291,48,112,14580000,na_M,,-3.229147988,False
292,48,112,14870000,na_M,,-3.214670165,False
293,39,89,9200000,na_M,,-4.161150909,False
294,39,89,9950000,na_M,,-3.866461092,False
295,39,89,10150000,na_M,,-3.879426069,False
296,39,89,10240000,na_M,,-3.798602876,False
297,39,89,11040000,na_M,,-3.408935393,False
298,39,89,11210000,na_M,,-3.455931956,False
299,39,89,12360000,na_M,,-3.119186408,False
300,39,89,14550000,na_M,,-2.694648631,False
301,39,89,14700000,na_M,,-2.661543506,False
302,52,128,13400000,na_M,,-3.468521083,False
303,52,128,13650000,na_M,,-3.387216143,False
304,52,128,14280000,na_M,,-3.236572006,False
305,52,128,14580000,na_M,,-3.244125144,False
306,52,128,14870000,na_M,,-3.173925197,False
307,58,140,13380000,na_M,,-2.823908741,False
308,58,140,13700000,na_M,,-2.886056648,False
309,58,140,14030000,na_M,,-2.698970004,False
310,58,140,14360000,na_M,,-2.920818754,False
311,58,140,14660000,na_M,,-2.657577319,False
312,58,140,14950000,na_M,,-2.657577319,False
313,41,93,16033000,na_M,,-2.282329497,False
314,41,93,16981000,na_M,,-2.304518324,False
315,41,93,17723000,na_M,,-2.282329497,False
316,41,93,19030000,na_M,,-2.294136288,False
317,56,138,13400000,na_M,,-3.13667714,False
318,56,138,13650000,na_M,,-3.13076828,False
319,56,138,13880000,na_M,,-3.107905397,False
320,56,138,14280000,na_M,,-3.096910013,False
321,56,138,14580000,na_M,,-3.070581074,False
322,56,138,14870000,na_M,,-3.102372909,False
323,58,140,13400000,na_M,,-2.701146924,False
324,58,140,13650000,na_M,,-2.600326279,False
325,58,140,13880000,na_M,,-2.548213564,False
326,58,140,14280000,na_M,,-2.578396073,False
327,58,140,14580000,na_M,,-2.521433504,False
328,58,140,14870000,na_M,,-2.519993057,False
329,32,72,14940000,na_M,,-2.163675884,False
330,32,72,14430000,na_M,,-2.191114133,False
331,32,72,13980000,na_M,,-2.209714836,False
332,32,72,13340000,na_M,,-2.262012674,False
333,32,74,14950000,na_M,,-2.482804102,False
334,32,74,14680000,na_M,,-2.484126156,False
335,32,74,14440000,na_M,,-2.53165267,False
336,32,74,14230000,na_M,,-2.55129368,False
337,32,74,13990000,na_M,,-2.549750892,False
338,32,74,13570000,na_M,,-2.602059991,False
339,32,74,13340000,na_M,,-2.63638802,False
340,63,151,14940000,na_M,,-2.602059991,False
341,63,151,14670000,na_M,,-2.632644079,False
342,63,151,14230000,na_M,,-2.742321425,False
343,63,151,13980000,na_M,,-2.673664139,False
344,63,151,13570000,na_M,,-2.756961951,False
345,63,151,13340000,na_M,,-2.694648631,False
346,40,90,11440000,na_M,,-2.657577319,False
347,40,90,12370000,na_M,,-2.408935393,False
348,76,192,20000000,na,,-3.30980392,True
349,40,90,13200000,na_M,,-2.508638306,False
350,40,90,14800000,na_M,,-2.408935393,False
351,40,90,15300000,na_M,,-2.366531544,False
352,40,90,16300000,na_M,,-2.327902142,False
353,40,90,17000000,na_M,,-2.318758763,False
354,40,90,18000000,na_M,,-2.318758763,False
355,40,90,19100000,na_M,,-2.346787486,False
356,40,90,19900000,na_M,,-2.397940009,False
357,32,72,7460000,na_M,,-3.207608311,False
358,32,72,8280000,na_M,,-3.080921908,False
359,32,72,9160000,na_M,,-2.869666232,False
360,32,72,9960000,na_M,,-2.638272164,False
361,32,72,10710000,na_M,,-2.602059991,False
362,32,72,11370000,na_M,,-2.552841969,False
363,32,72,11800000,na_M,,-2.494850022,False
364,32,72,11960000,na_M,,-2.346787486,False
365,32,74,7460000,na_M,,-4.522878745,False
366,32,74,8280000,na_M,,-4.096910013,False
367,32,74,9160000,na_M,,-3.677780705,False
368,32,74,9960000,na_M,,-3.318758763,False
369,32,74,10710000,na_M,,-3.200659451,False
370,32,74,11370000,na_M,,-3.091514981,False
371,32,74,11800000,na_M,,-3.040958608,False
372,32,74,11960000,na_M,,-2.869666232,False
373,32,72,7380000,na_G,,-2.508638306,False
374,32,72,8380000,na_G,,-2.443697499,False
375,32,72,10050000,na_G,,-2.397940009,False
376,32,72,10960000,na_G,,-2.346787486,False
377,32,72,11870000,na_G,,-2.142667504,False
378,32,74,8390000,na_G,,-3.346787486,False
379,32,74,9440000,na_G,,-2.982966661,False
380,32,74,10450000,na_G,,-2.869666232,False
381,32,74,11480000,na_G,,-2.48148606,False
382,32,74,12440000,na_G,,-2.356547324,False
383,41,93,3090000,na_M,,-5.050609993,False
384,42,92,16200000,na_M,,-2.200659451,False
385,42,92,17800000,na_M,,-2.173925197,False
386,42,92,19100000,na_M,,-2.200659451,False
387,39,89,14600000,na_M,,-2.749579998,False
388,41,93,5240000,na_M,,-3.619788758,False
389,41,93,4700000,na_M,,-3.920818754,False
390,41,93,4590000,na_M,,-3.853871964,False
391,41,93,4490000,na_M,,-3.769551079,False
392,32,72,9600000,na_M,,-2.744727495,False
393,32,72,10600000,na_M,,-2.657577319,False
394,32,72,11100000,na_M,,-2.585026652,False
395,32,72,11400000,na_M,,-2.522878745,False
396,32,74,9600000,na_M,,-3.522878745,False
397,32,74,10600000,na_M,,-3.15490196,False
398,32,74,11100000,na_M,,-3.045757491,False
399,32,74,11400000,na_M,,-2.958607315,False
400,58,140,13570000,na_M,,-2.847711656,False
401,58,140,13750000,na_M,,-2.829738285,False
402,58,140,14520000,na_M,,-2.829738285,False
403,58,140,14750000,na_M,,-2.714442691,False
404,58,140,14830000,na_M,,-2.688246139,False
405,62,144,13570000,na_M,,-2.568636236,False
406,62,144,13750000,na_M,,-2.443697499,False
407,62,144,14150000,na_M,,-2.366531544,False
408,62,144,14520000,na_M,,-2.301029996,False
409,62,144,14750000,na_M,,-2.214670165,False
410,62,144,14830000,na_M,,-2.244125144,False
411,70,176,14600000,na,,-3.251811973,True
412,29,65,13600000,na_M,,-2.119186408,False
413,29,65,13680000,na_M,,-2.183096161,False
414,29,65,14100000,na_M,,-2.110138279,False
415,29,65,14460000,na_M,,-2.057991947,False
416,29,65,14720000,na_M,,-2.098541679,False
417,29,65,14860000,na_M,,-2.090979146,False
418,60,142,13570000,na_M,,-2.723538196,False
419,60,142,14150000,na_M,,-2.801342913,False
420,60,142,14750000,na_M,,-2.494850022,False
421,60,142,14830000,na_M,,-2.540607512,False
422,32,72,17900000,na_M,,-2.070581074,False
423,32,72,17900000,na_M,,-2.15490196,False
424,38,88,14600000,na_M,,-1.060480747,False
425,42,92,14800000,na_M,,-2.605548319,False
426,63,151,14200000,na_M,,-1.718966633,False
427,41,93,13040000,na_M,,-2.301029996,False
428,41,93,13330000,na_M,,-2.420216403,False
429,41,93,13870000,na_M,,-2.408935393,False
430,41,93,14520000,na_M,,-2.283996656,False
431,41,93,15100000,na_M,,-2.22184875,False
432,41,93,15490000,na_M,,-2.187086643,False
433,41,93,15950000,na_M,,-2.283996656,False
434,41,93,16600000,na_M,,-2.26760624,False
435,41,93,17410000,na_M,,-2.283996656,False
436,41,93,17850000,na_M,,-2.327902142,False
437,76,192,14700000,na,,-3.823908741,True
438,47,109,14000000,na_M,,-1.420216403,False
439,32,74,14000000,na_G,,-1.397940009,False
440,77,193,14000000,na_G,,-1.958607315,False
441,81,203,14000000,na_M,,-4.619788758,False
442,56,138,14200000,na_M,,-3.283996656,False
443,83,209,14600000,na_M,,-5.008773924,False
444,76,190,14700000,na,,-3.086186148,True
445,56,138,14200000,na_G,,-2.627087997,False
446,40,90,14200000,na_M,,-2.142667504,False
447,42,92,14200000,na_M,,-2.677780705,False
448,73,181,14200000,na_M,,-2.744727495,False
449,34,80,14200000,na_M,,-2.337242168,False
450,70,176,14540000,na,,-3.15490196,True
451,41,93,14600000,na_M,,-2.269217724,False
452,40,90,14800000,na_M,,-2.48148606,False
453,41,93,8500000,na_M,,-3.096910013,False
454,41,93,14800000,na_M,,-2.239690322,False
455,42,92,13000000,na_M,,-2.327902142,False
456,42,92,13400000,na_M,,-2.167491087,False
457,42,92,13900000,na_M,,-2.13667714,False
458,42,92,14500000,na_M,,-2.13667714,False
459,42,92,15000000,na_M,,-2.13667714,False
460,42,92,15400000,na_M,,-2.173925197,False
461,42,92,15900000,na_M,,-1.974694135,False
462,42,92,16600000,na_M,,-1.906578315,False
463,56,138,14000000,na_M,,-3.301029996,False
464,56,138,14000000,na_G,,-2.655607726,False
465,40,90,13400000,na_M,,-2.585026652,False
466,40,90,13600000,na_M,,-2.48148606,False
467,40,90,14200000,na_M,,-2.468521083,False
468,40,90,14800000,na_M,,-2.431798276,False
469,40,90,15200000,na_M,,-2.397940009,False
470,40,90,15400000,na_M,,-2.397940009,False
471,40,90,15900000,na_M,,-2.48148606,False
472,40,90,16600000,na_M,,-2.443697499,False
473,41,93,13640000,na_M,,-2.226213555,False
474,41,93,13880000,na_M,,-2.192464972,False
475,41,93,14100000,na_M,,-2.187755303,False
476,41,93,14300000,na_M,,-2.197910742,False
477,41,93,14580000,na_M,,-2.188424994,False
478,41,93,14830000,na_M,,-2.175223538,False
479,40,90,13640000,na_M,,-2.585026652,False
480,40,90,13880000,na_M,,-2.585026652,False
481,40,90,14100000,na_M,,-2.431798276,False
482,40,90,14580000,na_M,,-2.420216403,False
483,40,90,14830000,na_M,,-2.408935393,False
484,40,90,5380000,na_M,,-4.958607315,False
485,40,90,6390000,na_M,,-5,False
486,40,90,6800000,na_M,,-4.552841969,False
487,40,90,8200000,na_M,,-3.809668302,False
488,40,90,8430000,na_M,,-3.632644079,False
489,40,90,8920000,na_M,,-3.449771647,False
490,40,90,9430000,na_M,,-3.281498311,False
491,40,90,10230000,na_M,,-3.060980224,False
492,40,90,10950000,na_M,,-2.864867349,False
493,40,90,11560000,na_M,,-2.868060705,False
494,40,90,12250000,na_M,,-2.597738618,False
495,53,127,14700000,na_M2,,-2.823908741,False
496,52,124,14800000,na_G,,-2.437707136,False
497,52,126,14800000,na_M,,-3.259637311,False
498,52,128,14800000,na_M,,-3.408935393,False
499,52,130,14800000,na_G,,-3.026872146,False
500,47,109,14800000,na_M,,-1.920818754,False
501,40,90,14500000,na_M,,-2.37675071,False
502,50,120,14000000,na_G,,-2.698970004,False
503,56,134,16950000,na_M,,-0.8569851997,False
504,56,134,17980000,na_M,,-1.004364805,False
505,56,136,17980000,na_M,,-2.71219827,False
506,29,63,6320000,na_M,,-2.356547324,False
507,29,63,6820000,na_M,,-2.214670165,False
508,29,63,7310000,na_M,,-1.974694135,False
509,29,63,7790000,na_M,,-1.978810701,False
510,29,63,8260000,na_M,,-1.866461092,False
511,29,63,9180000,na_M,,-1.756961951,False
512,29,63,9600000,na_M,,-1.826813732,False
513,29,63,10100000,na_M,,-1.696803943,False
514,29,63,11000000,na_M,,-1.663540266,False
515,29,63,11940000,na_M,,-1.764471553,False
516,29,63,13750000,na_M,,-2.080921908,False
517,29,63,14120000,na_M,,-1.835647144,False
518,29,63,14450000,na_M,,-2.086186148,False
519,29,63,14710000,na_M,,-1.786216701,False
520,29,65,6320000,na_M,,-4.698970004,False
521,29,65,7310000,na_M,,-3.886056648,False
522,29,65,7790000,na_M,,-3.568636236,False
523,29,65,8260000,na_M,,-3.420216403,False
524,29,65,9180000,na_M,,-3.065501549,False
525,29,65,10100000,na_M,,-2.899629455,False
526,29,65,11000000,na_M,,-2.732828272,False
527,29,65,11940000,na_M,,-2.459670525,False
528,29,65,14120000,na_M,,-2.341035157,False
529,29,65,14450000,na_M,,-2.191114133,False
530,29,65,14710000,na_M,,-2.274905479,False
531,29,65,14800000,na_M,,-2.12090412,False
532,29,65,6320000,na_G,,-4.251811973,False
533,29,65,7310000,na_G,,-3.508638306,False
534,29,65,8260000,na_G,,-3.091514981,False
535,29,65,9180000,na_G,,-2.739928612,False
536,29,65,10100000,na_G,,-2.630784143,False
537,29,65,11000000,na_G,,-2.474955193,False
538,29,65,11940000,na_G,,-2.32330639,False
539,29,65,14120000,na_G,,-2.230622674,False
540,29,65,14450000,na_G,,-2.26520017,False
541,29,65,14710000,na_G,,-2.370590401,False
542,32,72,13000000,na_M,,-2.30980392,False
543,32,72,13400000,na_M,,-2.26760624,False
544,32,72,13900000,na_M,,-2.251811973,False
545,32,72,14500000,na_M,,-2.193820026,False
546,32,72,15000000,na_M,,-2.200659451,False
547,32,72,15400000,na_M,,-2.200659451,False
548,32,72,15900000,na_M,,-2.200659451,False
549,32,72,16600000,na_M,,-2.200659451,False
550,32,74,13000000,na_M,,-2.638272164,False
551,32,74,13400000,na_M,,-2.568636236,False
552,32,74,13900000,na_M,,-2.48148606,False
553,32,74,14500000,na_M,,-2.468521083,False
554,32,74,15000000,na_M,,-2.48148606,False
555,32,74,15400000,na_M,,-2.455931956,False
556,32,74,15900000,na_M,,-2.431798276,False
557,32,74,16600000,na_M,,-2.443697499,False
558,29,65,13900000,na_M,,-2.022276395,False
559,29,65,14510000,na_M,,-2,False
560,29,65,14710000,na_M,,-1.924453039,False
561,42,92,14800000,na_M,,-2.288192771,False
562,42,92,14800000,na_G,,-1.603800653,False
563,41,93,14800000,na_M,,-2.273272791,False
564,40,90,14700000,na_M,,-2.522878745,False
565,42,92,14700000,na_G,,-1.795880017,False
566,50,122,14700000,na,,-3.602059991,True
567,63,151,14700000,na_G,,-2.886056648,False
568,81,205,14700000,na,,-3.22184875,True
569,40,90,9920000,na_M,,-3.200659451,False
570,40,90,11190000,na_M,,-2.787812396,False
571,40,90,11340000,na_M,,-2.68613278,False
572,40,90,12530000,na_M,,-2.632644079,False
573,41,93,11340000,na_M,,-2.448550002,False
574,34,78,14600000,na_M,,-2.346787486,False
575,34,80,14600000,na_M,,-2.958607315,False
576,40,90,14600000,na_M,,-2.420216403,False
577,48,114,14600000,na_M,,-3.522878745,False
578,50,118,14600000,na_G,,-3.045757491,False
579,50,120,14600000,na_M,,-3.677780705,False
580,50,120,14600000,na_G,,-3.585026652,False
581,81,203,14600000,na_G,,-3.431798276,False
582,69,169,14700000,na_G,,-2.769551079,False
583,50,118,14400000,na_G,,-2.899629455,False
584,50,120,14400000,na_M,,-3.568636236,False
585,50,120,14400000,na_G,,-3.537602002,False
586,62,147,5000000,na,,-3.636456837,True
587,62,147,6000000,na,,-3.53745271,True
588,32,72,13600000,na_M,,-2.200659451,False
589,32,72,14100000,na_M,,-2.180456064,False
590,32,74,13600000,na_M,,-2.537602002,False
591,32,74,14100000,na_M,,-2.468521083,False
592,47,109,13500000,na_M,,-1.585026652,False
593,47,109,14100000,na_M,,-1.552841969,False
594,47,109,14800000,na_M,,-1.508638306,False
595,29,65,14800000,na_M,,-2.051098239,False
596,76,190,13500000,na,,-3.318758763,True
597,76,190,14700000,na,,-3.055517328,True
598,32,72,13500000,na_M,,-2.244125144,False
599,32,72,14100000,na_M,,-2.207608311,False
600,32,72,14600000,na_M,,-2.187086643,False
601,32,74,13500000,na_M,,-2.657577319,False
602,32,74,14100000,na_M,,-2.619788758,False
603,32,74,14600000,na_M,,-2.552841969,False
604,44,96,13500000,na_M,,-2.638272164,False
605,44,96,14100000,na_M,,-2.346787486,False
606,44,96,14800000,na_M,,-2.552841969,False
607,63,151,14700000,na_M,,-2.619788758,False
608,32,74,14530000,na_M,,-2.468521083,False
609,70,176,14700000,na,,-3.161150909,True
610,79,197,14000000,na_G,,-3.346787486,False
611,39,89,14600000,na_M,,-2.764471553,False
612,57,138,14600000,na_M,,-3.107905397,False
613,73,181,14600000,na_M,,-3.684029655,False
614,73,181,14600000,na_G,,-3.387216143,False
615,83,209,14500000,na_M,,-5.017728767,False
616,73,181,14500000,na_M,,-3.628932138,False
617,73,181,14500000,na_G,,-3.387216143,False
618,39,89,14500000,na_M,,-2.754487332,False
619,57,138,14500000,na_M,,-3.200659451,False
620,73,181,13560000,na_M,,-3.806875402,False
621,73,181,13690000,na_M,,-3.782516056,False
622,73,181,13950000,na_M,,-3.747146969,False
623,73,181,14210000,na_M,,-3.655607726,False
624,73,181,14470000,na_M,,-3.603800653,False
625,73,181,14530000,na_M,,-3.602059991,False
626,73,181,13560000,na_G,,-3.48148606,False
627,73,181,13690000,na_G,,-3.455931956,False
628,73,181,13950000,na_G,,-3.397940009,False
629,73,181,14210000,na_G,,-3.337242168,False
630,73,181,14470000,na_G,,-3.387216143,False
631,73,181,14530000,na_G,,-3.420216403,False
632,32,74,14700000,na_M,,-2.408935393,False
633,32,74,14510000,na_M,,-2.431798276,False
634,32,74,14310000,na_M,,-2.468521083,False
635,32,74,14100000,na_M,,-2.508638306,False
636,32,74,13900000,na_M,,-2.568636236,False
637,56,138,14700000,na_G,,-2.823908741,False
638,56,138,14700000,na_M,,-2.995678626,False
639,41,93,12870000,na_M,,-2.381951903,False
640,41,93,13660000,na_M,,-2.266802735,False
641,41,93,14600000,na_M,,-2.245651664,False
642,41,93,15690000,na_M,,-2.253365801,False
643,41,93,16650000,na_M,,-2.252588192,False
644,41,93,17310000,na_M,,-2.274905479,False
645,41,93,17550000,na_M,,-2.308034897,False
646,38,88,14100000,na_M,,-2.958607315,False
647,38,88,14600000,na_M,,-2.886056648,False
648,62,149,6000000,na,,-3.920669462,True
649,60,143,4000000,na,,-3.918007777,True
650,60,143,5000000,na,,-3.675965379,True
651,60,143,6000000,na,,-3.508489014,True
652,50,120,14100000,na_G,,-3.886056648,False
653,50,120,14400000,na_G,,-3.638272164,False
654,50,120,14600000,na_G,,-3.602059991,False
655,50,120,13500000,na_M,,-3.795880017,False
656,50,120,14100000,na_M,,-3.744727495,False
657,50,120,14400000,na_M,,-3.677780705,False
658,68,168,14800000,na_M,,-3.045757491,False
659,62,149,4500000,na,,-4.306971403,True
660,62,149,5000000,na,,-4.242309818,True
661,62,149,5500000,na,,-4.074403154,True
662,62,149,6000000,na,,-3.999850708,True
663,62,149,6500000,na,,-3.720076796,True
664,64,160,14100000,na,,-3.283996656,True
665,64,160,14700000,na,,-3.229147988,True
666,58,140,13500000,na_M,,-2.823908741,False
667,58,140,14800000,na_M,,-2.769551079,False
668,63,151,13500000,na_M,,-2.823908741,False
669,63,151,14100000,na_M,,-2.744727495,False
670,63,151,14800000,na_M,,-2.638272164,False
671,63,151,13500000,na_G,,-2.920818754,False
672,63,151,14100000,na_G,,-2.853871964,False
673,63,151,14800000,na_G,,-2.823908741,False
674,58,140,14200000,na_M,,-2.681936665,False
675,58,140,14900000,na_M,,-2.581698709,False
676,40,90,13500000,na_M,,-2.537602002,False
677,40,90,14100000,na_M,,-2.508638306,False
678,40,90,14400000,na_M,,-2.443697499,False
679,40,90,14800000,na_M,,-2.443697499,False
680,42,92,13500000,na_M,,-2.494850022,False
681,42,92,14100000,na_M,,-2.443697499,False
682,42,92,14800000,na_M,,-2.387216143,False
683,42,92,13500000,na_G,,-1.651695137,False
684,42,92,14100000,na_G,,-1.634512015,False
685,42,92,14800000,na_G,,-1.600326279,False
686,29,65,14500000,na_M,,-2.216811309,False
687,29,65,14700000,na_M,,-2.26760624,False
688,74,183,13500000,na_M,,-4.602059991,False
689,74,183,14100000,na_M,,-4.508638306,False
690,74,183,14400000,na_M,,-4.420216403,False
691,74,183,14800000,na_M,,-4.173925197,False
692,34,78,13730000,na_M,,-2.602059991,False
693,34,78,14420000,na_M,,-2.475603878,False
694,34,78,14770000,na_M,,-2.366531544,False
695,34,78,13730000,na_G,,-2.714442691,False
696,34,78,14420000,na_G,,-2.614393726,False
697,34,78,14770000,na_G,,-2.568636236,False
698,41,93,14780000,na_M,,-2.283996656,False
699,41,93,14540000,na_M,,-2.232844134,False
700,29,65,14920000,na_M,,-2.393618635,False
701,40,90,13730000,na_M,,-2.522878745,False
702,40,90,14070000,na_M,,-2.468521083,False
703,40,90,14420000,na_M,,-2.431798276,False
704,40,90,14680000,na_M,,-2.397940009,False
705,40,90,14770000,na_M,,-2.37675071,False
706,41,93,13730000,na_M,,-2.301029996,False
707,41,93,14070000,na_M,,-2.259637311,False
708,41,93,14420000,na_M,,-2.229147988,False
709,41,93,14680000,na_M,,-2.214670165,False
710,41,93,14770000,na_M,,-2.15490196,False
711,42,92,13730000,na_M,,-2.236572006,False
712,42,92,14070000,na_M,,-2.200659451,False
713,42,92,14420000,na_M,,-2.167491087,False
714,42,92,14680000,na_M,,-2.124938737,False
715,42,92,14770000,na_M,,-2.096910013,False
716,38,88,14770000,na_M,,-2.896196279,False
717,42,92,14770000,na_M,,-2.314258261,False
718,40,90,14960000,na_M,,-2.368556231,False
719,32,72,14800000,na_M,,-2.086186148,False
720,32,72,14800000,na_G,,-2.200659451,False
721,32,74,14800000,na_M,,-2.48148606,False
722,32,74,14800000,na_G,,-2.552841969,False
723,48,114,14000000,na,,-3.22184875,True
724,52,124,14800000,na_G,,-3.119186408,False
725,52,126,14800000,na_M,,-3,False
726,52,126,14800000,na_G,,-2.958607315,False
727,52,128,14800000,na_G,,-3.27572413,False
728,52,130,14800000,na_G,,-3.408935393,False
729,37,87,14800000,na_G,,-2.677780705,False
730,37,87,14800000,na_M,,-2.721246399,False
731,41,93,14800000,na_M,,-2.552841969,False
732,50,118,14800000,na_G,,-2.958607315,False
733,50,118,14800000,na_M,,-3.522878745,False
734,48,114,14000000,na_G,,-3.292429824,False
735,48,114,14000000,na_M,,-3.886056648,False
736,40,90,14800000,na_M,,-2.48148606,False
737,50,120,14600000,na_G,,-3.677780705,False
738,50,120,14600000,na_M,,-3.823908741,False
739,50,122,14600000,na_G,,-3.823908741,False
740,50,122,14600000,na_M,,-4.494850022,False
741,52,126,14600000,na_M,,-3.15490196,False
742,38,88,14100000,na_M,,-2.920818754,False
743,39,89,14100000,na_M,,-2.829738285,False
744,40,90,14100000,na_M,,-2.42136079,False
745,41,93,14100000,na_M,,-2.258060922,False
746,42,92,14100000,na_M,,-2.180456064,False
747,56,138,14100000,na_M,,-3.055517328,False
748,63,151,14100000,na_M,,-2.698970004,False
749,63,151,14100000,na_G,,-2.747146969,False
750,29,65,14800000,na_G,,-2.244125144,False
751,29,65,14800000,na_M,,-2.096910013,False
752,74,182,14500000,na_M2,,-5.301029996,False
753,74,183,14500000,na_M,,-4.27572413,False
754,76,190,14500000,na,,-3.092588639,True
755,77,193,14500000,na_M,,-3.866461092,False
756,78,196,14500000,na,,-3.173925197,True
757,79,197,14500000,na_M,,-4.795880017,False
758,79,197,14500000,na_G,,-3.377785977,False
759,38,88,13470000,na_M,,-3.096367484,False
760,38,88,13640000,na_M,,-2.982966661,False
761,38,88,13880000,na_M,,-2.970616222,False
762,38,88,14050000,na_M,,-2.906578315,False
763,38,88,14280000,na_M,,-2.886056648,False
764,38,88,14470000,na_M,,-2.860120914,False
765,38,88,14680000,na_M,,-2.815308569,False
766,38,88,14860000,na_M,,-2.793174124,False
767,39,89,13470000,na_M,,-2.987162775,False
768,39,89,13650000,na_M,,-2.924453039,False
769,39,89,13880000,na_M,,-2.882728704,False
770,39,89,14040000,na_M,,-2.879426069,False
771,39,89,14260000,na_M,,-2.795880017,False
772,39,89,14430000,na_M,,-2.739928612,False
773,39,89,14620000,na_M,,-2.732828272,False
774,39,89,14780000,na_M,,-2.698970004,False
775,40,90,13560000,na_M,,-2.458420756,False
776,40,90,13740000,na_M,,-2.455931956,False
777,40,90,13960000,na_M,,-2.432973634,False
778,40,90,14190000,na_M,,-2.401209493,False
779,40,90,14420000,na_M,,-2.394694954,False
780,40,90,14610000,na_M,,-2.401209493,False
781,40,90,14780000,na_M,,-2.389339837,False
782,41,93,13470000,na_M,,-2.298432015,False
783,41,93,13560000,na_M,,-2.317854924,False
784,41,93,13660000,na_M,,-2.288192771,False
785,41,93,13740000,na_M,,-2.288192771,False
786,41,93,13880000,na_M,,-2.277366077,False
787,41,93,13960000,na_M,,-2.271646218,False
788,41,93,14050000,na_M,,-2.245651664,False
789,41,93,14190000,na_M,,-2.245651664,False
790,41,93,14270000,na_M,,-2.251037139,False
791,41,93,14420000,na_M,,-2.253365801,False
792,41,93,14470000,na_M,,-2.232844134,False
793,41,93,14610000,na_M,,-2.236572006,False
794,41,93,14680000,na_M,,-2.241088108,False
795,41,93,14780000,na_M,,-2.235823868,False
796,41,93,14860000,na_M,,-2.233587153,False
797,42,92,13470000,na_M,,-2.193820026,False
798,42,92,13660000,na_M,,-2.213248578,False
799,42,92,13880000,na_M,,-2.17327748,False
800,42,92,14040000,na_M,,-2.181774106,False
801,42,92,14260000,na_M,,-2.186419011,False
802,42,92,14440000,na_M,,-2.142667504,False
803,42,92,14630000,na_M,,-2.163043263,False
804,42,92,14810000,na_M,,-2.172630727,False
805,48,114,13450000,na_M,,-3.809668302,False
806,48,114,13880000,na_M,,-3.806875402,False
807,48,114,14440000,na_M,,-3.625251654,False
808,48,114,14640000,na_M,,-3.540607512,False
809,48,114,14810000,na_M,,-3.653647026,False
810,48,114,14880000,na_M,,-3.525783736,False
811,50,118,13470000,na_G,,-3.229147988,False
812,50,118,13880000,na_G,,-3.145086978,False
813,50,118,14050000,na_G,,-3.148741651,False
814,50,118,14280000,na_G,,-3.091514981,False
815,50,118,14490000,na_G,,-3.055517328,False
816,50,118,14700000,na_G,,-2.974694135,False
817,50,118,14880000,na_G,,-2.950781977,False
818,50,120,13470000,na_M,,-4,False
819,50,120,13880000,na_M,,-3.91721463,False
820,50,120,14050000,na_M,,-3.920818754,False
821,50,120,14280000,na_M,,-3.798602876,False
822,50,120,13470000,na_G,,-3.920818754,False
823,50,120,13880000,na_G,,-3.759450752,False
824,50,120,14050000,na_G,,-3.609064893,False
825,50,120,13470000,na,,-3.657577319,True
826,50,120,13880000,na,,-3.530177984,True
827,50,120,14050000,na,,-3.436518915,True
828,56,138,13470000,na_M,,-3.13667714,False
829,56,138,13660000,na_M,,-3.142667504,False
830,56,138,13880000,na_M,,-3.060480747,False
831,56,138,14040000,na_M,,-3.102372909,False
832,56,138,14260000,na_M,,-3.008773924,False
833,56,138,14440000,na_M,,-3.008773924,False
834,56,138,14630000,na_M,,-3.004364805,False
835,56,138,14810000,na_M,,-2.954677021,False
836,63,151,13470000,na_M,,-2.754487332,False
837,63,151,13560000,na_M,,-2.739928612,False
838,63,151,13680000,na_M,,-2.723538196,False
839,63,151,13740000,na_M,,-2.669586227,False
840,63,151,13880000,na_M,,-2.725842151,False
841,63,151,13960000,na_M,,-2.721246399,False
842,63,151,14050000,na_M,,-2.705533774,False
843,63,151,14190000,na_M,,-2.657577319,False
844,63,151,14260000,na_M,,-2.723538196,False
845,63,151,14420000,na_M,,-2.70333481,False
846,63,151,14470000,na_M,,-2.663540266,False
847,63,151,14610000,na_M,,-2.617982957,False
848,63,151,14680000,na_M,,-2.642065153,False
849,63,151,14780000,na_M,,-2.694648631,False
850,63,151,14860000,na_M,,-2.659555885,False
851,63,151,13470000,na_G,,-2.790484985,False
852,63,151,13640000,na_G,,-2.747146969,False
853,63,151,13880000,na_G,,-2.747146969,False
854,63,151,14050000,na_G,,-2.735182177,False
855,63,151,14280000,na_G,,-2.716698771,False
856,63,151,14470000,na_G,,-2.764471553,False
857,63,151,14680000,na_G,,-2.716698771,False
858,63,151,14860000,na_G,,-2.73754891,False
859,73,181,13680000,na_M,,-3.821023053,False
860,73,181,13880000,na_M,,-3.76700389,False
861,73,181,14260000,na_M,,-3.692503962,False
862,73,181,14440000,na_M,,-3.665546249,False
863,73,181,14640000,na_M,,-3.616184634,False
864,73,181,14710000,na_M,,-3.679853714,False
865,73,181,13680000,na_G,,-3.518557371,False
866,73,181,13880000,na_G,,-3.394694954,False
867,73,181,14260000,na_G,,-3.374687549,False
868,73,181,14440000,na_G,,-3.373659633,False
869,73,181,14710000,na_G,,-3.280668713,False
870,74,182,14280000,na_M2,,-5.657577319,False
871,74,182,14820000,na_M2,,-5.096910013,False
872,74,183,13640000,na_M,,-4.602059991,False
873,74,183,13880000,na_M,,-4.48148606,False
874,74,183,14280000,na_M,,-4.408935393,False
875,74,183,14470000,na_M,,-4.22184875,False
876,74,183,14680000,na_M,,-4.327902142,False
877,74,183,14820000,na_M,,-4.148741651,False
878,76,190,13640000,na,,-3.281498311,True
879,76,190,13880000,na,,-3.225483034,True
880,76,190,14470000,na,,-3.098541679,True
881,76,190,14680000,na,,-3.074172425,True
882,76,190,14820000,na,,-3.017728767,True
883,77,193,13640000,na_M,,-4.301029996,False
884,77,193,13880000,na_M,,-3.882728704,False
885,77,193,14100000,na_M,,-3.995678626,False
886,77,193,14280000,na_M,,-3.886056648,False
887,77,193,14470000,na_M,,-4.045757491,False
888,77,193,14680000,na_M,,-3.795880017,False
889,77,193,14820000,na_M,,-3.742321425,False
890,78,196,13880000,na,,-3.366531544,True
891,78,196,14050000,na,,-3.356547324,True
892,78,196,14280000,na,,-3.207608311,True
893,78,196,14470000,na,,-3.27572413,True
894,78,196,14680000,na,,-3.096910013,True
895,78,196,14820000,na,,-3.086186148,True
896,79,197,13640000,na_M,,-5.397940009,False
897,79,197,14280000,na_M,,-4.886056648,False
898,79,197,14820000,na_M,,-4.698970004,False
899,79,197,13640000,na_G,,-3.657577319,False
900,79,197,13880000,na_G,,-3.552841969,False
901,79,197,14280000,na_G,,-3.443697499,False
902,79,197,14470000,na_G,,-3.187086643,False
903,79,197,14680000,na_G,,-3.420216403,False
904,79,197,14820000,na_G,,-3.26760624,False
905,81,205,13580000,na,,-3.853871964,True
906,81,205,14230000,na,,-3.886056648,True
907,81,205,14500000,na,,-3.698970004,True
908,81,205,14720000,na,,-3.318758763,True
909,81,205,14800000,na,,-3.48148606,True
910,81,205,14880000,na,,-3.259637311,True
911,83,209,13480000,na_M,,-5.119186408,False
912,83,209,13950000,na_M,,-5.236572006,False
913,83,209,14230000,na_M,,-4.931814138,False
914,83,209,14710000,na_M,,-4.853871964,False
915,83,209,14820000,na_M,,-4.769551079,False
916,83,209,14880000,na_M,,-4.764471553,False
917,62,148,4800000,na,,-4.251811973,True
918,62,148,5100000,na,,-4.148741651,True
919,62,148,5300000,na,,-4,True
