Z,A,procedure,star,cls
26,54,e,False,measured
26,56,e,False,measured
26,57,e,False,measured
26,58,e,False,measured
26,59,,False,no_page_value
27,59,e,False,measured
28,58,e,False,measured
28,60,e,False,measured
28,61,e,False,measured
28,62,e+t,False,measured_30keV_only
28,63,t,True,dropped:t*
28,64,e,False,measured
29,63,e,False,measured
29,65,e,False,measured
30,64,e,False,measured
30,66,e,False,measured
30,67,e,False,measured
30,68,e,False,measured
31,69,e,False,measured
31,71,e+t,False,measured_30keV_only
32,70,e,False,measured
32,72,t,True,dropped:t*
32,73,t,True,dropped:t*
32,74,e+t,False,measured_30keV_only
33,75,e,False,measured
34,74,e+t,False,measured_30keV_only
34,77,t,True,dropped:t*
34,78,e+t,False,measured_30keV_only
34,79,t,True,dropped:t*
34,80,e,False,measured
34,82,t,True,dropped:t*
35,79,e,False,measured
35,81,e,False,measured
36,78,e,False,measured
36,80,e,False,measured
36,82,e,False,measured
36,83,e,False,measured
36,84,e,False,measured
36,86,e,False,measured
37,85,e,False,measured
37,87,e,False,measured
38,84,e+t,False,measured_30keV_only
38,86,e,False,measured
38,87,e,False,measured
38,88,e,False,measured
39,89,e,False,measured
40,88,,False,no_page_value
40,90,e,False,measured
40,91,e+t,False,measured_30keV_only
40,92,e,False,measured
40,93,e,False,measured
40,94,e,False,measured
40,95,t,True,dropped:t*
40,96,e,False,measured
41,93,e,False,measured
42,92,e,False,measured
42,94,e,False,measured
42,95,e,False,measured
42,96,e,False,measured
42,97,e,False,measured
42,98,e,False,measured
42,100,e,False,measured
43,99,e,False,measured
44,96,e+t,False,measured_30keV_only
44,100,e,False,measured
44,101,e,False,measured
44,102,e,False,measured
44,104,e,False,measured
45,103,e,False,measured
46,104,e,False,measured
46,105,e,False,measured
46,106,e,False,measured
46,107,e,False,measured
46,108,e,False,measured
46,110,e,False,measured
47,107,e,False,measured
47,109,e,False,measured
48,106,e,False,measured
48,108,e,False,measured
48,110,,False,no_page_value
48,111,,False,no_page_value
48,112,,False,no_page_value
48,113,,False,no_page_value
48,114,,False,no_page_value
48,116,,False,no_page_value
49,115,e,False,measured
50,112,e,False,measured
50,114,e,False,measured
50,115,e,False,measured
50,116,e,False,measured
50,117,e,False,measured
50,118,e,False,measured
50,119,e,False,measured
50,120,e,False,measured
50,122,e,False,measured
50,124,e,False,measured
50,126,t,True,dropped:t*
50,128,,False,no_page_value
50,130,,False,no_page_value
50,132,,False,no_page_value
51,121,e+t,False,measured_30keV_only
51,123,e+t,False,measured_30keV_only
52,122,e,False,measured
52,123,e,False,measured
52,124,e,False,measured
52,125,e,False,measured
52,126,e,False,measured
52,128,e,False,measured
52,130,e,False,measured
53,127,e,False,measured
53,129,e,False,measured
54,124,e+t,False,measured_30keV_only
54,128,e+t,False,measured_30keV_only
54,129,e+t,False,measured_30keV_only
54,130,e+t,False,measured_30keV_only
54,132,e,False,measured
54,134,e+t,False,measured_30keV_only
54,136,e,False,measured
55,133,e,False,measured
56,130,e+t,False,measured_30keV_only
56,134,e,False,measured
56,135,e,False,measured
56,136,e,False,measured
56,137,e,False,measured
56,138,e,False,measured
57,139,e,False,measured
58,140,e,False,measured
58,142,e+t,False,measured_30keV_only
59,141,e,False,measured
60,142,e,False,measured
60,143,e,False,measured
60,144,e,False,measured
60,145,e,False,measured
60,146,e,False,measured
60,148,e,False,measured
60,150,e,False,measured
62,144,e,False,measured
62,147,e,False,measured
62,148,e,False,measured
62,149,e,False,measured
62,150,e,False,measured
62,151,,False,no_page_value
62,152,e,False,measured
62,154,e,False,measured
63,151,e,False,measured
63,153,e,False,measured
64,152,e,False,measured
64,154,e,False,measured
64,155,e,False,measured
64,156,e,False,measured
64,157,e,False,measured
64,158,e,False,measured
64,160,e,False,measured
65,159,e,False,measured
66,156,e+t,False,measured_30keV_only
66,160,e,False,measured
66,161,e,False,measured
66,162,e,False,measured
66,163,e,False,measured
66,164,e,False,measured
67,165,e,False,measured
68,162,e+t,False,measured_30keV_only
68,164,e+t,False,measured_30keV_only
68,166,e,False,measured
68,167,e,False,measured
68,168,e,False,measured
68,170,e,False,measured
69,169,e,False,measured
69,171,t,True,dropped:t*
70,168,e+t,False,measured_30keV_only
70,170,e,False,measured
70,171,e,False,measured
70,172,e,False,measured
70,173,e,False,measured
70,174,e,False,measured
70,176,e,False,measured
71,175,,False,no_page_value
71,176,,False,no_page_value
72,176,,False,no_page_value
72,177,,False,no_page_value
72,178,,False,no_page_value
72,179,,False,no_page_value
72,180,,False,no_page_value
73,181,e,False,measured
74,180,e+t,False,measured_30keV_only
74,182,e,False,measured
74,183,e,False,measured
74,184,e+t,False,measured_30keV_only
74,186,e+t,False,measured_30keV_only
75,185,e+t,False,measured_30keV_only
75,187,e+t,False,measured_30keV_only
76,186,e,False,measured
76,187,e,False,measured
76,188,e,False,measured
76,189,e,False,measured
76,190,e+t,False,measured_30keV_only
76,192,e+t,False,measured_30keV_only
77,191,e,False,measured
77,193,e,False,measured
78,192,e+t,True,dropped:e+t*
78,194,t,True,dropped:t*
78,195,t,True,dropped:t*
78,196,e+t,False,measured_30keV_only
78,198,e+t,False,measured_30keV_only
79,197,e,False,measured
80,198,e,False,measured
80,199,e,False,measured
80,200,e,False,measured
80,201,e,False,measured
80,202,e+t,False,measured_30keV_only
80,204,e+t,False,measured_30keV_only
81,203,e,False,measured
81,205,e,False,measured
82,204,e,False,measured
82,206,e,False,measured
82,207,e,False,measured
82,208,e,False,measured
83,209,e,False,measured
90,232,,False,no_page_value
91,233,,False,no_page_value
92,233,,False,no_page_value
92,234,,False,no_page_value
92,235,,False,no_page_value
92,236,,False,no_page_value
92,238,,False,no_page_value
