Z,A,E_MeV,recipe_mb,pred_mb,lo68_mb,hi68_mb,lo95_mb,hi95_mb,sigma_dex,below_engine_threshold,tendl_fitted_other_data,outside_training_asymmetry,outside_training_Z
26,61,1.0588795,0,,,,,,0.24197854021671247,True,False,False,False
26,61,1.1667539,0,,,,,,0.24197854021671247,True,False,False,False
26,61,1.2856181,0,,,,,,0.24197854021671247,True,False,False,False
26,61,1.4165916999999999,0,,,,,,0.24197854021671247,True,False,False,False
26,61,1.5609084,0,,,,,,0.24197854021671247,True,False,False,False
26,61,1.7199275000000001,0,,,,,,0.24197854021671247,True,False,False,False
26,61,1.8951468,0,,,,,,0.24197854021671247,True,False,False,False
26,61,2.0882166999999998,0,,,,,,0.24197854021671247,True,False,False,False
26,61,2.3009557999999997,0,,,,,,0.24197854021671247,True,False,False,False
26,61,2.5353678999999998,0,,,,,,0.24197854021671247,True,False,False,False
26,61,2.7936610000000002,0,,,,,,0.24197854021671247,True,False,False,False
26,61,3.078268,0,,,,,,0.24197854021671247,True,False,False,False
26,61,3.3918696000000002,0,,,,,,0.24197854021671247,True,False,False,False
26,61,3.7374196,0,,,,,,0.24197854021671247,True,False,False,False
26,61,4.1181729000000002,0,,,,,,0.24197854021671247,True,False,False,False
26,61,4.5377158,0,,,,,,0.24197854021671247,True,False,False,False
26,61,5,0,,,,,,0.24197854021671247,True,False,False,False
26,61,5.0999999999999996,0,,,,,,0.24197854021671247,True,False,False,False
26,61,5.2000000000000002,0,,,,,,0.24197854021671247,True,False,False,False
26,61,5.2999999999999998,0,,,,,,0.24197854021671247,True,False,False,False
26,61,5.4000000000000004,0,,,,,,0.24197854021671247,True,False,False,False
26,61,5.5,0,,,,,,0.24197854021671247,True,False,False,False
26,61,5.5999999999999996,0,,,,,,0.24197854021671247,True,False,False,False
26,61,5.7000000000000002,0,,,,,,0.24197854021671247,True,False,False,False
26,61,5.7999999999999998,0,,,,,,0.24197854021671247,True,False,False,False
26,61,5.9000000000000004,0,,,,,,0.24197854021671247,True,False,False,False
26,61,6,0,,,,,,0.24197854021671247,True,False,False,False
26,61,6.0999999999999996,0,,,,,,0.24197854021671247,True,False,False,False
26,61,6.2000000000000002,0,,,,,,0.24197854021671247,True,False,False,False
26,61,6.2999999999999998,0,,,,,,0.24197854021671247,True,False,False,False
26,61,6.4000000000000004,0,,,,,,0.24197854021671247,True,False,False,False
26,61,6.5,0,,,,,,0.24197854021671247,True,False,False,False
26,61,6.5999999999999996,0,,,,,,0.23772818589579972,True,False,False,False
26,61,6.7000000000000002,1.6670520084039491e-29,3.459616129586838e-29,1.8403578839505912e-29,6.5035957780148523e-29,6.8723021352370619e-30,1.7416207158192033e-28,0.23357563179387295,False,False,False,False
26,61,6.7999999999999998,1.3074474923149976e-19,2.7133325236394058e-19,1.4591333153908667e-19,5.0455796644374738e-19,5.5418808045351132e-20,1.3284611566915451e-18,0.229555899013583,False,False,False,False
26,61,6.9000000000000004,3.1017615962535472e-15,6.4370543896861769e-15,3.4981997695846328e-15,1.1844855052602685e-14,1.3506153701327064e-15,3.0679103860417915e-14,0.22566577110674577,False,False,False,False
26,61,7,1.2424131818830619e-12,2.578367478630235e-12,1.4155307992329705e-12,4.6964565225005037e-12,5.55264224695841e-13,1.1972640338029379e-11,0.22190208674322648,False,False,False,False
26,61,7.0999999999999996,7.3436513814417737e-11,1.5240205249278797e-10,8.4496293310044268e-11,2.7488052663788895e-10,3.3657776667162108e-11,6.9007486245147932e-10,0.21826173780471342,False,False,False,False
26,61,7.2000000000000002,2.6923739682160885e-08,5.5874563962992154e-08,3.1274628688928683e-08,9.982426743118098e-08,1.2644074089053037e-08,2.4691146825511188e-07,0.21474166760412822,False,False,False,False
26,61,7.2999999999999998,1.6256181822882354e-07,3.3736289303766164e-07,1.905762908532157e-07,5.9720818937756285e-07,7.8162070718518314e-08,1.4561246977272797e-06,0.21133886923309164,False,False,False,False
26,61,7.4000000000000004,9.621471690479666e-07,1.9967342640146796e-06,1.1380234531054761e-06,3.5033967975005511e-06,4.7326168717608589e-07,8.4244041491717561e-06,0.20805038403929935,False,False,False,False
26,61,7.5,3.3260496365983272e-06,6.9025170855939637e-06,3.9679580762886577e-06,1.2007370340333851e-05,1.6723844643931572e-06,2.8489108294966732e-05,0.20487330023502776,False,False,False,False
26,61,7.5999999999999996,9.6247058536391705e-06,1.9974054466158209e-05,1.1577827634310433e-05,3.4459215011522899e-05,4.9432919254453902e-06,8.0707928609963337e-05,0.20180475163729059,False,False,False,False
26,61,7.7000000000000002,2.2360762159223668e-05,4.6405062976991366e-05,2.7114613335663512e-05,7.9419530835284142e-05,1.1722469363329941e-05,0.00018370104481866813,0.19884191653941469,False,False,False,False
26,61,7.7999999999999998,4.959796933690086e-05,0.00010764712988554006,6.3386518407824365e-05,0.00018281339413593557,2.7736430682780092e-05,0.00041778643781258324,0.19598201671300453,False,False,False,False
26,61,7.9000000000000004,0.00010030900739366189,0.0002177100573261058,0.00012915515185935302,0.00036698241129824412,5.7176803660448549e-05,0.00082896674921552338,0.19322231653843197,False,False,False,False
26,61,8,0.00018787331646308303,0.00040775909920735478,0.0002436471126000507,0.00068241105429935143,0.00010908003996712059,0.0015242704626484416,0.1905601222611365,False,False,False,False
26,61,8.0999999999999996,0.0003298172086942941,0.00071583325643104743,0.00043070758914301108,0.0011897102905296985,0.00019492551814100412,0.0026287848604922429,0.1879927813701579,False,False,False,False
26,61,8.1999999999999993,0.0011109316255897284,0.0024111592186665982,0.0014604992306264197,0.0039806174873966774,0.00066791426104377105,0.0087042441176142602,0.18551768209447073,False,False,False,False
26,61,8.3000000000000007,0.0018784828716889024,0.0040770477578002604,0.002485540214784684,0.0066876079173895332,0.0011481778264330628,0.014477128922636605,0.18313225301185726,False,False,False,False
26,61,8.4000000000000004,0.0030423626303672791,0.0066031252813086271,0.0040506229461624221,0.010764088403233178,0.0018893810719550987,0.023077008724099953,0.18083396276425853,False,False,False,False
26,61,8.5,0.0047451318241655827,0.010198462000392443,0.006293683610057609,0.016525874768670911,0.0029631729108563053,0.035100424545725192,0.17862031987279692,False,False,False,False
26,61,8.5999999999999996,0.0071652065962553024,0.015399801292079138,0.0095584356281367307,0.024810951191366858,0.0045409080785056332,0.052226091287354851,0.17648887264498214,False,False,False,False
26,61,8.6999999999999993,0.010116876102983952,0.019702076225338781,0.012296783902289927,0.03156693739383138,0.0058925748609651128,0.065874735026358808,0.17443720916600583,False,False,False,False
26,61,8.8000000000000007,0.012211260385811329,0.023780777829013246,0.014921847396396277,0.037899154114755661,0.0072102787847985877,0.078433221659221244,0.17246295736551087,False,False,False,False
26,61,8.9000000000000004,0.020179478451609612,0.039298457210910111,0.024785684575025869,0.062308899900785621,0.012072821130447414,0.12792111491347005,0.17056378515080023,False,False,False,False
26,61,9,0.023708224296569824,0.046170501398220841,0.029263984840496342,0.072844324208820116,0.014364363384087324,0.14840304038288271,0.16873740059712952,False,False,False,False
26,61,9.0999999999999996,0.036817315965890884,0.071699757730394276,0.045661190842761143,0.1125869729569752,0.022579589246545635,0.22767709378875045,0.16698155218551938,False,False,False,False
26,61,9.1999999999999993,0.042477361857891083,0.082722395001815691,0.052921620176416481,0.12930432991327565,0.026356799869375218,0.25962919128082429,0.16529402907842386,False,False,False,False
26,61,9.3000000000000007,0.058166287839412689,0.11327574095911837,0.072786324493843715,0.17628852094218012,0.036498827655311691,0.35155631876767751,0.16367266142360479,False,False,False,False
26,61,9.4000000000000004,0.0709238201379776,0.13812035418111998,0.089124737655012082,0.21405092167522569,0.044986240606151189,0.42406815910973245,0.16211532067668649,False,False,False,False
26,61,9.5,0.091769188642501831,0.17871559672839984,0.11578653222743822,0.2758461100747891,0.058813679555304747,0.54305843054683101,0.16061991993309432,False,False,False,False
26,61,9.5999999999999996,0.11133337020874023,0.21681579609633581,0.14101692111714781,0.33335779184850967,0.072064387429151652,0.65232066925017174,0.15918441426041188,False,False,False,False
26,61,9.6999999999999993,0.13745744526386261,0.26769103790152937,0.17475552484701029,0.41004993596357803,0.089826302110752224,0.79774509346322642,0.15780680102261435,False,False,False,False
26,61,9.8000000000000007,0.16326943039894104,0.31795850124514297,0.20831409493255765,0.48531333679935706,0.10767427512987444,0.93892072542040139,0.15648512018814087,False,False,False,False
26,61,9.9000000000000004,0.19586578011512756,0.38143815249704344,0.25076105270350896,0.5802139631005061,0.13030922098551201,1.1165369808828352,0.15521745461434916,False,False,False,False
26,61,10,0.23090673983097076,0.45145016465057047,0.29776408632688589,0.68445880655764268,0.15552981140298186,1.3104063415531138,0.15400193030153272,False,False,False,False
26,61,10.1,0.26827839016914368,0.52451618996789995,0.34704748304600258,0.79273657634328443,0.18216475278768043,1.5102660055159034,0.15283671661037196,False,False,False,False
26,61,10.199999999999999,0.31394100189208984,0.61379203178953468,0.40734444760839261,0.92486999761565702,0.21482385153711409,1.7537189450457156,0.15172002643741284,False,False,False,False
26,61,10.300000000000001,0.35700380802154541,0.6979849441821715,0.46456048015587226,1.0486965704476765,0.24610618524847333,1.9795641536319788,0.15065011634391604,False,False,False,False
26,61,10.4,0.41096875071525574,0.80349283140221561,0.53626685972199795,1.2038795954115646,0.28532395094600854,2.2626937835895715,0.14962528663417865,False,False,False,False
26,61,10.5,0.46162316203117371,0.90252823567663731,0.60396466793220027,1.3486835562457506,0.32267570906141729,2.5243834392211495,0.14864388138019041,False,False,False,False
26,61,10.6,0.5245203971862793,1.0254998180030079,0.68800094437204529,1.5285587691802778,0.36903254149559617,2.849748351357118,0.14770428839023389,False,False,False,False
26,61,10.699999999999999,0.58096021413803101,1.1358463790188023,0.76388595628801814,1.6889261886674654,0.41129301878866947,3.1368074287519763,0.14680493911976625,False,False,False,False
26,61,10.800000000000001,0.64702785015106201,1.2650164724426249,0.85273708260128023,1.876623766225292,0.46080186651615024,3.472786878338515,0.14594430852361673,False,False,False,False
26,61,10.9,0.67002886533737183,1.3099861952865359,0.88501784362178526,1.9390160822278957,0.47990930965824841,3.5758085898840615,0.14512091484919501,False,False,False,False
26,61,11,0.74413347244262695,1.4548695239564691,0.98499421714376567,2.1488911253459531,0.53589947412046812,3.9497059317164194,0.14433331937102015,False,False,False,False
26,61,11.1,0.78839117288589478,1.1828213904607401,0.80244034470411574,1.7435145814451252,0.43796751552323976,3.1944525384719773,0.1435801260674493,False,False,False,False
26,61,11.199999999999999,0.96909338235855103,1.4324927634959119,0.97371349389908124,2.1074325562143583,0.53306393026634413,3.8495111016850463,0.14285998124099789,False,False,False,False
26,61,11.300000000000001,1.0050652027130127,1.8948401285967298,1.2903848187071325,2.7824406029030921,0.7084809731888434,5.0677706936576499,0.14217157308410422,False,False,False,False
26,61,11.4,1.0280605554580688,2.0099807713367208,1.3712313641110057,2.9462735515553051,0.75496135756847449,5.3512973354757847,0.14151363119259344,False,False,False,False
26,61,11.5,1.0669136047363281,1.577088488975628,1.0777368914701144,2.3078064059463435,0.59494692515085523,4.1805545955696317,0.14088492602944233,False,False,False,False
26,61,11.6,1.116147518157959,1.6010202176157724,1.0958684875548588,2.3390267776872631,0.60649054459102014,4.2263902711673165,0.14028426834173624,False,False,False,False
26,61,11.699999999999999,1.4130275249481201,2.026869744980567,1.3895072915803295,2.9565882727000345,0.77086314474528883,5.3293518974435266,0.13971050853394476,False,False,False,False
26,61,11.800000000000001,1.4362682104110718,2.123060434945637,1.4576070177496385,3.0923188181341175,0.81051401573595105,5.5611445612557704,0.13916253600082484,False,False,False,False
26,61,11.9,1.4650747776031494,2.8364138416217486,1.950122026264647,4.1255077234083011,1.0867764693065702,7.402850271571304,0.1386392784233938,False,False,False,False
26,61,12,1.496619701385498,2.1936726489412024,1.5102551269078461,3.1863488525712831,0.84341971234552493,5.7055812429734756,0.13813970103149942,False,False,False,False
26,61,12.1,1.528891921043396,1.9272765030032555,1.3285631784753,2.7957983325198059,0.74344541329165048,4.9961902415709929,0.13766280583656007,False,False,False,False
26,61,12.199999999999999,1.8770550489425659,2.3661607736155679,1.6331144865476317,3.428245143077866,0.91562400734476168,6.1146461448000533,0.13720763083804946,False,False,False,False
26,61,12.300000000000001,1.8968286514282227,2.7802795382915559,1.9211914138798898,4.0235211625435534,1.0791125878792296,7.1632509877716455,0.13677324920727202,False,False,False,False
26,61,12.4,1.9609470367431641,2.898629266146437,2.0052165628706629,4.1900968594296248,1.1282790843143313,7.4467848774017273,0.13635876845191242,False,False,False,False
26,61,12.5,2.0357961654663086,2.9839713875666165,2.0664616700020102,4.3088557465513393,1.1646806637512073,7.6450872062544013,0.13596332956475349,False,False,False,False
26,61,12.6,2.0531072616577148,2.248296284889912,1.5585794793611727,3.2432328614525612,0.87983120260645076,5.7452340513442905,0.13558610615984612,False,False,False,False
26,61,12.699999999999999,2.4219820499420166,2.6522400201137235,1.8403926969079316,3.8222153000886143,1.0404947547430954,6.7606079629201732,0.13522630359928267,False,False,False,False
26,61,12.800000000000001,2.4796769618988037,3.1258083569730735,2.1710145928394469,4.5005123027495362,1.2291945239867357,7.9488459262190299,0.13488315811357923,False,False,False,False
26,61,12.9,2.5829672813415527,3.7200232443457653,2.5860092738550584,5.3513237861839249,1.4661799235813173,9.438523005191918,0.13455593591851278,False,False,False,False
26,61,13,2.612177848815918,3.7469505418642131,2.6069251037018373,5.3855165778411553,1.4799845699311245,9.4863410392379262,0.13424393233109028,False,False,False,False
26,61,13.1,2.6204466819763184,2.9971143401195035,2.0869065759101169,4.3043107302647412,1.1862506120660083,7.5723411869144979,0.13394647088715328,False,False,False,False
26,61,13.199999999999999,2.8000757694244385,3.0662791308449275,2.1367031022027607,4.4002686655728569,1.2160095500202215,7.7319028523244544,0.13366290246294138,False,False,False,False
26,61,13.300000000000001,3.0519471168518066,3.4906394135462091,2.4341912933708496,5.0055899668136314,1.3868917604832811,8.7855187135558062,0.13339260440275877,False,False,False,False
26,61,13.4,3.1989068984985352,4.6071075328263129,3.2149958413774526,6.6020115938722332,1.8337499941300648,11.574882010616911,0.13313497965470761,False,False,False,False
26,61,13.5,3.132253885269165,4.5111129918539765,3.1500969456788597,6.4601632191634648,1.7985947147697963,11.314466932523136,0.13288945591627485,False,False,False,False
26,61,13.6,3.420039176940918,4.9255851309837118,3.4416970038147308,7.0492518242241635,1.9670280427162747,12.334033046659162,0.13265548479138461,False,False,False,False
26,61,13.699999999999999,3.4136209487915039,3.8616462814378409,2.6999078592956822,5.5232670076499719,1.5445258752688924,9.6549447579481722,0.13243254096035972,False,False,False,False
26,61,13.800000000000001,3.8446340560913086,4.2101436327745025,2.9452533693518599,6.0182630102524461,1.6863897698567967,10.510802262573536,0.13222012136407249,False,False,False,False
26,61,13.9,3.8381562232971191,5.5277627669677063,3.8691240676360823,7.897436389664124,2.2172701604301772,13.780982468075166,0.13201774440340905,False,False,False,False
26,61,14,4.1049127578735352,6.4438039433859267,4.5126520005487558,9.2013763205642078,2.5881587406693041,16.043300825535209,0.13182494915502163,False,False,False,False
26,61,14.1,4.0893383026123047,7.9106338401718075,5.5426358446852388,11.290319174274583,3.1813524110554656,19.670291017055238,0.13164129460420396,False,False,False,False
26,61,14.199999999999999,4.3853082656860352,7.9278601642084032,5.5573320935145318,11.309557486512327,3.1921418627849234,19.689277445962059,0.13146635889558964,False,False,False,False
26,61,14.300000000000001,4.5175356864929199,5.6167435812064443,3.9390411060099044,8.0090071690012152,2.2641829523960002,13.933418420821218,0.13129973860225189,False,False,False,False
26,61,14.4,5.0593056678771973,5.9626771755360819,4.1834391109080826,8.4986342951556626,2.4062741280402253,14.775340301154831,0.13114104801366414,False,False,False,False
26,61,14.5,4.9898195266723633,6.4989714968603112,4.5615680082062724,9.2592350790383815,2.6254430445688319,16.087429740430391,0.13098991844287602,False,False,False,False
26,61,14.6,5.0178661346435547,5.3501301365554603,3.7566676425311272,7.6194902508844384,2.1634896220272921,13.230427447697675,0.13084599755315818,False,False,False,False
26,61,14.699999999999999,5.6795916557312012,6.1097460061323741,4.2916315133896186,8.6980897924219249,2.4730077446978971,15.094573132447115,0.1307089487042794,False,False,False,False
26,61,14.800000000000001,5.9014334678649902,5.8213634973920341,4.090507011638107,8.2846143210001078,2.3584094345105973,14.369122033215026,0.13057845031849596,False,False,False,False
26,61,14.9,5.9450473785400391,5.6528814072422389,3.9734533988148808,8.0421399213781868,2.2921221736193074,13.941258704324342,0.13045419526625754,False,False,False,False
26,61,15,5.9251933097839355,5.6340030554002309,3.9614499294939707,8.0127203405834297,2.2863382832473684,13.883330678072209,0.13033589027156631,False,False,False,False
26,61,15.1,5.9986615180969238,5.175229987490928,3.6399794893449871,7.3580099837993709,2.1018007744036726,12.742884934479239,0.13022325533686366,False,False,False,False
26,61,15.199999999999999,6.885106086730957,5.9399930100424507,4.1790836479373059,8.4428836395194562,2.4141823684292305,14.615100093830158,0.13011602318726501,False,False,False,False
26,61,15.300000000000001,7.0933513641357422,6.7447526467327137,4.7465817400427248,9.5840945667983952,2.743196666737497,16.583458567595713,0.13001393873391476,False,False,False,False
26,61,15.4,7.1233048439025879,6.7732340797768673,4.7678773284058513,9.6220386430935605,2.7566335743882284,16.642291643579092,0.12991675855618987,False,False,False,False
26,61,15.5,7.104222297668457,6.7550893344214069,4.756293576111803,9.5938636221266815,2.7510092618054269,16.587087709790943,0.12982425040244475,False,False,False,False
26,61,15.6,7.1400198936462402,6.1599149999386187,4.3382604403010259,8.7464902876683617,2.5101536156897226,15.116426568197362,0.12973619270895642,False,False,False,False
26,61,15.699999999999999,8.2138767242431641,7.020579317635268,4.9455229484930454,9.9662936495374748,2.8625324390187474,17.218506691265233,0.12965237413670283,False,False,False,False
26,61,15.800000000000001,8.3832283020019531,7.2324691716006502,5.0958835342261182,10.264875554322806,2.9505556501592616,17.728393062279757,0.12957259312558325,False,False,False,False
26,61,15.9,8.3955202102661133,7.1639429838816193,5.0486369536279332,10.165531716323317,2.9241357911652623,17.551195546857599,0.12949665746567066,False,False,False,False
26,61,16,8.3311748504638672,7.1090367389610298,5.0109215129312714,10.085650558580372,2.9031760075208979,17.407970865346815,0.12942438388507085,False,False,False,False
26,61,16.100000000000001,8.3084678649902344,7.1679710407536676,5.0534015785775459,10.167371035560135,2.9286371103766102,17.543931495997466,0.1293555976539503,False,False,False,False
26,61,16.199999999999999,8.3289918899536133,6.8799206218004567,4.8511848991715061,9.7570611605339668,2.8122212077176112,16.831288958485143,0.12929013220428606,False,False,False,False
26,61,16.300000000000001,9.6760358810424805,8.3478140749464664,5.8872203027671857,11.83682557235367,3.4137054804103499,20.413594620206549,0.12922782876488445,False,False,False,False
26,61,16.399999999999999,9.6629238128662109,8.3365018900166881,5.8801845836707374,11.818891528549225,3.4104785086329725,20.37756977102562,0.12916853601121067,False,False,False,False
26,61,16.5,9.6312046051025391,8.309136752860212,5.8617762244854923,11.778299091209742,3.4006108747913455,20.302750335105188,0.12911210972957099,False,False,False,False
26,61,16.600000000000001,9.5713052749633789,8.257459756478335,5.8261654508698895,11.703347974726432,3.3807173753752324,20.168986063879764,0.12905841249518776,False,False,False,False
26,61,16.699999999999999,9.5634040832519531,8.2506431551150925,5.8221598094102927,11.692072134987036,3.3791211577092879,20.145212111658765,0.12900731336371074,False,False,False,False
26,61,16.800000000000001,11.018233299255371,9.5057691132350666,6.7087351487069746,13.468954196462727,3.8944788347645494,23.201986778699929,0.12895868757571063,False,False,False,False
26,61,16.899999999999999,10.955835342407227,9.0227066432831151,6.3686081311052414,12.782892822865065,3.6977536563366216,22.015862260385866,0.12891241627370628,False,False,False,False
26,61,17,10.885339736938477,8.907570115634714,6.2880880325491644,12.618272033443935,3.6516799211000324,21.728302337365527,0.12886838623128247,False,False,False,False
26,61,17.100000000000001,10.807699203491211,8.8440361780443268,6.2439446442510702,12.526852875060779,3.626685278109937,21.567070181319959,0.12882648959386248,False,False,False,False
26,61,17.199999999999999,10.750822067260742,9.1857478443394704,6.4858939028595683,13.009457867108459,3.7678506588580554,22.3941899770943,0.12878662363070706,False,False,False,False
26,61,17.300000000000001,12.259359359741211,10.009408537970074,7.0681906411157858,14.17452702777871,4.1067812542804916,24.395810995670193,0.12874869049772086,False,False,False,False
26,61,17.399999999999999,12.177449226379395,10.384951569758599,7.3340974154130345,14.704906820515413,4.2619278836545824,25.304796808000678,0.12871259701065516,False,False,False,False
26,61,17.5,12.072624206542969,10.295556595978532,7.2716393914352011,14.576972250005394,4.2262448591338915,25.08100906456232,0.12867825442830702,False,False,False,False
26,61,17.600000000000001,11.929309844970703,8.1628133040531132,5.7658151623352651,11.556305424442273,3.3515282550710421,19.880936684931559,0.12864557824532399,False,False,False,False
26,61,17.699999999999999,11.843297004699707,7.7033272300919107,5.4417136711895058,10.904882909964664,3.1635506958929498,18.757799737780317,0.12861448799423403,False,False,False,False
26,61,17.800000000000001,13.398031234741211,8.9987345751895305,6.3573115966483273,12.737652185776756,3.6962963932581787,21.907665224685189,0.12858490705633163,False,False,False,False
26,61,17.899999999999999,13.259352684020996,9.0541527280790692,6.3969492155020626,12.815121530857372,3.7197841586537548,22.038289891812056,0.12855676248106096,False,False,False,False
26,61,18,13.124551773071289,8.86952885645705,6.2669620429898387,12.552899091438114,3.6446090226794441,21.584905718553248,0.12852998481354874,False,False,False,False
26,61,18.100000000000001,12.96965217590332,8.7648482189244401,6.1934240033046777,12.403892299282603,3.6022293149536346,21.326394736136258,0.12850450792994955,False,False,False,False
26,61,18.199999999999999,12.822279930114746,8.8957706324909456,6.2863482568470426,12.588347306354752,3.6566498411508523,21.641321587681034,0.12848026888027811,False,False,False,False
26,61,18.300000000000001,14.446517944335938,10.102131871047121,7.139288928237721,14.29457042092524,4.1531931889311755,24.572193899385969,0.12845720773841321,False,False,False,False
26,61,18.399999999999999,14.228597640991211,10.172382074006599,7.1893617709966389,14.393121441880933,4.1827094449988662,24.739312739806827,0.12843526745896933,False,False,False,False
26,61,18.5,14.060850143432617,10.052455171849454,7.1050038353882474,14.222632010236055,4.1339946144881177,24.444118680729179,0.12841439374074248,False,False,False,False
26,61,18.600000000000001,13.871005058288574,9.9167301489284352,7.0094505069042219,14.029849665077311,4.0787391864922942,24.110768634667142,0.12839453489644698,False,False,False,False
26,61,18.699999999999999,13.684182167053223,9.5690472494240488,6.7640428506181394,13.537268654846272,3.9362521910226382,23.262398042113492,0.12837564172847096,False,False,False,False
26,61,18.800000000000001,15.287623405456543,10.690298397987238,7.5569852366875683,15.122760764860463,4.3980287031206,25.984932694259118,0.12835766741038787,False,False,False,False
26,61,18.899999999999999,15.070307731628418,10.890304235893748,7.6987253612655779,15.404982095741245,4.4808420161421809,26.46795533586651,0.12834056737397154,False,False,False,False
26,61,19,14.847685813903809,10.729430253970278,7.5853315464495301,15.1767490807567,4.4151470070474987,26.074029560296857,0.12832429920147223,False,False,False,False
26,61,19.100000000000001,14.609929084777832,10.387342075300971,7.3437943141733575,14.692251821524922,4.2748359295331264,25.240003866324241,0.12830882252291984,False,False,False,False
26,61,19.199999999999999,14.42791748046875,10.306465257894255,7.2869047699270499,14.577276561999685,4.2419838127301608,25.040931507896428,0.12829409891823082,False,False,False,False
26,61,19.300000000000001,15.969803810119629,11.804278740493055,8.3462087969920979,16.695124693438487,4.8589319039324943,28.677289441015439,0.12828009182390324,False,False,False,False
26,61,19.399999999999999,15.797297477722168,11.929348708173741,8.4349431817423053,16.871407137541787,4.9108665736435659,28.978462042722864,0.12826676644409382,False,False,False,False
26,61,19.5,15.436078071594238,11.727380780605381,8.2924207941031671,16.585200315824864,4.8281474300242406,28.4853480484174,0.12825408966587898,False,False,False,False
26,61,19.600000000000001,15.114068984985352,11.482738122284896,8.1196987925286326,16.238690394069792,4.7278228758127536,27.888793266669946,0.12824202997850997,False,False,False,False
26,61,19.699999999999999,14.928385734558105,11.341667432421767,8.0201932225093273,16.038693405370388,4.6701101330364656,27.543980009743414,0.12823055739648082,False,False,False,False
26,61,19.800000000000001,16.574954986572266,12.592629270684379,8.9050661424306945,17.807202036751306,5.1856049691773229,30.579713050154339,0.12821964338623398,False,False,False,False
26,61,19.899999999999999,16.488004684448242,12.450937108715273,8.8051134536299749,17.606341553869751,5.1276249554777245,30.233458225054559,0.12820926079633815,False,False,False,False
26,61,20,16.180507659912109,12.218730350718191,8.6411310006189357,17.277526677106056,5.0323399975603618,29.667584355576142,0.12819938379097737,False,False,False,False
30,71,1.0588795,0,,,,,,0.24197854021671247,True,False,False,False
30,71,1.1667539,0,,,,,,0.24197854021671247,True,False,False,False
30,71,1.2856181,0,,,,,,0.24197854021671247,True,False,False,False
30,71,1.4165916999999999,0,,,,,,0.24197854021671247,True,False,False,False
30,71,1.5609084,0,,,,,,0.24197854021671247,True,False,False,False
30,71,1.7199275000000001,0,,,,,,0.24197854021671247,True,False,False,False
30,71,1.8951468,0,,,,,,0.24197854021671247,True,False,False,False
30,71,2.0882166999999998,0,,,,,,0.24197854021671247,True,False,False,False
30,71,2.3009557999999997,0,,,,,,0.24197854021671247,True,False,False,False
30,71,2.5353678999999998,0,,,,,,0.24197854021671247,True,False,False,False
30,71,2.7936610000000002,0,,,,,,0.24197854021671247,True,False,False,False
30,71,3.078268,0,,,,,,0.24197854021671247,True,False,False,False
30,71,3.3918696000000002,0,,,,,,0.24197854021671247,True,False,False,False
30,71,3.7374196,0,,,,,,0.24197854021671247,True,False,False,False
30,71,4.1181729000000002,2.5413114934193996e-22,5.6634518294916229e-22,3.0225546046249022e-22,1.0611780702288577e-21,1.1344567276633318e-22,2.8273168859456655e-21,0.23236690211516506,False,False,False,False
30,71,4.5377158,1.1447671977027341e-10,2.5511763894193392e-10,1.4211510236227383e-10,4.5797391422478798e-10,5.7028474838022482e-11,1.1412721431559829e-09,0.21651250975943978,False,False,False,False
30,71,5,1.3008416317461524e-05,2.8989968125783736e-05,1.6819639111516754e-05,4.9966485390195162e-05,7.1918845878004773e-06,0.00011685647088380006,0.20145703218829356,False,False,False,False
30,71,5.0999999999999996,3.4077751479344442e-05,7.5944135325564153e-05,4.4414650712163032e-05,0.00012985606321042512,1.9229002476257509e-05,0.00029993816358747085,0.19850623293422859,False,False,False,False
30,71,5.2000000000000002,7.8468787251040339e-05,0.00017487198946908216,0.00010306113058158481,0.00029671916588055487,4.5158751753254865e-05,0.00067717134583266422,0.19565805067486103,False,False,False,False
30,71,5.2999999999999998,0.00016173774201888591,0.00036044141511445044,0.00021401033785854314,0.00060706419619589117,9.4867041536214204e-05,0.0013694747050809319,0.19290975466392882,False,False,False,False
30,71,5.4000000000000004,0.00030517537379637361,0.00068010003241174202,0.00040670939610275416,0.0011372642444916466,0.00018231414662036151,0.0025370277768384368,0.19025865594225391,False,False,False,False
30,71,5.5,0.00053491373546421528,0.0011920845522399152,0.00071782544778939894,0.0019796812498990173,0.00032526505119945465,0.0043689464160034594,0.18770210673013041,False,False,False,False
30,71,5.5999999999999996,0.00088128761854022741,0.0019639977186796122,0.0011905434369559721,0.0032399380982194,0.00054510201863684662,0.007076266289794261,0.18523749993694791,False,False,False,False
30,71,5.7000000000000002,0.0014954077778384089,0.0033325981239078527,0.0020331751636540395,0.00546249553605306,0.0009402809568988999,0.011811586924086024,0.18286226878269285,False,False,False,False
30,71,5.7999999999999998,0.0023001818917691708,0.0050761369584964864,0.0031160960760618535,0.0082690539034915456,0.0014550734542764527,0.017708498732957021,0.18057388652517833,False,False,False,False
30,71,5.9000000000000004,0.003420825581997633,0.0075492200105934095,0.004661935287285944,0.01222469194794904,0.0021972376962069726,0.025937440845260114,0.17836986628611418,False,False,False,False
30,71,6,0.0049640643410384655,0.010954903417015762,0.0068039830906955279,0.017638184468779416,0.0032356438990400406,0.037089961881079839,0.1762477609684539,False,False,False,False
30,71,6.0999999999999996,0.0065405583009123802,0.012798296930543374,0.0079928940885893116,0.020492753001217966,0.0038339162723308572,0.042722999848605149,0.17420516325685989,False,False,False,False
30,71,6.2000000000000002,0.0095922453328967094,0.018769713280272382,0.011784636375708892,0.029895036672477813,0.0056997333788363124,0.061810283605855477,0.17223970569261904,False,False,False,False
30,71,6.2999999999999998,0.011307233013212681,0.022125531018621393,0.013962755132506438,0.035060352932516178,0.0068072584996710902,0.071914284271653681,0.17034906081393067,False,False,False,False
30,71,6.4000000000000004,0.017105309292674065,0.033470969502081685,0.021226552591220981,0.052778509114693721,0.010428228092161325,0.10743012039134361,0.16853094135218213,False,False,False,False
30,71,6.5,0.019572772085666656,0.038299199759639642,0.024403501741615815,0.060107304179521363,0.012077705131229731,0.12144928910674865,0.16678310047463016,False,False,False,False
30,71,6.5999999999999996,0.027798056602478027,0.05439410003285762,0.034816541669222149,0.084980241475276427,0.01735379426948783,0.17049401833618968,0.16510333206382016,False,False,False,False
30,71,6.7000000000000002,0.032080940902233124,0.062774672831938383,0.040356391713100376,0.097646478832191949,0.020252422212662154,0.19457719712623489,0.16348947102410274,False,False,False,False
30,71,6.7999999999999998,0.043039210140705109,0.084217365811104977,0.054368669273560835,0.13045315986077569,0.027463276900870508,0.25825631550678718,0.16193939360574233,False,False,False,False
30,71,6.9000000000000004,0.050198405981063843,0.0982261873724143,0.063667984727321325,0.15154215932926035,0.032363147766813503,0.29812872206499302,0.16045101773735498,False,False,False,False
30,71,7,0.06482715904712677,0.12685113295801567,0.08254008532069293,0.19495024593460264,0.042209605675456958,0.38122151759613576,0.15902230335775447,False,False,False,False
30,71,7.0999999999999996,0.075378008186817169,0.14749660295409986,0.096330020678200692,0.22584078908977698,0.049547203910080155,0.43908124306028445,0.15765125273871847,False,False,False,False
30,71,7.2000000000000002,0.093369029462337494,0.18270069743265718,0.11974669427282732,0.27875128449331871,0.061934140464753859,0.53895225786455103,0.15633591079070119,False,False,False,False
30,71,7.2999999999999998,0.10913534462451935,0.21355157799402816,0.14044512513192733,0.32471242003523476,0.073027058091995889,0.62448464521587965,0.15507436534410643,False,False,False,False
30,71,7.4000000000000004,0.13050548732280731,0.25536779904393775,0.1684960142187307,0.38702822194885877,0.088060716713470308,0.74054260767298108,0.15386474739937944,False,False,False,False
30,71,7.5,0.15294422209262848,0.29927499734684393,0.19808644076090187,0.45215373496999001,0.10403297477939868,0.86093398969775314,0.15270523133986982,False,False,False,False
30,71,7.5999999999999996,0.1774943619966507,0.3473137068457301,0.23057400443533854,0.52315876309790144,0.12166391751271648,0.99147564396250554,0.15159403510214559,False,False,False,False
30,71,7.7000000000000002,0.19683383405208588,0.38515639464974794,0.25643362362143091,0.57849452908949472,0.13591778682364039,1.091435137419339,0.15052942029918831,False,False,False,False
30,71,7.7999999999999998,0.2349923849105835,0.49143252748446098,0.3280941701828477,0.73608723048987323,0.17464956074002,1.3828029572273968,0.14950969229265967,False,False,False,False
30,71,7.9000000000000004,0.26096871495246887,0.54575604750878715,0.36532482770570734,0.81530090703922975,0.1952705024297427,1.5253182620328345,0.14853320021118799,False,False,False,False
30,71,8,0.30495867133140564,0.63775092408939615,0.42798533543803985,0.95032751708793339,0.22966698614840927,1.7709390800907492,0.14759833691237043,False,False,False,False
30,71,8.0999999999999996,0.33830699324607849,0.54326489793796318,0.36545977000826962,0.80757657491238277,0.19685575057462085,1.4992538875295389,0.1467035388869096,False,False,False,False
30,71,8.1999999999999993,0.37433937191963196,0.54076022118989076,0.36461755263435242,0.80199544621097085,0.1971125839097051,1.4835258663916373,0.14584728610399841,False,False,False,False
30,71,8.3000000000000007,0.41673922538757324,0.60200986752595775,0.40681582982832659,0.89085982900802585,0.22068610063313432,1.6422234094438806,0.14502810179772033,False,False,False,False
30,71,8.4000000000000004,0.43041032552719116,0.62175875767742206,0.4210519888017098,0.91813828940404085,0.22916482235130464,1.686925370055036,0.14424455219484431,False,False,False,False
30,71,8.5,0.51675510406494141,0.7464900177135434,0.50654403562493655,1.10009655105005,0.27656792395135699,2.0148661442169824,0.14349524618495452,False,False,False,False
30,71,8.5999999999999996,0.53288775682449341,0.76332331152272959,0.51897030822010282,1.1227279647507511,0.28420992590588179,2.0501130495596378,0.14277883493436389,False,False,False,False
30,71,8.6999999999999993,0.63056939840316772,0.91090297450539304,0.62045432807935208,1.3373171745473809,0.34076958163691839,2.4349128375162454,0.14209401144571249,False,False,False,False
30,71,8.8000000000000007,0.65616375207901001,0.93990729140187235,0.64134371512819577,1.3774606277287986,0.35321617461220839,2.5010907764920631,0.1414395100655497,False,False,False,False
30,71,8.9000000000000004,0.6879652738571167,0.98546067971723106,0.67356436488505145,1.4417816646735426,0.37194119888062499,2.6109846238905989,0.14081410594253732,False,False,False,False
30,71,9,0.8031005859375,1.1503837175706719,0.78756017639134424,1.6803575616476083,0.43598671223675173,3.0353739242701727,0.14021661443919545,False,False,False,False
30,71,9.0999999999999996,0.83932501077651978,1.2022725958044302,0.82435404674054702,1.7534448946270043,0.45745520786260541,3.1597834493480295,0.13964589050034049,False,False,False,False
30,71,9.1999999999999993,0.92982614040374756,1.3319089424438508,0.9145870532322945,1.9396529009374974,0.508695795205239,3.4873129435759629,0.13910082798154325,False,False,False,False
30,71,9.3000000000000007,1.0162978172302246,1.424651474728684,0.97964780956408781,2.0717974405003119,0.54608006590387526,3.7167293793944927,0.13858035894106022,False,False,False,False
30,71,9.4000000000000004,1.0336489677429199,1.4489744062031604,0.99771206913401156,2.1043414175135084,0.55731620887409794,3.7672093443564303,0.13808345289877416,False,False,False,False
30,71,9.5,1.1548502445220947,1.6542397562565305,1.1405114499966424,2.3993701871101085,0.63835881323015942,4.2867884244170691,0.13760911606571741,False,False,False,False
30,71,9.5999999999999996,1.2435197830200195,1.749646456147361,1.2077660519999245,2.5346487562222118,0.67729396551224641,4.5198434909924918,0.1371563905477525,False,False,False,False
30,71,9.6999999999999993,1.3282705545425415,1.8619764524585669,1.2868079701697457,2.694229745136608,0.72293527700219129,4.7956662509079377,0.13672435352694925,False,False,False,False
30,71,9.8000000000000007,1.4790041446685791,2.1059965619550769,1.457072022644174,3.0439274449302309,0.82001485138175911,5.4087087709363697,0.13631211642413321,False,False,False,False
30,71,9.9000000000000004,1.4674793481826782,1.9121634722800083,1.3243718748419835,2.7608326740993312,0.7465707548342958,4.8975520686361236,0.13591882404598835,False,False,False,False
30,71,10,1.6107692718505859,2.2848824214395544,1.5841236944322636,3.2956313311597367,0.89441124075232226,5.8370103616007425,0.13554365371998262,False,False,False,False
30,71,10.1,1.7159409523010254,1.9138894055744158,1.3281955902669791,2.7578563606235891,0.75104435293971483,4.8771722234945178,0.13518581442025218,False,False,False,False
30,71,10.199999999999999,1.7538268566131592,2.4973245298913334,1.7346852801592492,3.5952514723733802,0.98231163200823313,6.3489320541250578,0.13484454588743186,False,False,False,False
30,71,10.300000000000001,1.9346135854721069,2.7220232842739729,1.8924284581583868,3.9152924001893945,1.0731096348927744,6.9046167504311127,0.13451911774525818,False,False,False,False
30,71,10.4,1.9918345212936401,2.1486153268171408,1.4950319047770952,3.0879259552135396,0.84887430438775735,5.438435111972403,0.13420882861660322,False,False,False,False
30,71,10.5,2.1401255130767822,3.0318545212112742,2.1112872736852055,4.3538091440036801,1.200278605680215,7.6583401506018909,0.13391300524142111,False,False,False,False
30,71,10.6,2.2787032127380371,2.2200400322862115,1.547144002768301,3.1855972916125914,0.88060667005670068,5.5967981080997493,0.1336310015989107,False,False,False,False
30,71,10.699999999999999,2.3220882415771484,2.2825091616670501,1.5918345664153113,3.2728577347244046,0.90707142226550608,5.7435918993918671,0.1333621980360174,False,False,False,False
30,71,10.800000000000001,2.5095818042755127,2.4283879610946557,1.6947441668459462,3.4796214112743473,0.96675612887922602,6.0998507414956995,0.13310600040421705,False,False,False,False
30,71,10.9,2.6106400489807129,2.1623460142418769,1.510072558938337,3.0963679577059735,0.86229881575588752,5.4224129731744997,0.13286183920634864,False,False,False,False
30,71,11,2.7731616497039795,2.2214896530532364,1.5523512067671836,3.1790591311484873,0.88731147873795779,5.561763142793744,0.13262916875508771,False,False,False,False
30,71,11.1,2.952650785446167,2.3415541148575079,1.6372314519502407,3.3488702322906296,0.93670372904173205,5.8533723127324651,0.13240746634448525,False,False,False,False
30,71,11.199999999999999,2.9474263191223145,2.3610874150686234,1.6518319147007368,3.3748795697565952,0.94589930267994304,5.8935806018684813,0.13219623143583345,False,False,False,False
30,71,11.300000000000001,3.1667413711547852,2.5942988405821219,1.8159754458627941,3.7062100644472342,1.040776824700429,6.4666951785585489,0.13199498485896499,False,False,False,False
30,71,11.4,3.2954282760620117,2.7295437380365248,1.9116352412572011,3.89740095655204,1.0964877996765481,6.7947942695324066,0.13180326802994424,False,False,False,False
30,71,11.5,3.4894936084747314,2.7391958054884817,1.9193420538523509,3.9092529889322631,1.101756544032152,6.8102102061004226,0.13162064218596845,False,False,False,False
30,71,11.6,3.7026350498199463,2.9359494518847655,2.0581737227855426,4.1880814474476802,1.1823168832793343,7.2905997587669917,0.13144668763816558,False,False,False,False
30,71,11.699999999999999,3.7129461765289307,2.9146024420426131,2.0441239555922111,4.1557692095534753,1.1750667722960904,7.2292975986050934,0.13128100304285195,False,False,False,False
30,71,11.800000000000001,4.0071940422058105,3.2238480828437734,2.261974292361526,4.5947456150816208,1.3011638673090036,7.9876153360684077,0.13112320469169719,False,False,False,False
30,71,11.9,4.1018366813659668,3.2999895143786917,2.3163384934127325,4.7013555341667042,1.33328070476292,8.1677704898202421,0.13097292582113879,False,False,False,False
30,71,12,4.3239893913269043,3.4787147222330841,2.4427343199860552,4.9540615283737806,1.4068827781573907,8.6016093924545789,0.13082981594128873,False,False,False,False
30,71,12.1,4.5287842750549316,3.6434752969217468,2.559370632479248,5.1867877480565125,1.4749063799337505,9.0005117747712831,0.13069354018448601,False,False,False,False
30,71,12.199999999999999,4.5979533195495605,3.6587098106125069,2.5709735385931358,5.2066492623635696,1.4824038708699501,9.0300340826933532,0.13056377867356542,False,False,False,False
30,71,12.300000000000001,4.8127765655517578,3.9877098888220801,2.8030974692631334,5.6729494181982965,1.6170871390236918,9.8336260141244178,0.13044022590983895,False,False,False,False
30,71,12.4,4.987729549407959,4.132670232253755,2.9059186614001487,5.8773025809081698,1.6772358272255676,10.182803736554927,0.13032259018071893,False,False,False,False
30,71,12.5,5.2222065925598145,4.3269502722562398,3.0434491260198651,6.1517370205110327,1.7574454318825947,10.653246080319322,0.13021059298685059,False,False,False,False
30,71,12.6,5.6322803497314453,4.5133917882014094,3.1755014248650837,6.4149571070242555,1.8345240105471157,11.104082212436513,0.13010396848856892,False,False,False,False
30,71,12.699999999999999,5.6400942802429199,4.4743313077784999,3.1488831417853773,6.3576956496442021,1.8199252151669272,11.000254562619824,0.13000246297144624,False,False,False,False
30,71,12.800000000000001,6.0238986015319824,5.8310132541806006,4.1047417386860943,8.2832776664076526,2.3733392073226494,14.326108743969161,0.12990583433065475,False,False,False,False
30,71,12.9,6.0820975303649902,5.0394278928750316,3.548387133089975,7.1570075459528306,2.0524540405502045,12.373399348167125,0.12981385157383238,False,False,False,False
30,71,13,6.5318622589111328,5.4120882961242343,3.8116884072611712,7.6844423246262377,2.2055667195083193,13.280350789648573,0.12972629434210808,False,False,False,False
30,71,13.1,6.6820135116577148,5.3545887348460548,3.7720413805417312,7.6010885424651748,2.1833929315532812,13.131681478396601,0.12964295244891599,False,False,False,False
30,71,13.199999999999999,7.0959420204162598,5.8794664119376181,4.14267955271833,8.3443879376139094,2.3987339499862999,14.410987633413885,0.12956362543620517,False,False,False,False
30,71,13.300000000000001,7.1395225524902344,7.5607043523860646,5.3283690159262642,10.728282919844345,3.0862657670181899,18.522141195707551,0.12948812214763308,False,False,False,False
30,71,13.4,7.6749973297119141,7.3634923477890206,5.1903926764532482,10.446419555485024,3.0072591827804755,18.030045386981037,0.12941626031831552,False,False,False,False
30,71,13.5,7.7981405258178711,6.3906954875199897,4.5055183986280491,9.0646592025114412,2.6112032492184656,15.640677847054642,0.12934786618069441,False,False,False,False
30,71,13.6,8.049168586730957,6.6692788939856493,4.702750245253573,9.4581422882609658,2.726258562783463,16.315136639259141,0.12928277408607516,False,False,False,False
30,71,13.699999999999999,8.9814138412475586,7.441706944531794,5.2482957666437455,10.55180666460558,3.0433148758413053,18.196934759497587,0.12922082614138036,False,False,False,False
30,71,13.800000000000001,9.0558996200561523,7.5034234345217232,5.2926647129976425,10.637621366693754,3.0698061099506893,18.340364577173293,0.1291618718606613,False,False,False,False
30,71,13.9,9.0856113433837891,8.7946898960303184,6.204421611513161,12.466362734571513,3.5994871006374272,21.488219906008446,0.12910576783090913,False,False,False,False
30,71,14,9.235595703125,8.9311804303522955,6.3016212033872705,12.658009947762604,3.6567005693604133,21.813649317603147,0.12905237739170569,False,False,False,False
30,71,14.1,9.5179891586303711,10.479846688127441,7.3953373073633548,14.850869141195689,4.2922810152106861,25.587137985014902,0.12900157032825807,False,False,False,False
30,71,14.199999999999999,9.6476020812988281,11.223975472479509,7.9214832485720095,15.903287484642648,4.5985955898514304,27.394804119074898,0.12895322257736339,False,False,False,False
30,71,14.300000000000001,10.896591186523438,9.5610124242409515,6.7486619670707864,13.545345584432503,3.9185071908428322,23.328516224268519,0.12890721594585569,False,False,False,False
30,71,14.4,10.885660171508789,10.66015807004818,7.5253865963770821,15.100748462958981,4.3703072334812765,26.002512868618485,0.12886343784109242,False,False,False,False
30,71,14.5,10.945529937744141,9.583639005330177,6.7661949417342937,13.574266980984181,3.9301032057680634,23.369904497593573,0.12882178101304617,False,False,False,False
30,71,14.6,11.165386199951172,8.7448605843255525,6.1746659733093612,12.384894497913152,3.5871167792755116,21.318677741719853,0.12878214330757382,False,False,False,False
30,71,14.699999999999999,11.289309501647949,7.8337871424260497,5.5319291484316446,11.093457516576866,3.2142357959781345,19.092631931244036,0.12874442743044479,False,False,False,False
30,71,14.800000000000001,12.818789482116699,7.9654048521501624,5.6254181933880938,11.278748046364154,3.2690507677370126,19.408592575201499,0.12870854072171956,False,False,False,False
30,71,14.9,12.742501258850098,8.5400039537938284,6.0317746062633981,12.09124549433295,3.5056979542922884,20.803751059476905,0.12867439494007832,False,False,False,False
30,71,15,12.706742286682129,8.6002260366773324,6.0748425713635497,12.175441093832472,3.531213064930141,20.945744853661477,0.128641906056711,False,False,False,False
30,71,15.1,12.648771286010742,7.9966348735502155,5.6489626986862511,11.319984342568077,3.2840837060610477,19.471540625734217,0.1286109940583893,False,False,False,False
30,71,15.199999999999999,12.929826736450195,8.2734584890234029,5.8449802753229152,11.710923244443586,3.3984620809618615,20.141497459409667,0.12858158275935264,False,False,False,False
30,71,15.300000000000001,14.800877571105957,9.722123193468569,6.8689430988006812,13.760440002113663,3.9942987946909416,23.663647675684949,0.12855359962165086,False,False,False,False
30,71,15.4,14.683234214782715,10.886045203080315,7.6918388757502694,15.406716401342811,4.4733159295295826,26.49175288094845,0.12852697558359658,False,False,False,False
30,71,15.5,14.514016151428223,10.799558748028058,7.631251813547129,15.283268328934572,4.4385546495172399,26.276677513657443,0.12850164489599239,False,False,False,False
30,71,15.6,14.375425338745117,9.9173711123452186,7.0083312723069886,14.033904214633875,4.0766605311154223,24.126180983008798,0.12847754496580749,False,False,False,False
30,71,15.699999999999999,14.615217208862305,10.063671183868928,7.1121581403616858,14.240048617912686,4.1374554065809015,24.478204051684813,0.12845461620699075,False,False,False,False
30,71,15.800000000000001,16.784585952758789,11.065073124006467,7.820325972934544,15.656104830329307,4.5498463521261208,26.909885249728617,0.12843280189811673,False,False,False,False
30,71,15.9,16.571609497070312,10.994675754614642,7.7710079023819185,15.555626305830783,4.5215489475975401,26.734841610714053,0.12841204804657269,False,False,False,False
30,71,16,16.276899337768555,10.73038571886241,7.5846130806535834,15.180890106215461,4.4134628961453597,26.088624824767098,0.12839230325900466,False,False,False,False
30,71,16.100000000000001,16.039655685424805,10.573985175603344,7.4744430994479547,14.958861952154972,4.3496998920167567,25.70502914444484,0.12837351861775129,False,False,False,False
30,71,16.199999999999999,16.179939270019531,11.141099462395196,7.8757000576440515,15.760389085730772,4.5835540068547669,27.080317379342159,0.12835564756300405,False,False,False,False
30,71,16.300000000000001,18.671909332275391,12.926583299156652,9.1382875354889954,18.285324809610977,5.3187446822617517,31.416540137245182,0.12833864578044241,False,False,False,False
30,71,16.399999999999999,18.359451293945312,12.710268256699624,8.9857590550007416,17.978550077787812,5.2303255067435579,30.887354706504489,0.12832247109410255,False,False,False,False
30,71,16.5,17.910791397094727,12.399660518282372,8.7665337019597089,17.53846915962696,5.1030525239266638,30.129335382647195,0.12830708336424695,False,False,False,False
30,71,16.600000000000001,17.608037948608398,12.662102466248811,8.9524337477341103,17.908966810993036,5.2115878033965721,30.763913976714036,0.12829244439001239,False,False,False,False
30,71,16.699999999999999,17.632623672485352,12.142309438053928,8.5852497330758908,17.173138006858057,4.9981281023512238,29.498179212352859,0.12827851781662164,False,False,False,False
30,71,16.800000000000001,20.382621765136719,14.65733127530836,10.363873150763405,20.729447088833545,6.0339374592338801,35.604837067935115,0.1282652690469539,False,False,False,False
30,71,16.899999999999999,20.002429962158203,13.774223202671703,9.7397787912700995,19.479828947149855,5.6708856933260119,33.456718244261069,0.12825266515727712,False,False,False,False
30,71,17,19.381546020507812,13.417952373012596,9.4881664551971507,18.975367552264697,5.5246663615465526,32.588654970656776,0.12824067481695273,False,False,False,False
30,71,17.100000000000001,18.995088577270508,13.150405730341907,9.2992642371779706,18.596435853627167,5.4149349089894052,31.936334190374222,0.12822926821193265,False,False,False,False
30,71,17.199999999999999,18.916620254516602,13.026504785610477,9.2119182323128239,18.420683146568578,5.3643190589808514,31.633060051758267,0.12821841697187478,False,False,False,False
30,71,17.300000000000001,21.817079544067383,15.023840795291195,10.624665326766696,21.244508443349336,6.187264640265985,36.48070760919525,0.12820809410071107,False,False,False,False
30,71,17.399999999999999,21.448490142822266,15.045346018008628,10.640155899201632,21.274353397264868,6.1965421809793382,36.530443946051285,0.12819827391050981,False,False,False,False
30,71,17.5,20.691877365112305,13.44932487505077,9.511680616540616,19.017074572510907,5.5395666018132843,32.65315729491364,0.12818893195847955,False,False,False,False
30,71,17.600000000000001,20.189388275146484,12.971560673194762,9.1740147901589406,18.34108513525274,5.3431115575666075,31.491273293759111,0.12818004498696955,False,False,False,False
30,71,17.699999999999999,20.028837203979492,12.632918978070524,8.9347177414928876,17.861856023201984,5.2039261764047096,30.667353166941439,0.12817159086632812,False,False,False,False
30,71,17.800000000000001,23.163646697998047,14.677072852162832,10.3806850523194,20.751661997448213,6.0463186913540836,35.627706461409218,0.1281635485404852,False,False,False,False
30,71,17.899999999999999,22.611490249633789,14.764349533601395,10.442629311591547,20.874629429619464,6.0825949019782097,35.837668078053561,0.12815589797513277,False,False,False,False
30,71,18,21.763738632202148,14.060975156045441,9.9453375042950185,19.879770018216384,5.793111497541827,34.128640959667564,0.12814862010838149,False,False,False,False
30,71,18.100000000000001,21.256881713867188,13.650588412905442,9.6552513142165726,19.299193563628933,5.6243018921118928,33.130967645938235,0.12814169680377765,False,False,False,False
30,71,18.199999999999999,21.037080764770508,13.588354193329556,9.6114032414775128,19.21086495326281,5.5989153603206923,32.978417747111834,0.12813511080556958,False,False,False,False
30,71,18.300000000000001,24.149560928344727,15.449853497636747,10.928276078731917,21.842234894026959,6.366199390729788,37.494580117302185,0.12812884569611779,False,False,False,False
30,71,18.399999999999999,23.607032775878906,15.301111189093355,10.823239230039935,21.631602022727719,6.3051692994289175,37.132072511074902,0.1281228858553482,False,False,False,False
30,71,18.5,23.130367279052734,14.637311759050585,10.353859406698051,20.692853468054505,6.0318723411772162,35.519799394465629,0.12811721642215129,False,False,False,False
30,71,18.600000000000001,22.026617050170898,13.938838794511973,9.8599307650305388,19.70513095573347,5.7442538127941365,33.823579749670621,0.12811182325763626,False,False,False,False
30,71,18.699999999999999,21.635473251342773,13.438047551398611,9.5058173337491123,18.996906384106659,5.5380722423192896,32.607216752019951,0.12810669291015131,False,False,False,False
30,71,18.800000000000001,24.953369140625,16.360444372329688,11.573217474340876,23.127893401600343,6.7426746540267732,39.697027336213409,0.12810181258198713,False,False,False,False
30,71,18.899999999999999,24.41212272644043,15.44842962224447,10.92820430711571,21.838352494750215,6.3670080529716993,37.482908111299238,0.12809717009768329,False,False,False,False
30,71,19,23.961736679077148,15.16341724402975,10.726714836644629,21.435194839994633,6.2497323279182169,36.790251238348333,0.12809275387386143,False,False,False,False
30,71,19.100000000000001,22.700250625610352,14.36512621728026,10.162113154167285,20.306490206101447,5.9208819536540735,34.852383961318395,0.12808855289051257,False,False,False,False
30,71,19.199999999999999,22.218900680541992,13.800421207167048,9.7627374971828313,19.508014586091598,5.6882844711449572,33.481382033780605,0.12808455666366927,False,False,False,False
30,71,19.300000000000001,25.585708618164062,15.89158531698765,11.242190894870811,22.463813881893664,6.5503968654914342,38.553768431578966,0.12808075521939652,False,False,False,False
30,71,19.399999999999999,24.979568481445312,15.807519485459848,11.182829446542595,22.344762877560264,6.5159085764054492,38.348860999679609,0.12807713906903842,False,False,False,False
30,71,19.5,24.389673233032227,15.434223179697138,10.918847200812591,21.816886048462354,6.3621861152601022,37.442357209470224,0.12807369918566058,False,False,False,False
30,71,19.600000000000001,23.056880950927734,14.590808291041773,10.322269748779425,20.624503308597131,6.0146557899525757,35.395489620797058,0.12807042698163101,False,False,False,False
30,71,19.699999999999999,22.551097869873047,14.357426668708815,10.157249318804409,20.2944413470019,5.9185781690272785,34.828584612785399,0.1280673142872851,False,False,False,False
30,71,19.800000000000001,25.975297927856445,16.537484664783747,11.699638297129408,23.375799498439193,6.8174056099052605,40.116198842650078,0.12806435333062224,False,False,False,False
30,71,19.899999999999999,25.354578018188477,16.044832254241427,11.351191945261215,22.679260760295584,6.614443703386681,38.920376922239903,0.12806153671798545,False,False,False,False
30,71,20,24.805797576904297,15.697554136715794,11.105584488928541,22.188224862975844,6.4713991066483985,38.077269198552486,0.12805885741567583,False,False,False,False
40,100,1.0588795,0,,,,,,0.24197854021671247,True,False,False,False
40,100,1.1667539,0,,,,,,0.24197854021671247,True,False,False,False
40,100,1.2856181,0,,,,,,0.24197854021671247,True,False,False,False
40,100,1.4165916999999999,0,,,,,,0.24197854021671247,True,False,False,False
40,100,1.5609084,0,,,,,,0.24197854021671247,True,False,False,False
40,100,1.7199275000000001,0,,,,,,0.24197854021671247,True,False,False,False
40,100,1.8951468,0,,,,,,0.24197854021671247,True,False,False,False
40,100,2.0882166999999998,0,,,,,,0.24197854021671247,True,False,False,False
40,100,2.3009557999999997,0,,,,,,0.24197854021671247,True,False,False,False
40,100,2.5353678999999998,0,,,,,,0.24197854021671247,True,False,False,False
40,100,2.7936610000000002,0,,,,,,0.24197854021671247,True,False,False,False
40,100,3.078268,0,,,,,,0.24197854021671247,True,False,False,False
40,100,3.3918696000000002,0,,,,,,0.24197854021671247,True,False,False,False
40,100,3.7374196,0,,,,,,0.24197854021671247,True,False,False,False
40,100,4.1181729000000002,0,,,,,,0.24197854021671247,True,False,False,False
40,100,4.5377158,0,,,,,,0.24197854021671247,True,False,False,False
40,100,5,0,,,,,,0.24197854021671247,True,False,False,False
40,100,5.0999999999999996,0,,,,,,0.24197854021671247,True,False,False,False
40,100,5.2000000000000002,0,,,,,,0.24197854021671247,True,False,False,False
40,100,5.2999999999999998,0,,,,,,0.24197854021671247,True,False,False,False
40,100,5.4000000000000004,0,,,,,,0.24197854021671247,True,False,False,False
40,100,5.5,0,,,,,,0.24197854021671247,True,False,False,False
40,100,5.5999999999999996,0,,,,,,0.24197854021671247,True,False,False,False
40,100,5.7000000000000002,0,,,,,,0.24197854021671247,True,False,False,False
40,100,5.7999999999999998,0,,,,,,0.24197854021671247,True,False,False,False
40,100,5.9000000000000004,0,,,,,,0.24197854021671247,True,False,False,False
40,100,6,0,,,,,,0.24197854021671247,True,False,False,False
40,100,6.0999999999999996,0,,,,,,0.24197854021671247,True,False,False,False
40,100,6.2000000000000002,0,,,,,,0.24197854021671247,True,False,False,False
40,100,6.2999999999999998,0,,,,,,0.24197854021671247,True,False,False,False
40,100,6.4000000000000004,0,,,,,,0.24197854021671247,True,False,False,False
40,100,6.5,0,,,,,,0.24197854021671247,True,False,False,False
40,100,6.5999999999999996,0,,,,,,0.24197854021671247,True,False,False,False
40,100,6.7000000000000002,0,,,,,,0.24197854021671247,True,False,False,False
40,100,6.7999999999999998,0,,,,,,0.24197854021671247,True,False,False,False
40,100,6.9000000000000004,0,,,,,,0.24197854021671247,True,False,False,False
40,100,7,0,,,,,,0.24197854021671247,True,False,False,False
40,100,7.0999999999999996,0,,,,,,0.24197854021671247,True,False,False,False
40,100,7.2000000000000002,0,,,,,,0.24197854021671247,True,False,False,False
40,100,7.2999999999999998,0,,,,,,0.24197854021671247,True,False,False,False
40,100,7.4000000000000004,0,,,,,,0.24197854021671247,True,False,False,False
40,100,7.5,0,,,,,,0.24197854021671247,True,False,False,False
40,100,7.5999999999999996,0,,,,,,0.24197854021671247,True,False,False,False
40,100,7.7000000000000002,0,,,,,,0.24197854021671247,True,False,False,False
40,100,7.7999999999999998,0,,,,,,0.24197854021671247,True,False,False,False
40,100,7.9000000000000004,0,,,,,,0.24197854021671247,True,False,False,False
40,100,8,0,,,,,,0.24197854021671247,True,False,False,False
40,100,8.0999999999999996,0,,,,,,0.24197854021671247,True,False,False,False
40,100,8.1999999999999993,0,,,,,,0.24197854021671247,True,False,False,False
40,100,8.3000000000000007,0,,,,,,0.24197854021671247,True,False,False,False
40,100,8.4000000000000004,0,,,,,,0.23989649321006362,True,False,False,False
40,100,8.5,0,,,,,,0.23567499705406297,True,False,False,False
40,100,8.5999999999999996,0,,,,,,0.23158798319021059,True,False,False,False
40,100,8.6999999999999993,0,,,,,,0.22763220630898579,True,False,False,False
40,100,8.8000000000000007,0,,,,,,0.22380447723774838,True,False,False,False
40,100,8.9000000000000004,0,,,,,,0.22010166097157929,True,False,False,False
40,100,9,0,,,,,,0.21652067482833046,True,False,False,False
40,100,9.0999999999999996,0,,,,,,0.21305848673056396,True,False,False,False
40,100,9.1999999999999993,0,,,,,,0.20971211361653105,True,False,False,False
40,100,9.3000000000000007,0,,,,,,0.20647861998174277,True,False,False,False
40,100,9.4000000000000004,0,,,,,,0.20335511655201727,True,False,False,False
40,100,9.5,0,,,,,,0.20033875908816079,True,False,False,False
40,100,9.5999999999999996,0,,,,,,0.19742674732166532,True,False,False,False
40,100,9.6999999999999993,6.6323772862642016e-11,8.6062159988234355e-11,5.0863878048771883e-11,1.4561798403846406e-10,2.2385378718891165e-11,3.3087201583013152e-10,0.19461632401998652,False,False,False,False
40,100,9.8000000000000007,2.0170363990157369e-10,2.6173195791152382e-10,1.5582468981267085e-10,4.3961979243824118e-10,6.9367736629394219e-11,9.8754292875647344e-10,0.19190477417912291,False,False,False,False
40,100,9.9000000000000004,4.9057080619974158e-10,6.3656787583777799e-10,3.8167492081122139e-10,1.0616853202913069e-09,1.7179280106834e-10,2.3587639180958628e-09,0.18928942434035867,False,False,False,False
40,100,10,1.118605097438774e-09,1.4515092658978676e-09,8.7625053426434749e-10,2.4044255228399812e-09,3.9861932051378254e-10,5.2854416245349041e-09,0.1867676420271713,False,False,False,False
40,100,10.1,2.288983003140288e-09,2.9701992652708387e-09,1.8048739530811328e-09,4.8879223174311379e-09,8.2952411148551428e-10,1.0635114221835979e-08,0.18433683529746281,False,False,False,False
40,100,10.199999999999999,4.3703543006756718e-09,5.6710002280626507e-09,3.4679273369158382e-09,9.2736209448056035e-09,1.6096900623203036e-09,1.9979152719827861e-08,0.18199445240545356,False,False,False,False
40,100,10.300000000000001,7.8544903914234965e-09,1.0092735037931884e-08,6.2096540101628622e-09,1.6404021927660749e-08,2.9098624713322808e-09,3.5006225053399165e-08,0.17973798156680612,False,False,False,False
40,100,10.4,1.3557624356508313e-08,1.7421055161447737e-08,1.0781601291446518e-08,2.8149173275307286e-08,5.0988036986136124e-09,5.9522425431033165e-08,0.17756495081982959,False,False,False,False
40,100,10.5,2.2537037125403003e-08,2.8959274620170835e-08,1.8024021641376325e-08,4.6528993540557673e-08,8.5994033741093223e-09,9.7522996659443715e-08,0.17547292797496758,False,False,False,False
40,100,10.6,3.4440880369857041e-08,4.0099990251553689e-08,2.5094077425389255e-08,6.4079232358938095e-08,1.2074675384861213e-08,1.3317204536949822e-07,0.1734595206442103,False,False,False,False
40,100,10.699999999999999,5.273534497973742e-08,6.1400486772997434e-08,3.8625331860463104e-08,9.7604851385627216e-08,1.8738049677898482e-08,2.0119595372872607e-07,0.17152237634159664,False,False,False,False
40,100,10.800000000000001,7.4847505970865313e-08,8.7145979648407739e-08,5.509782054969607e-08,1.3783524816613798e-07,2.6940091826958112e-08,2.8190036684586183e-07,0.16965918264560118,False,False,False,False
40,100,10.9,1.0714582288073871e-07,1.247513538234842e-07,7.925649514724752e-08,1.9636119729844784e-07,3.9046375181628482e-08,3.9857477700297692e-07,0.16786766741393411,False,False,False,False
40,100,11,1.4444425744386535e-07,1.6817843368665194e-07,1.0734477944710486e-07,2.6348729489199596e-07,5.3269767614968421e-08,5.3095755479413792e-07,0.16614559904112708,False,False,False,False
40,100,11.1,1.9566991227293329e-07,2.2782116747323933e-07,1.4606521233376198e-07,3.5533775304602666e-07,7.299237616103974e-08,7.1106719740647562e-07,0.16449078674923445,False,False,False,False
40,100,11.199999999999999,2.5291731731158507e-07,2.9447510777105548e-07,1.8961251473233235e-07,4.5733051544191222e-07,9.5391415740826775e-08,9.0905023710284602e-07,0.16290108090204677,False,False,False,False
40,100,11.300000000000001,3.2744500799708476e-07,3.8124872208827139e-07,2.4650092743517955e-07,5.8965533966261337e-07,1.2481220616521108e-07,1.1645542736544751e-06,0.16137437333339053,False,False,False,False
40,100,11.4,4.0828766145750706e-07,4.7537493433544453e-07,3.0857922334682088e-07,7.3232839769138128e-07,1.5721348367883653e-07,1.4374169626319966e-06,0.1599085976803683,False,False,False,False
40,100,11.5,5.0854492883445346e-07,5.9210584833326453e-07,3.858165576157371e-07,9.0869437485270479e-07,1.9773369769306888e-07,1.7730378773103981e-06,0.15850172971276971,False,False,False,False
40,100,11.6,6.1460656297640526e-07,7.1559486631081926e-07,4.6798617835136272e-07,1.0942118301321583e-06,2.4121555371378191e-07,2.1228979840081585e-06,0.15715178765034943,False,False,False,False
40,100,11.699999999999999,7.4140410788459121e-07,8.6322699011649553e-07,5.6651392271447123e-07,1.3153442600229842e-06,2.9359902840360517e-07,2.5380221471347156e-06,0.15585683246021101,False,False,False,False
40,100,11.800000000000001,8.7239681079154252e-07,1.0157435940239465e-06,6.6884752999828645e-07,1.5425564161137399e-06,3.4845416659918708e-07,2.9608916973790919e-06,0.15461496812714542,False,False,False,False
40,100,11.9,1.0229617828372284e-06,1.1957408726920497e-06,7.8990967910357732e-07,1.8100755978189021e-06,4.1359628929337884e-07,3.4569851607448503e-06,0.15342434189043827,False,False,False,False
40,100,12,1.1752227919714642e-06,1.3737188920019986e-06,9.1028533751875332e-07,2.0730901800385434e-06,4.7892430686922675e-07,3.9402961327633852e-06,0.15228314444136704,False,False,False,False
40,100,12.1,1.343941562481632e-06,1.570934402174641e-06,1.0440495362629931e-06,2.3637143739070209e-06,5.5184012369965622e-07,4.4720106240026454e-06,0.15118961007634804,False,False,False,False
40,100,12.199999999999999,1.5114571851881919e-06,1.766743551886117e-06,1.1775138672553073e-06,2.6508246441350807e-06,6.2513943395253191e-07,4.9930985130721821e-06,0.15014201680144695,False,False,False,False
40,100,12.300000000000001,0.0010887673124670982,0.0012726610106167963,0.00085051654966587309,0.0019043321950413003,0.0004534519356050406,0.003571858273761796,0.14913868638472852,False,False,False,False
40,100,12.4,0.0014650227967649698,0.0017124663569139764,0.001147412462693525,0.0025557862746916245,0.00061422516496302505,0.0047743745955748304,0.14817798435367621,False,False,False,False
40,100,12.5,0.0021828038152307272,0.0025514811821223606,0.0017138357876855682,0.0037985297480080957,0.00092100426296850126,0.0070684322369386947,0.14725831993565131,False,False,False,False
40,100,12.6,0.0029957790393382311,0.003501768592914129,0.0023577473095498331,0.0052008895222368278,0.0012717500203967896,0.0096421333451159694,0.14637814594007495,False,False,False,False
40,100,12.699999999999999,0.0041155088692903519,0.0048106217157871589,0.0032463804755724834,0.0071285794953907852,0.0017573019940577655,0.013169097497559814,0.14553595858169655,False,False,False,False
40,100,12.800000000000001,0.0057754172012209892,0.0067508899356873838,0.0045656726092242195,0.0099819936347799263,0.002479861012112131,0.018377850492898706,0.14473029724495076,False,False,False,False
40,100,12.9,0.0073899496346712112,0.0086381182303836863,0.0058541953183114653,0.012745916817754707,0.0031900763038258686,0.023390376735690766,0.14395974418999891,False,False,False,False
40,100,13,0.010315018706023693,0.012057233883328933,0.0081876729230232308,0.01775558089387088,0.0044755236253342127,0.032482654788005771,0.14322292420159102,False,False,False,False
40,100,13.1,0.017024306580424309,0.019899726020060619,0.013539000623947871,0.029248768551870214,0.00742266979735635,0.053349954461737757,0.14251850418237483,False,False,False,False
40,100,13.199999999999999,0.018482394516468048,0.02160408621255094,0.014725349618971656,0.031696126282666028,0.008096034231870745,0.057650020702973877,0.14184519269270757,False,False,False,False
40,100,13.300000000000001,0.023601913824677467,0.027588296559474722,0.018836914181543957,0.040405455995507461,0.010384724560735749,0.073291699033720029,0.14120173943940356,False,False,False,False
40,100,13.4,0.022278917953372002,0.026041845593012276,0.01781058445694458,0.038077230061131576,0.0098444039343037922,0.06888966832487603,0.14058693471616759,False,False,False,False
40,100,13.5,0.029075473546981812,0.033986345038790854,0.023280921294574364,0.04961451630202169,0.01289992305948178,0.089540971970893724,0.1399996087987275,False,False,False,False
40,100,13.6,0.043442882597446442,0.052259792408822482,0.03585269007661547,0.076175201826613859,0.019912975052956028,0.1371510733755375,0.13943863129788864,False,False,False,False
40,100,13.699999999999999,0.058870993554592133,0.070819101268499857,0.048655641466332888,0.10307838830875121,0.027084997034761808,0.18517059824821741,0.13890291047389003,False,False,False,False
40,100,13.800000000000001,0.056182552129030228,0.067585029715167846,0.046497930163176097,0.098235259624901053,0.025939766926086485,0.17609010345449749,0.1383913925155526,False,False,False,False
40,100,13.9,0.072631880640983582,0.087372816388185184,0.060191138172641108,0.12682945156656691,0.03364801097146685,0.22687846393289279,0.13790306078777306,False,False,False,False
40,100,14,0.064349614083766937,0.085919560218464031,0.059264594014898211,0.1245629190723639,0.033195244883100092,0.22238639462161569,0.13743693505094307,False,False,False,False
40,100,14.1,0.13026803731918335,0.2108528444730583,0.14561456852480759,0.30531918936947222,0.081714696479996393,0.54407498207208282,0.13699207065585756,False,False,False,False
40,100,14.199999999999999,0.13380022346973419,0.22478186212605017,0.15541210357245674,0.32511551146528184,0.087369065380710792,0.57831550927875552,0.13656755771763146,False,False,False,False
40,100,14.300000000000001,0.13388943672180176,0.1434545142230676,0.099291745971071099,0.20725990312399287,0.055914936436988298,0.3680447294108512,0.13616252027206785,False,False,False,False
40,100,14.4,0.21735286712646484,0.22446631337729414,0.15552621003927949,0.32396549641676747,0.087725527403580639,0.57434964864214744,0.13577611541781981,False,False,False,False
40,100,14.5,0.21115937829017639,0.24103396951993211,0.16717188489405588,0.34753077348714712,0.094441028428692148,0.61517092125274864,0.13540753244756726,False,False,False,False
40,100,14.6,0.25573745369911194,0.24469762657972974,0.16987415636118042,0.35247815051069131,0.096110013278466452,0.62300405973586881,0.13505599197129051,False,False,False,False
40,100,14.699999999999999,0.26648387312889099,0.24317867848760025,0.16897268207246979,0.34997295980431431,0.095735241176278296,0.61770220604644577,0.13472074503456841,False,False,False,False
40,100,14.800000000000001,0.27038624882698059,0.22938481332703142,0.15952576460898471,0.32983632903467414,0.090504810271455155,0.58137675143740242,0.13440107223466613,False,False,False,False
40,100,14.9,0.43707326054573059,0.37079536668550839,0.2580822727110722,0.53273400962863604,0.14660785236955701,0.93780245555244335,0.13409628283700462,False,False,False,False
40,100,15,0.4233214259147644,0.35912886355003676,0.25015846323126206,0.51556736865428265,0.1422808471980323,0.90647155379409761,0.13380571389442733,False,False,False,False
40,100,15.1,0.4852459728717804,0.41166315738235942,0.28696700180700391,0.59054370042164595,0.16340694365854716,1.0370829497926854,0.13352872937149987,False,False,False,False
40,100,15.199999999999999,0.48996332287788391,0.41566516730424991,0.28996356826064795,0.59585944657282097,0.1652972102078934,1.0452537649774529,0.13326471927589834,False,False,False,False
40,100,15.300000000000001,0.49225649237632751,0.41761060003098716,0.29151883525087607,0.59824132155356868,0.16636024761866383,1.0483190290627789,0.13301309879876219,False,False,False,False
40,100,15.4,0.75905191898345947,0.64394910427919549,0.44980892701569836,0.92188132337245987,0.25695092922557417,1.6138118283975693,0.13277330746571306,False,False,False,False
40,100,15.5,0.73510205745697021,0.62363100548794592,0.43588547159684043,0.89224270215095081,0.24923728889903818,1.5604231322041444,0.1325448083000676,False,False,False,False
40,100,15.6,0.81568187475204468,0.69199167999837441,0.48395065998707487,0.98946550708239889,0.27697493780263005,1.7288657558186682,0.13232708699960713,False,False,False,False
40,100,15.699999999999999,0.80829370021820068,0.68572385001949931,0.47983609749196271,0.97995378201707928,0.27486043389288944,1.7107489492969514,0.1321196511281072,False,False,False,False
40,100,15.800000000000001,0.8084530234336853,0.68585901342444744,0.48018704821115726,0.97962364467752505,0.27529080325106503,1.7087479158050534,0.13192202932267647,False,False,False,False
40,100,15.9,1.2051342725753784,1.0223874229846794,0.7161632500009153,1.4595499596997163,0.41090184707815164,2.5438582233446301,0.13173377051781024,False,False,False,False
40,100,16,1.1825841665267944,1.0032568204155776,0.70310326301843384,1.4315454082652805,0.40371382175251552,2.4931627144720196,0.13155444318692658,False,False,False,False
40,100,16.100000000000001,1.2402478456497192,0.96989993895857363,0.68003988689880368,1.3833098759570712,0.39075246997966173,2.4074214851176952,0.13138363460202368,False,False,False,False
40,100,16.199999999999999,1.2270567417144775,0.95958421783358772,0.67310292595693377,1.3679956446574897,0.38703192041889095,2.3791367650469226,0.1312209501119784,False,False,False,False
40,100,16.300000000000001,1.2296667098999023,0.94361168625344194,0.66217614071709952,1.3446618802510883,0.38099792229459994,2.3370285304222098,0.13106601243989208,False,False,False,False
40,100,16.399999999999999,1.7329893112182617,1.3298473098868957,0.93358779151047144,1.8942984084572585,0.5374950725237333,3.2902513120905388,0.13091846099978791,False,False,False,False
40,100,16.5,1.7039722204208374,1.3075804096308452,0.91830445882060496,1.8618732722328859,0.52900936922382935,3.2320155882285504,0.13077795123286828,False,False,False,False
40,100,16.600000000000001,1.7649029493331909,1.3543369391772273,0.95148519879919113,1.9277531033954114,0.54843322971924446,3.344488345024105,0.13064415396345372,False,False,False,False
40,100,16.699999999999999,1.7461502552032471,1.3399466485502722,0.94169949195821534,1.9066135601576537,0.54308448417285449,3.3060363042698229,0.13051675477464478,False,False,False,False
40,100,16.800000000000001,1.7673438787460327,1.3562100398318468,0.95344170419136232,1.929122319754893,0.55013765283196492,3.3433553632848705,0.13039545340367778,False,False,False,False
40,100,16.899999999999999,2.3587031364440918,1.8100025202214907,1.2728637220784049,2.5738098009885366,0.73480255573026043,4.4584890153958296,0.13027996315687923,False,False,False,False
40,100,17,2.320073127746582,1.7803589368394461,1.2523892737509461,2.5309047357861791,0.72331832888584757,4.3821341412244434,0.13017001034406639,False,False,False,False
40,100,17.100000000000001,2.393974781036377,1.8191229973409826,1.2800197886797655,2.5852791564011799,0.73960277614527992,4.4743051083475303,0.13006533373218987,False,False,False,False
40,100,17.199999999999999,2.3623499870300293,1.7950920883611423,1.2634507041103098,2.5504403101867505,0.73033592133038361,4.4121554364009761,0.12996568401796796,False,False,False,False
40,100,17.300000000000001,2.3911497592926025,1.8349011470224106,1.2918008623780379,2.6063322276671972,0.74702247814327272,4.5070427167232063,0.12987082331922345,False,False,False,False
40,100,17.399999999999999,3.0609209537506104,2.3259191133166826,1.6378852824241308,3.3029784074285171,0.94751689992527222,5.7095548608352278,0.12978052468459819,False,False,False,False
40,100,17.5,3.0256156921386719,1.9576068527962727,1.3788442886892331,2.7793019281081723,0.79795083627995966,4.8025823344966065,0.12969457162129086,False,False,False,False
40,100,17.600000000000001,3.0922083854675293,2.0006930627023909,1.4095037365395617,2.8398454203268604,0.81597524933419441,4.9055075315232735,0.12961275764043911,False,False,False,False
40,100,17.699999999999999,3.0589737892150879,1.9791899109495956,1.3946480518053292,2.8087320657953687,0.80764034007619978,4.8501696971142962,0.1295348858197444,False,False,False,False
40,100,17.800000000000001,3.0711288452148438,1.9870543667636864,1.4004702592070619,2.8193280296506882,0.81126551778458589,4.866945494314777,0.12946076838292239,False,False,False,False
40,100,17.899999999999999,3.8158292770385742,2.5200375501957537,1.7764538982447475,3.5748685967428782,1.0293718028779086,6.1693833429686871,0.12939022629554631,False,False,False,False
40,100,18,3.7744755744934082,2.4251415656303661,1.7098689163128493,3.4396271885160217,0.99106949229387831,5.9343079966426195,0.12932308887684121,False,False,False,False
40,100,18.100000000000001,3.8284428119659424,2.4598161020510858,1.7346160089739522,3.4882044352218684,1.0056842917539071,6.0164957387943518,0.12925919342697853,False,False,False,False
40,100,18.199999999999999,3.8039216995239258,2.4742745184158239,1.745098551017721,3.5081310387379312,1.0120212854137056,6.0493138639660344,0.12919838486941521,False,False,False,False
40,100,18.300000000000001,3.7874875068664551,2.4635848388337744,1.7378308959225057,3.4924285627399025,1.0080525963182954,6.0207674483437872,0.12914051540781921,False,False,False,False
40,100,18.399999999999999,3.7394556999206543,2.3805308843968174,1.6794939488936997,3.3741873826338935,0.97443973800115324,5.8155749099390572,0.12908544419712184,False,False,False,False
40,100,18.5,4.5253591537475586,2.8006941681917392,1.976204189198365,3.9691687056513336,1.146843991564755,6.8395421534545502,0.12903303702823893,False,False,False,False
40,100,18.600000000000001,4.5859732627868652,2.8382075623619993,2.0029440146929072,4.0217909776594061,1.162606317065072,6.9287617388698335,0.12898316602600482,False,False,False,False
40,100,18.699999999999999,4.5433378219604492,2.9047111825936427,2.0501390100359722,4.1154999797484546,1.1902387786852304,7.088785213001275,0.12893570935986823,False,False,False,False
40,100,18.800000000000001,4.4940290451049805,2.90492276311539,2.0505385606407023,4.1152975231196205,1.1906974834329147,7.087086667334332,0.12889055096690336,False,False,False,False
40,100,18.899999999999999,4.4288601875305176,2.8455907892813186,2.0088903287893398,4.0307760080275647,1.1667247883105691,6.9402716228972787,0.12884758028669727,False,False,False,False
40,100,19,5.2392134666442871,3.2852257512348046,2.3195139384969536,4.6530042598364245,1.3473613080912623,8.0102554316820651,0.1288066920076808,False,False,False,False
40,100,19.100000000000001,5.281498908996582,3.3795011705291524,2.3863274114750466,4.7860273098687234,1.3863994349146491,8.2379059555163625,0.12876778582447915,False,False,False,False
40,100,19.199999999999999,5.2357964515686035,3.3502572927900474,2.3659144481482439,4.7441376997709641,1.374754600130325,8.16452909255867,0.1287307662058674,False,False,False,False
40,100,19.300000000000001,5.1503267288208008,3.2748353166700466,2.3128724317630054,4.6368948862149457,1.3441332935718151,7.9787818682853047,0.12869554217292486,False,False,False,False
40,100,19.399999999999999,5.073089599609375,3.3057106530254137,2.3348897848804908,4.6801879010683285,1.3571205532719797,8.0521386955486545,0.1286620270869929,False,False,False,False
40,100,19.5,5.9706029891967773,3.9277354812528205,2.7744774822101519,5.5603644684847389,1.6128413598858038,9.565172616719499,0.12863013844705043,False,False,False,False
40,100,19.600000000000001,5.9470357894897461,3.859602236612369,2.7265730010207698,5.4634625294412675,1.5851966557208654,9.3972753292802214,0.12859979769613233,False,False,False,False
40,100,19.699999999999999,5.849116325378418,3.8914679104545518,2.7492986152700194,5.5081402994887885,1.5986036591521438,9.4729687445662627,0.12857093003642681,False,False,False,False
40,100,19.800000000000001,5.7674226760864258,3.8371164157974258,2.7111008265373768,5.430805908899714,1.5765758259013962,9.3388863044148493,0.12854346425269761,False,False,False,False
40,100,19.899999999999999,5.6567673683166504,3.7873220499497271,2.6761077665720574,5.3599516765384267,1.5563979606512517,9.2160287231637401,0.12851733254368972,False,False,False,False
40,100,20,6.5568499565124512,4.3899458474463176,3.1021279269555571,6.2123887206754969,1.8043562732684997,10.680609383534657,0.12849247036118605,False,False,False,False
