# GAMMAALL E1 ftable factors (physics/hf/gamma/ggnorm.py, INCOGNITA_GGAMMA_NORM).
# Source: stock TALYS-2.24 (banner 2.25) defaults, `gnorm y` with explicit eV `gamgam` targets from
# RIPL-3 (Capote et al., NDS 110 (2009) 3107; RIPL-4 file resonances_L0.dat, column Gg(RIPL-3)
# and D(RIPL-3)). No BNL-2018 value is used. Built by scripts/gammaall/build_table.py.
Z,A,symbol,g_ripl3,g_ripl3d0,gg_ripl3_ev,d0_ripl3_ev,gg_th_ev,d0_th_ev
13,28,Al,20.33153,21.26514,1.6,55000.0,0.5298775,56775.41
15,32,P,24.26334,24.22326,2.0,50000.0,0.5032072,49935.44
16,33,S,9.613637,5.986097,2.0,190000.0,0.7866252,141454.1
17,36,Cl,,,0.45,23000.0,0.8077698,22997.5
19,40,K,2.410103,2.408784,1.0,13000.0,0.5109654,12994.05
19,42,K,6.331969,0.63268,0.94,10000.0,0.2115002,1715.901
20,41,Ca,6.345626,6.344048,1.5,45000.0,0.3765329,44990.09
20,43,Ca,3.067468,3.067271,1.1,20000.0,0.468643,19998.87
20,44,Ca,0.716078,0.716607,0.75,1800.0,0.9920639,1801.079
20,45,Ca,8.20364,8.213153,1.3,24100.0,0.2257914,24126.28
21,46,Sc,1.952161,1.952921,0.84,1300.0,0.5101804,1300.409
22,47,Ti,1.373167,1.372091,1.4,25000.0,1.084603,24983.7
22,48,Ti,0.75128,0.75116,1.2,1750.0,1.512402,1749.775
22,49,Ti,8.914822,8.909009,2.3,20800.0,0.3226172,20786.92
22,50,Ti,1.646573,1.648583,0.81,4000.0,0.5415703,4004.128
23,51,V,1.616695,1.616509,0.6,2000.0,0.4091731,1999.808
23,52,V,5.149271,5.150715,1.5,4000.0,0.3472335,4001.077
24,51,Cr,1.607424,1.605922,1.1,12500.0,0.730845,12489.66
24,53,Cr,2.856847,2.737583,2.0,32000.0,0.7436225,30709.77
24,54,Cr,1.177785,1.177699,1.4,6700.0,1.211495,6699.557
24,55,Cr,3.32671,3.324716,1.5,50000.0,0.4747922,49970.53
25,56,Mn,1.390962,1.390038,0.75,2300.0,0.5761574,2298.742
26,55,Fe,0.874025,0.874001,1.6,20500.0,1.803287,20499.47
26,57,Fe,0.678504,0.67844,0.92,25400.0,1.303671,25397.92
26,58,Fe,1.155003,1.155375,1.85,7050.0,1.620843,7052.102
26,59,Fe,1.968848,1.973758,1.13,21600.0,0.6051326,21650.85
27,60,Co,1.361327,1.359945,0.54,1450.0,0.4177631,1448.746
28,59,Ni,1.488784,1.481648,2.03,13400.0,1.423762,13341.5
28,60,Ni,1.143325,1.143611,2.2,2000.0,1.962092,2000.423
28,61,Ni,1.464482,1.464509,1.12,13800.0,0.7927989,13800.3
28,62,Ni,1.433653,1.433517,2.0,2100.0,1.461587,2099.822
28,63,Ni,2.55209,2.560498,0.91,16000.0,0.3906358,16049.5
28,65,Ni,6.086573,6.085858,1.4,23600.0,0.2596479,23597.35
29,64,Cu,1.0,1.0,0.49,700.0,0.4900292,700.0963
29,66,Cu,1.242348,1.242696,0.385,1300.0,0.3234309,1300.298
30,65,Zn,3.830242,3.687211,0.726,2300.0,0.235355,2221.448
30,67,Zn,1.439922,1.439546,0.39,4620.0,0.2885873,4618.966
30,68,Zn,1.374704,1.374734,0.44,370.0,0.3426033,370.0064
30,69,Zn,2.032785,2.032652,0.32,5560.0,0.180905,5559.683
30,71,Zn,3.057766,3.049089,0.17,6520.0,0.06352118,6502.793
31,70,Ga,0.912872,0.912495,0.266,316.0,0.2837434,315.9085
31,72,Ga,1.097402,1.097635,0.23,380.0,0.2156434,380.0569
32,71,Ge,0.614206,0.613024,0.185,1170.0,0.2593611,1168.557
32,73,Ge,0.677265,0.689815,0.162,1500.0,0.2095176,1517.121
32,74,Ge,1.221333,1.219264,0.195,62.0,0.1687091,61.92179
32,75,Ge,0.85261,0.853444,0.195,3000.0,0.2186639,3002.058
32,77,Ge,0.596371,0.596743,0.115,4500.0,0.1572724,4501.528
33,76,As,1.303509,1.304017,0.3,90.0,0.247287,90.02634
34,75,Se,1.411122,1.408436,0.28,340.0,0.2167755,339.4987
34,77,Se,1.467725,1.461593,0.23,650.0,0.172808,647.8817
34,78,Se,1.543259,1.542641,0.39,120.0,0.2769522,119.9604
34,79,Se,0.910352,0.911215,0.23,1500.0,0.2459808,1501.003
34,81,Se,2.090494,2.094088,0.23,2400.0,0.1314453,2403.387
35,80,Br,1.15479,1.155038,0.3,47.0,0.2708685,47.00732
35,82,Br,2.063213,2.062729,0.3,100.0,0.1753176,99.98112
36,81,Kr,2.182904,2.171089,0.23,280.0,0.1296771,278.7805
36,84,Kr,0.692514,0.624192,0.21,200.0,0.2654324,188.2738
36,85,Kr,0.781847,0.782461,0.16,4000.0,0.1905285,4002.143
36,87,Kr,2.433703,2.434003,0.153,29000.0,0.1103442,29001.79
37,86,Rb,0.478394,0.478424,0.25,172.0,0.3961297,172.0061
37,88,Rb,1.830572,1.827955,0.17,1630.0,0.1260263,1628.679
38,85,Sr,1.390501,1.389735,0.24,320.0,0.1887943,319.8657
38,87,Sr,0.641881,0.641432,0.26,2600.0,0.3611001,2598.734
38,88,Sr,0.275439,0.274988,0.15,290.0,0.30265,289.8154
38,89,Sr,1.5095,1.596573,0.19,23700.0,0.1500984,24550.08
39,90,Y,0.239762,0.248882,0.13,3700.0,0.2284199,3733.587
40,91,Zr,1.0,1.00247,0.13,6000.0,0.1299984,6007.574
40,92,Zr,0.725108,0.725156,0.14,550.0,0.1627923,550.0152
40,93,Zr,1.412045,1.416146,0.135,3500.0,0.114601,3505.266
40,94,Zr,1.963408,1.963045,0.157,302.0,0.1012329,301.9596
40,95,Zr,1.183903,1.186343,0.085,4000.0,0.07790376,4004.435
40,97,Zr,4.997601,0.185258,0.065,13000.0,0.02338315,2980.137
41,94,Nb,1.666763,1.666664,0.17,94.0,0.1220109,93.99619
42,93,Mo,0.605635,0.605813,0.16,2700.0,0.2085716,2700.366
42,95,Mo,0.691586,0.694359,0.135,1320.0,0.1634634,1322.507
42,96,Mo,0.990308,0.990308,0.162,81.0,0.1631046,81.00009
42,97,Mo,0.228798,0.192874,0.1,1050.0,0.1945714,1003.738
42,98,Mo,0.974404,0.973432,0.13,60.0,0.1323764,59.95866
42,99,Mo,0.971022,0.973663,0.085,1000.0,0.08646493,1001.57
42,101,Mo,0.65246,0.653511,0.065,620.0,0.08299799,620.5201
43,100,Tc,2.430634,2.431826,0.14,14.0,0.07314927,14.00559
44,100,Ru,1.208929,1.19329,0.195,25.0,0.1704107,24.7641
44,102,Ru,2.478592,2.471578,0.18,18.0,0.091407,17.95799
44,103,Ru,1.226625,1.214728,0.1,280.0,0.08749673,278.1629
44,105,Ru,1.140666,1.142213,0.1,320.0,0.09147963,320.3016
45,104,Rh,1.583693,1.583985,0.16,32.0,0.1136882,32.00452
46,105,Pd,1.037235,1.035302,0.15,300.0,0.1463262,299.6186
46,106,Pd,1.605356,1.605247,0.15,10.3,0.1068862,10.29945
46,108,Pd,1.066338,1.06636,0.125,11.0,0.1190441,11.00016
46,109,Pd,0.557795,0.555156,0.08,182.0,0.1136434,181.5431
46,111,Pd,1.656128,1.658007,0.06,275.0,0.04310413,275.2219
47,108,Ag,1.131815,1.132127,0.14,28.0,0.1282242,28.0056
47,110,Ag,1.835302,1.836194,0.13,18.0,0.08335408,18.00693
48,107,Cd,1.27275,1.269224,0.155,165.0,0.1312423,164.6731
48,109,Cd,1.675018,1.671471,0.105,120.0,0.0733838,119.8098
48,111,Cd,0.71944,0.720847,0.071,155.0,0.08629932,155.1676
48,112,Cd,1.091625,1.091977,0.106,27.0,0.1000329,27.00593
48,113,Cd,1.443379,1.474361,0.077,190.0,0.0607915,192.7932
48,114,Cd,1.194942,1.195179,0.098,24.8,0.08690609,24.80342
48,115,Cd,1.552883,1.554034,0.054,210.0,0.04052069,210.109
48,117,Cd,0.68915,0.689843,0.05,704.0,0.06108265,704.3487
49,114,In,0.714352,0.714308,0.075,10.7,0.0917494,10.69963
49,116,In,1.339782,1.340088,0.077,9.5,0.06374555,9.501486
50,113,Sn,1.401191,1.401708,0.11,158.0,0.08899789,158.039
50,117,Sn,0.35051,0.350165,0.052,450.0,0.08411281,449.8518
50,118,Sn,0.839913,0.860189,0.117,61.0,0.1306627,61.9027
50,119,Sn,0.244666,0.244468,0.045,700.0,0.07739047,699.8671
50,120,Sn,0.556808,0.557069,0.1,90.0,0.1424576,90.02276
50,121,Sn,0.087047,0.08679,0.04,1250.0,0.08041746,1249.655
51,122,Sb,0.997536,0.997327,0.1,13.0,0.1001713,12.99812
51,124,Sb,0.974356,0.974823,0.1,24.0,0.1017624,24.00765
52,123,Te,0.830474,0.830701,0.074,146.0,0.08281686,146.0233
52,124,Te,0.673597,0.673092,0.121,25.1,0.1599526,25.08751
52,125,Te,0.792473,0.79483,0.059,220.0,0.06747586,220.3592
52,126,Te,0.610362,0.61013,0.106,43.0,0.1480051,42.98994
52,127,Te,0.351196,0.347676,0.053,640.0,0.085563,637.8641
52,129,Te,,,0.035,1510.0,0.1119096,1510.304
53,128,I,0.790759,0.790726,0.11,15.0,0.1288053,14.99956
53,130,I,0.489745,0.489466,0.087,20.0,0.134509,19.99404
54,130,Xe,0.869013,0.869232,0.12,38.0,0.1320038,38.00642
54,132,Xe,0.652957,0.653198,0.114,49.0,0.148444,49.01038
55,134,Cs,0.7541,0.753098,0.12,21.0,0.1447446,20.98231
55,135,Cs,1.213779,0.712659,0.16,16.0,0.1396246,11.22487
55,136,Cs,4.313737,6.437766,0.135,51.0,0.0506681,71.42045
56,131,Ba,1.266567,1.300531,0.1,58.0,0.08518765,59.09449
56,135,Ba,0.435967,0.435736,0.078,371.0,0.1229819,370.9119
56,136,Ba,0.668895,0.669136,0.135,40.0,0.1746997,40.00845
56,137,Ba,0.501508,0.502216,0.086,1210.0,0.1180488,1210.688
56,138,Ba,,,0.08,350.0,0.2172001,350.0831
56,139,Ba,0.311947,0.312023,0.055,18700.0,0.116905,18702.33
57,139,La,0.140614,0.140676,0.095,32.0,0.2424013,32.00356
57,140,La,0.460424,0.460384,0.055,220.0,0.09083787,219.9892
58,141,Ce,0.357981,0.356865,0.035,3100.0,0.06442128,3095.464
59,142,Pr,0.931999,0.934325,0.088,110.0,0.09240159,110.1883
60,143,Nd,0.787732,0.788243,0.067,1030.0,0.07828828,1030.417
60,144,Nd,0.884561,0.884705,0.086,38.0,0.09378649,38.00424
60,145,Nd,0.482354,0.482305,0.047,450.0,0.07898917,449.9717
60,146,Nd,0.613834,0.611731,0.058,17.0,0.08139297,16.96266
60,147,Nd,1.216124,1.215887,0.055,340.0,0.04753944,339.9492
60,149,Nd,0.853643,0.853624,0.04,155.0,0.0445797,154.9977
60,151,Nd,1.695442,1.688187,0.067,165.0,0.04449854,164.4217
61,148,Pm,2.064443,2.065389,0.069,5.2,0.04082753,5.20189
62,145,Sm,0.447719,0.447693,0.074,770.0,0.1196223,769.9775
62,148,Sm,1.230047,1.230392,0.069,5.7,0.05964721,5.701158
62,149,Sm,1.279051,1.27891,0.044,65.0,0.03705505,64.99486
62,150,Sm,1.19499,1.175171,0.062,2.4,0.05429792,2.369699
62,151,Sm,1.327907,1.328454,0.06,46.0,0.04886101,46.01423
62,152,Sm,2.290915,2.281179,0.095,1.4,0.05092984,1.395101
62,153,Sm,0.744056,0.742906,0.06,46.0,0.07368228,45.95288
62,155,Sm,1.648048,1.648546,0.079,114.0,0.05384254,114.0279
63,152,Eu,2.578346,2.578438,0.092,0.73,0.04438327,0.730022
63,153,Eu,2.123799,2.123312,0.16,0.56,0.09092924,0.559896
63,154,Eu,1.740035,1.740858,0.095,1.1,0.0622577,1.100421
63,155,Eu,1.675309,1.675555,0.135,0.92,0.09082709,0.920107
63,156,Eu,1.30738,1.307987,0.096,4.3,0.07871348,4.301529
64,153,Gd,1.095557,1.110898,0.054,14.0,0.05061915,14.14071
64,154,Gd,0.625702,0.625564,0.065,3.0,0.08680833,2.999632
64,155,Gd,1.730794,1.727811,0.075,14.5,0.04948565,14.47988
64,156,Gd,1.869311,1.868948,0.108,1.7,0.0676035,1.699737
64,157,Gd,1.883681,1.876909,0.088,30.0,0.05404387,29.91128
64,158,Gd,1.801205,1.801654,0.097,4.9,0.06268398,4.900969
64,159,Gd,2.116467,2.115054,0.105,82.0,0.058289,81.95396
64,161,Gd,2.357927,2.358228,0.111,180.0,0.05630117,180.0195
65,160,Tb,1.276947,1.304612,0.097,3.82,0.08081681,3.883655
66,161,Dy,2.037546,2.036824,0.108,27.0,0.06203253,26.99202
66,162,Dy,1.86882,1.868861,0.112,2.4,0.0690738,2.400046
66,163,Dy,1.489041,1.488908,0.112,62.0,0.08249503,61.99576
66,164,Dy,1.757676,1.757778,0.113,6.8,0.07275222,6.799742
66,165,Dy,1.634165,1.634186,0.114,150.0,0.07772015,149.9899
67,166,Ho,1.248452,1.247796,0.077,4.2,0.06553388,4.198364
68,167,Er,1.487462,1.48796,0.092,38.0,0.06797588,38.01017
68,168,Er,1.267805,1.267937,0.088,4.2,0.07364396,4.200345
68,169,Er,1.297751,1.297538,0.085,100.0,0.06951509,99.98704
69,170,Tm,1.127484,1.127202,0.097,8.5,0.08873757,8.498386
69,171,Tm,1.744163,1.742667,0.122,3.9,0.07921185,3.897244
70,169,Yb,1.537362,1.535077,0.065,8.0,0.04707978,7.990623
70,170,Yb,0.806137,0.806099,0.08,1.6,0.09322712,1.599947
70,171,Yb,1.129512,1.127696,0.07,35.0,0.06401323,34.95808
70,172,Yb,0.873918,0.875162,0.075,6.9,0.08269706,6.906986
70,173,Yb,0.874309,0.874587,0.077,76.0,0.08482272,76.01707
70,174,Yb,1.092975,1.092937,0.074,7.5,0.06924193,7.499804
70,175,Yb,1.114882,1.115312,0.083,192.0,0.07648253,192.0567
71,176,Lu,1.264688,1.265052,0.077,3.45,0.06488211,3.450742
71,177,Lu,1.431413,1.431739,0.063,1.61,0.0483963,1.610279
72,177,Hf,1.499787,1.499595,0.06,30.0,0.04465365,29.99703
72,178,Hf,0.785247,0.78506,0.066,2.4,0.07964008,2.399562
72,179,Hf,0.958973,0.95878,0.054,57.0,0.05567032,56.99176
72,180,Hf,0.642778,0.642883,0.066,4.6,0.0919653,4.600518
72,181,Hf,1.18416,1.184418,0.05,94.0,0.04398561,94.01587
73,181,Ta,0.883019,0.900692,0.051,1.2,0.05550957,1.215963
73,182,Ta,0.805231,0.805097,0.057,4.2,0.06627772,4.199524
73,183,Ta,1.132393,1.132428,0.067,3.5,0.06116712,3.500084
74,181,W,1.170582,1.105662,0.07,20.0,0.06224776,19.15824
74,183,W,0.729044,0.729027,0.055,60.0,0.06878173,59.99908
74,184,W,0.606558,0.606796,0.077,12.0,0.1156083,12.00364
74,185,W,1.205822,1.206217,0.057,75.0,0.04936268,75.01915
74,187,W,1.146975,1.145999,0.051,99.0,0.04595281,98.93485
75,186,Re,0.962116,0.96204,0.057,3.1,0.05858091,3.099829
75,188,Re,1.131374,1.131075,0.061,3.9,0.05575464,3.899226
76,187,Os,1.37631,1.373802,0.074,29.0,0.0579984,28.9582
76,188,Os,1.840899,1.84192,0.088,5.1,0.05565022,5.10228
76,189,Os,1.775765,1.769724,0.093,47.0,0.05973876,46.86922
76,190,Os,2.118868,2.115685,0.092,3.4,0.0520746,3.395805
77,192,Ir,1.198746,1.198706,0.081,2.5,0.07076907,2.499933
77,193,Ir,1.391374,1.392043,0.1,0.5,0.07725305,0.500196
77,194,Ir,1.165319,1.164353,0.093,5.8,0.08282384,5.796278
78,193,Pt,0.833391,0.833344,0.06,31.4,0.06846856,31.39876
78,195,Pt,0.727962,0.727849,0.072,82.0,0.09057336,81.99128
78,196,Pt,0.947846,0.947865,0.12,18.0,0.1253431,18.00025
78,197,Pt,0.564512,0.566217,0.12,350.0,0.1877208,350.7715
79,198,Au,0.723109,0.723337,0.128,15.5,0.1634346,15.50348
80,199,Hg,1.009977,1.009893,0.12,105.0,0.1190547,104.993
80,200,Hg,0.7374,0.735346,0.295,80.0,0.3774405,79.8252
80,201,Hg,2.177821,2.173389,0.45,600.0,0.2221225,598.8592
80,202,Hg,0.93791,0.93811,0.4,90.0,0.4221036,90.01611
81,204,Tl,1.103007,1.089553,0.69,470.0,0.6306428,464.72
81,206,Tl,0.991308,0.582056,1.1,4000.0,1.10926,2417.511
82,205,Pb,0.981308,0.98156,0.73,2100.0,0.7427402,2100.496
82,207,Pb,1.704897,0.873775,2.1,30000.0,1.256364,15789.7
