track,row,value_b
na-post2021,0,0.05948029614
na-post2021,1,0.03367234159
na-post2021,2,0.02309556902
na-post2021,3,0.02871635809
na-post2021,4,0.03559621573
na-post2021,5,0.04309905672
na-post2021,6,0.05183789941
na-post2021,7,0.06120181778
na-post2021,8,0.07099304824
na-post2021,9,0.08187965265
na-post2021,10,0.09270818938
na-post2021,11,0.1044663238
na-post2021,12,0.128837018
na-post2021,13,0.1505366677
na-post2021,14,0.1664259336
na-post2021,15,0.1770295125
na-post2021,16,0.1902317807
na-post2021,17,0.2027305663
na-post2021,18,0.2135514656
na-post2021,19,0.2229354422
na-post2021,20,0.2328163082
na-post2021,21,0.2523722753
na-post2021,22,0.265015323
na-post2021,23,0.277539389
na-post2021,24,0.2877275872
na-post2021,25,0.2959770493
na-post2021,26,0.3037124604
na-post2021,27,0.3087494954
na-post2021,28,0.3148890445
na-post2021,29,0.3213517127
na-post2021,30,0.3174687321
na-post2021,31,0.3133877222
na-post2021,32,0.3097254505
na-post2021,33,0.3017796168
na-post2021,34,0.2935494729
na-post2021,35,0.2837101854
na-post2021,36,0.2722487937
na-post2021,37,0.255649018
na-post2021,38,0.001752049378
na-post2021,39,0.004630031893
na-post2021,40,0.01092565129
na-post2021,41,0.02189810063
na-post2021,42,0.03737808195
na-post2021,43,0.05893133203
na-post2021,44,0.08458048631
na-post2021,45,0.1136333023
na-post2021,46,0.1441410466
na-post2021,47,0.165110695
na-post2021,48,0.1786445149
na-post2021,49,0.1951110543
na-post2021,50,0.210017021
na-post2021,51,0.2217474076
na-post2021,52,0.2345417183
na-post2021,53,0.2534163714
na-post2021,54,0.2638537652
na-post2021,55,0.2751638558
na-post2021,56,0.2831787662
na-post2021,57,0.2919372291
na-post2021,58,0.297804622
na-post2021,59,0.3042348381
na-post2021,60,0.308041793
na-post2021,61,0.314845294
na-post2021,62,0.3155870426
na-post2021,63,0.321158458
na-post2021,64,0.3175196712
na-post2021,65,0.3174814002
na-post2021,66,0.3169081365
na-post2021,67,0.3133658346
na-post2021,68,0.3142072724
na-post2021,69,0.3095310993
na-post2021,70,0.307810096
na-post2021,71,0.06120181778
na-post2021,72,0.128837018
na-post2021,73,0.1664259336
na-post2021,74,0.1664259336
na-post2021,75,0.1664259336
na-post2021,76,0.1664259336
na-post2021,77,0.1664259336
na-post2021,78,0.1770295125
na-post2021,79,0.1770295125
na-post2021,80,0.196627347
na-post2021,81,0.196627347
na-post2021,82,0.2087703876
na-post2021,83,0.2087703876
na-post2021,84,0.2135514656
na-post2021,85,0.2135514656
na-post2021,86,0.2229354422
na-post2021,87,0.2229354422
na-post2021,88,0.03332673948
na-post2021,89,0.004801050397
na-post2021,90,0.01928141064
na-post2021,91,0.090132114
na-post2021,92,0.1092050296
na-post2021,93,0.1221307542
na-post2021,94,0.03591311955
na-post2021,95,0.04257444106
na-post2021,96,0.04811110378
na-post2021,97,0.0327346883
na-post2021,98,0.03400167956
na-post2021,99,0.03351423823
na-post2021,100,0.0006650199414
na-post2021,101,0.001015428305
na-post2021,102,0.00117453733
na-post2021,103,0.00139385433
na-post2021,104,0.0006084130934
na-post2021,105,0.0009672913554
na-post2021,106,0.00119520346
na-post2021,107,0.001573981077
na-post2021,108,0.000970644369
na-post2021,109,0.001266510544
na-post2021,110,0.001400458654
na-post2021,111,0.001607163625
na-post2021,112,0.0004823984514
na-post2021,113,0.0006560393927
na-post2021,114,0.0007519136036
na-post2021,115,0.0008816052424
