superseded,kept,how,ref,n_common,factor,sd_dex
10086/10086002/,10086/10086006/,x:SPSDD,10086006,1,1.00081,0.0
10421/10421005/,10421/10421006/,d:ratio,"",5,0.99952,0.00057
11778/11778004/,11778/11778005/,x:SPSDD,11778005,1,0.95105,0.0
11778/11778007/,11778/11778008/,x:SPSDD,11778008,1,1.03767,0.0
11778/11778009/,11778/11778010/,x:SPSDD,11778010,1,1.02301,0.0
11778/11778011/,11778/11778012/,x:SPSDD,11778012,1,0.8678,0.0
11778/11778014/,11778/11778013/,x:SPSDD,11778013,1,0.9094,0.0
14407/14407005/,14407/14407004/,d:exact,"",1,1.0,0.0
14407/14407008/,14407/14407007/,d:exact,"",1,1.0,0.0
14407/14407017/,14407/14407014/,d:exact,"",1,1.0,0.0
14714/14714003/2,14714/14714003/1,d:exact,"",1,1.0,0.0
14714/14714004/2,14714/14714004/1,d:exact,"",1,1.0,0.0
14714/14714011/2,14714/14714011/1,d:exact,"",1,1.0,0.0
14867/14867004/3,14867/14867004/2,d:exact,"",1,1.0,0.0
14867/14867018/3,14867/14867016/1,d:exact,"",1,1.0,0.0
14867/14867026/2,14867/14867024/3,d:exact,"",1,1.0,0.0
20077/20077004/2,20077/20077003/,d:exact,"",1,1.0,0.0
20465/20465002/,20465/20465003/,x:SPSDD,20465003,14,1.0095,0.00542
20820/20820002/,20820/20820003/,x:SPSDD,20820003,1,1.22581,0.0
21619/21619003/,22006/22006005/,x:SPSDD,22006005,5,1.0,0.0
21619/21619004/,22006/22006007/,x:SPSDD,22006007,5,0.9992,0.00069
21619/21619011/1,22006/22006009/,x:SPSDD,22006009,3,1.00769,0.00471
21619/21619011/2,22006/22006112/,x:SPSDD,22006112,3,0.98259,0.00839
21619/21619016/1,22006/22006017/,x:SPSDD,22006017,3,1.03936,0.00289
21619/21619016/2,22006/22006113/,x:SPSDD,22006113,3,1.00571,0.0035
21647/21647002/,21647/21647013/2,x:SPSDD,21647013,1,1.02637,0.0
21647/21647003/,21647/21647014/2,x:SPSDD,21647014,1,1.06255,0.0
21647/21647005/,21647/21647016/2,x:SPSDD,21647016,1,1.03863,0.0
21647/21647006/,21647/21647017/2,x:SPSDD,21647017,1,1.05922,0.0
21647/21647007/,21647/21647018/2,x:SPSDD,21647018,1,1.07131,0.0
21647/21647008/,21647/21647019/,x:SPSDD,21647019,1,1.02844,0.0
21647/21647009/,21647/21647020/,x:SPSDD,21647020,1,1.0625,0.0
21647/21647011/,21647/21647022/,x:SPSDD,21647022,1,1.05937,0.0
21647/21647012/,21647/21647023/,x:SPSDD,21647023,1,1.07292,0.0
21768/21768004/,21768/21768006/,x:SPSDD,21768006,1,1.0,0.0
21913/21913007/,22037/22037009/,x:SPSDD,22037009,2,0.98074,0.00487
22037/22037016/1,22037/22037026/2,x:SPSDD,22037026,1,1.0,0.0
22037/22037016/2,22037/22037026/3,x:SPSDD,22037026,1,1.01852,0.0
22037/22037017/1,22037/22037027/2,x:SPSDD,22037027,1,1.06667,0.0
22037/22037017/2,22037/22037027/3,x:SPSDD,22037027,1,1.06875,0.0
22037/22037018/1,22037/22037028/2,x:SPSDD,22037028,1,1.0365,0.0
22037/22037018/2,22037/22037028/3,x:SPSDD,22037028,1,1.04,0.0
22037/22037019/1,22037/22037029/2,x:SPSDD,22037029,1,1.03645,0.0
22037/22037019/2,22037/22037029/3,x:SPSDD,22037029,1,1.03646,0.0
22037/22037020/1,22037/22037030/2,x:SPSDD,22037030,1,1.03448,0.0
22037/22037020/2,22037/22037030/3,x:SPSDD,22037030,1,1.03797,0.0
22037/22037021/1,22037/22037031/2,x:SPSDD,22037031,1,1.03587,0.0
22037/22037021/2,22037/22037031/3,x:SPSDD,22037031,1,1.03616,0.0
22037/22037022/1,22037/22037032/2,x:SPSDD,22037032,1,1.03458,0.0
22037/22037022/2,22037/22037032/3,x:SPSDD,22037032,1,1.0347,0.0
22037/22037023/1,22037/22037033/2,x:SPSDD,22037033,1,1.04,0.0
22037/22037023/2,22037/22037033/3,x:SPSDD,22037033,1,1.04348,0.0
22037/22037024/1,22037/22037034/2,x:SPSDD,22037034,1,1.05584,0.0
22037/22037024/2,22037/22037034/3,x:SPSDD,22037034,1,1.05556,0.0
22037/22037025/1,22037/22037035/2,x:SPSDD,22037035,1,1.03333,0.0
22037/22037025/2,22037/22037035/3,x:SPSDD,22037035,1,1.03636,0.0
22145/22145002/,22145/22145008/2,x:SPSDD,22145008,2,1.10062,0.00086
22145/22145005/,22145/22145010/,x:renorm,22145005,1,1.1018,0.0
22145/22145006/,22145/22145011/,d:exact,"",1,1.0,0.0
22174/22174002/,22174/22174004/,x:SPSDD,22174004,1,1.16,0.0
22177/22177002/1,22177/22177005/2,x:SPSDD,22177005,1,1.05164,0.0
22177/22177002/2,22177/22177005/3,x:SPSDD,22177005,1,1.05263,0.0
22177/22177003/1,22177/22177006/2,x:SPSDD,22177006,1,1.0506,0.0
22177/22177003/2,22177/22177006/3,x:SPSDD,22177006,1,1.05057,0.0
22177/22177004/,22177/22177007/2,x:SPSDD,22177007,1,1.05104,0.0
22182/22182002/,22182/22182006/2,x:SPSDD,22182006,1,1.05245,0.0
22182/22182003/,22182/22182007/2,x:SPSDD,22182007,1,1.05172,0.0
22182/22182004/,22182/22182008/,x:SPSDD,22182008,1,1.0,0.0
22182/22182005/,22182/22182009/,x:SPSDD,22182009,1,1.03738,0.0
22285/22285015/,22372/22372015/,d:exact,"",8,1.0,0.0
22285/22285016/,22372/22372016/,d:exact,"",8,1.0,0.0
22305/22305002/1,22305/22305008/2,x:SPSDD,22305008,1,1.04176,0.0
22305/22305002/2,22305/22305008/3,x:SPSDD,22305008,1,1.05136,0.0
22305/22305003/1,22305/22305009/2,x:SPSDD,22305009,1,1.04187,0.0
22305/22305003/2,22305/22305009/3,x:SPSDD,22305009,1,1.0512,0.0
22305/22305004/1,22305/22305010/2,x:SPSDD,22305010,1,1.1139,0.0
22305/22305004/2,22305/22305010/3,x:SPSDD,22305010,1,1.16667,0.0
22305/22305005/,22305/22305011/,x:SPSDD,22305011,1,1.05052,0.0
22305/22305006/,22305/22305012/,x:SPSDD,22305012,1,1.05132,0.0
22305/22305007/,22305/22305013/,x:SPSDD,22305013,1,1.16981,0.0
22306/22306002/,22306/22306004/2,x:renorm,22306002,1,1.05089,0.0
22306/22306003/,22306/22306005/2,x:renorm,22306003,1,1.05073,0.0
22375/22375002/,22374/22374007/,x:SPSDD,22374007,17,0.99769,0.00025
22375/22375003/,22374/22374008/,x:SPSDD,22374008,17,0.98914,0.00585
22375/22375004/,22374/22374009/,x:SPSDD,22374009,17,0.99532,0.00008
22375/22375005/,22374/22374010/,x:SPSDD,22374010,17,0.99971,0.00008
22375/22375006/,22374/22374011/,x:SPSDD,22374011,17,0.97827,0.00007
22375/22375007/,22374/22374012/,x:SPSDD,22374012,8,0.99804,0.00016
22375/22375008/,22374/22374013/,x:SPSDD,22374013,8,0.98765,0.00042
22375/22375009/,22374/22374014/,x:SPSDD,22374014,8,0.99563,0.00009
22375/22375010/,22374/22374015/,x:SPSDD,22374015,8,1.00015,0.00048
22375/22375011/,22374/22374016/,x:SPSDD,22374016,8,0.97912,0.00032
22376/22376002/,22376/22376005/2,x:SPSDD,22376005,1,1.04983,0.0
22376/22376003/,22376/22376006/2,x:renorm,22376003,1,1.0495,0.0
22376/22376004/,22376/22376007/2,x:SPSDD,22376007,1,1.05145,0.0
22448/22448002/,22448/22448003/,x:SPSDD,22448003,1,0.88889,0.0
22450/22450038/1,22450/22450038/2,d:exact,"",1,1.0,0.0
22451/22451019/3,22451/22451019/1,d:exact,"",1,1.0,0.0
22451/22451019/4,22451/22451019/1,d:exact,"",1,1.0,0.0
22451/22451019/5,22451/22451019/2,d:exact,"",1,1.0,0.0
22451/22451021/,22451/22451019/2,d:exact,"",1,1.0,0.0
22454/22454002/,22862/22862002/,x:SPSDD,22862002,1,1.0,0.0
22454/22454003/,22862/22862004/,x:SPSDD,22862004,1,1.0,0.0
22459/22459002/,22459/22459006/2,x:SPSDD,22459006,1,1.13061,0.0
22459/22459005/,22459/22459007/,x:SPSDD,22459007,1,1.13106,0.0
22603/22603002/1,22603/22603007/2,x:renorm,22603002,1,1.0,0.0
22603/22603002/2,22603/22603007/3,x:renorm,22603002,1,1.0,0.0
22603/22603003/1,22603/22603008/2,x:renorm,22603003,1,1.0,0.0
22603/22603003/2,22603/22603008/3,x:renorm,22603003,1,1.08298,0.0
22603/22603004/1,22603/22603009/2,x:renorm,22603004,1,0.97048,0.0
22603/22603004/2,22603/22603009/3,x:renorm,22603004,1,0.97608,0.0
22603/22603005/1,22603/22603010/2,x:renorm,22603005,1,0.8178,0.0
22603/22603005/2,22603/22603010/3,x:renorm,22603005,1,0.819,0.0
22632/22632002/,22834/22834002/,x:SPSDD,22834002,1,1.0,0.0
22632/22632003/,22834/22834004/,x:SPSDD,22834004,1,0.98893,0.0
22632/22632006/,22834/22834006/,x:SPSDD,22834006,1,0.99791,0.0
22632/22632008/,22834/22834012/,x:SPSDD,22834012,1,0.99524,0.0
22638/22638003/,22679/22679002/,x:SPSDD,22679002,1,0.86325,0.0
22638/22638004/,22679/22679004/,x:SPSDD,22679004,1,0.8595,0.0
22670/22670002/,22670/22670015/2,x:SPSDD,22670015,1,1.00846,0.0
22670/22670003/,22670/22670016/2,x:SPSDD,22670016,1,1.0531,0.0
22670/22670004/,22670/22670017/2,x:SPSDD,22670017,1,1.07546,0.0
22670/22670005/,22670/22670018/2,x:SPSDD,22670018,1,1.05119,0.0
22670/22670006/,22670/22670019/2,x:SPSDD,22670019,1,1.05108,0.0
22670/22670007/,22670/22670020/2,x:SPSDD,22670020,1,1.05674,0.0
22670/22670008/,22670/22670021/2,x:SPSDD,22670021,1,1.0,0.0
22670/22670009/,22670/22670022/,x:SPSDD,22670022,1,1.00928,0.0
22670/22670010/,22670/22670023/,x:SPSDD,22670023,1,1.0534,0.0
22670/22670011/,22670/22670024/,x:SPSDD,22670024,1,1.0803,0.0
22670/22670012/,22670/22670025/,x:SPSDD,22670025,1,1.05092,0.0
22670/22670013/,22670/22670026/,x:SPSDD,22670026,1,1.06273,0.0
22670/22670014/,22670/22670027/,x:SPSDD,22670027,1,1.05294,0.0
22677/22677002/,22677/22677003/2,x:SPSDD,22677003,1,1.05109,0.0
22683/22683002/,22844/22844002/,x:SPSDD,22844002,1,0.99434,0.0
22683/22683003/,22844/22844003/,x:SPSDD,22844003,1,0.89314,0.0
22683/22683004/,22844/22844004/,x:SPSDD,22844004,5,0.97583,0.00496
22683/22683006/,22844/22844004/,x:SPSDD,22844004,5,0.99879,0.00062
22685/22685002/,22685/22685008/2,x:SPSDD,22685008,1,1.0524,0.0
22685/22685003/,22685/22685009/2,x:SPSDD,22685009,1,1.05325,0.0
22685/22685004/,22685/22685010/2,x:SPSDD,22685010,1,1.05325,0.0
22685/22685005/,22685/22685011/,x:SPSDD,22685011,9,1.05146,0.00071
22685/22685006/,22685/22685012/,x:SPSDD,22685012,9,1.05137,0.00079
22685/22685007/,22685/22685013/,x:SPSDD,22685013,9,1.05162,0.00083
22777/22777002/,22777/22777005/,x:SPSDD,22777005,1,0.91358,0.0
22808/22808002/,22808/22808016/2,x:SPSDD,22808016,5,1.03948,0.00923
22808/22808013/,22808/22808019/,x:SPSDD,22808019,1,1.06304,0.0
22829/22829005/,22829/22829014/,x:SPSDD,22829014,1,1.05112,0.0
22829/22829006/,22829/22829015/,x:SPSDD,22829015,1,1.05063,0.0
22829/22829007/,22829/22829016/,x:SPSDD,22829016,1,1.05078,0.0
22829/22829008/,22829/22829017/,x:SPSDD,22829017,9,1.05092,0.00017
22834/22834005/,23097/23097005/,x:SPSDD,23097005,1,1.03337,0.0
22841/22841002/,22841/22841003/2,x:SPSDD,22841003,1,1.03429,0.0
22846/22846002/,22846/22846011/2,x:SPSDD,22846011,1,1.04878,0.0
22846/22846004/,22846/22846012/,x:SPSDD,22846012,14,1.05098,0.00044
22846/22846006/,22846/22846013/,x:SPSDD,22846013,10,1.05103,0.00053
22852/22852002/,22852/22852004/2,x:SPSDD,22852004,4,1.06046,0.00485
22852/22852003/,22852/22852005/,x:SPSDD,22852005,2,1.04746,0.00542
22879/22879002/,22879/22879005/2,x:SPSDD,22879005,1,1.06325,0.0
22879/22879003/,22879/22879006/,x:SPSDD,22879006,1,1.06162,0.0
22879/22879004/,22879/22879007/,x:SPSDD,22879007,10,1.06167,0.00065
22883/22883002/,22883/22883011/2,x:SPSDD,22883011,1,1.06038,0.0
22883/22883003/,22883/22883012/2,x:SPSDD,22883012,1,1.06164,0.0
22883/22883004/,22883/22883013/2,x:SPSDD,22883013,1,1.06164,0.0
22883/22883005/,22883/22883014/2,x:SPSDD,22883014,1,1.0632,0.0
22883/22883009/,22883/22883018/2,x:SPSDD,22883018,1,1.06452,0.0
22883/22883010/,22883/22883019/2,x:SPSDD,22883019,1,1.06299,0.0
22892/22892002/,22892/22892007/,x:SPSDD,22892007,1,0.98596,0.0
22892/22892004/2,22892/22892008/2,x:SPSDD,22892008,1,1.20382,0.0
22892/22892005/,22892/22892009/,x:SPSDD,22892009,1,0.8224,0.0
22892/22892008/1,22892/22892019/2,x:SPSDD,22892019,1,1.0625,0.0
22892/22892011/,22892/22892022/,x:SPSDD,22892022,12,1.06224,0.00061
22892/22892013/,22892/22892023/,x:SPSDD,22892023,12,1.06182,0.00052
22892/22892017/,22892/22892024/,x:renorm,22892017,1,1.06316,0.0
22893/22893003/,22893/22893006/,x:SPSDD,22893006,1,0.99355,0.0
22897/22897002/,22897/22897015/,x:SPSDD,22897015,4,1.05834,0.00853
22897/22897003/,22897/22897016/,x:SPSDD,22897016,1,1.14563,0.0
22897/22897004/,22897/22897017/,x:SPSDD,22897017,4,0.98556,0.00996
22897/22897005/,22897/22897018/,x:SPSDD,22897018,1,0.99138,0.0
22932/22932002/,22932/22932008/,x:SPSDD,22932008,5,0.99977,0.00799
22932/22932003/,22932/22932010/,x:SPSDD,22932010,5,0.99881,0.00121
22939/22939005/1,22939/22939022/2,x:SPSDD,22939022,1,1.0788,0.0
22939/22939006/,22939/22939024/,x:SPSDD,22939024,1,1.06173,0.0
22939/22939007/,22939/22939025/2,x:SPSDD,22939025,1,1.06117,0.0
22939/22939008/,22939/22939026/,x:SPSDD,22939026,1,1.06197,0.0
22939/22939009/,22939/22939027/2,x:SPSDD,22939027,1,1.06205,0.0
22939/22939010/,22939/22939028/,x:SPSDD,22939028,1,1.06178,0.0
22939/22939011/,22939/22939029/2,x:SPSDD,22939029,1,1.06213,0.0
22939/22939012/,22939/22939030/,x:SPSDD,22939030,1,1.06206,0.0
22939/22939013/,22939/22939031/,x:SPSDD,22939031,1,1.06219,0.0
22939/22939014/,22939/22939032/2,x:SPSDD,22939032,1,1.0625,0.0
22939/22939015/,22939/22939033/,x:SPSDD,22939033,1,1.06203,0.0
22939/22939016/,22939/22939034/2,x:SPSDD,22939034,1,1.06212,0.0
22939/22939017/,22939/22939035/,x:SPSDD,22939035,1,1.06192,0.0
22939/22939018/,22939/22939036/2,x:SPSDD,22939036,1,1.06216,0.0
22939/22939019/1,22939/22939037/1,x:SPSDD,22939037,9,1.06221,0.00015
22939/22939019/2,22939/22939037/2,x:SPSDD,22939037,9,1.06238,0.00046
22939/22939019/3,22939/22939037/3,x:SPSDD,22939037,9,1.06246,0.00025
22939/22939020/1,22939/22939038/3,x:SPSDD,22939038,9,1.05847,0.00421
22939/22939020/2,22939/22939038/2,x:SPSDD,22939038,9,1.06174,0.00023
22939/22939020/3,22939/22939038/3,x:SPSDD,22939038,9,1.05847,0.00421
22939/22939021/1,22939/22939039/1,x:SPSDD,22939039,9,1.06214,0.00013
22939/22939021/2,22939/22939039/2,x:SPSDD,22939039,9,1.06172,0.00011
22939/22939021/3,22939/22939039/3,x:SPSDD,22939039,9,1.06207,0.00018
22939/22939021/4,22939/22939039/3,x:SPSDD,22939039,9,1.06207,0.00018
22939/22939022/1,22939/22939040/1,x:SPSDD,22939040,9,1.06199,0.00026
22939/22939022/3,22939/22939040/2,x:SPSDD,22939040,9,1.0618,0.00027
22939/22939023/2,22939/22939041/2,x:SPSDD,22939041,9,1.06197,0.00008
22939/22939039/4,22939/22939039/1,d:ratio,"",9,0.99841,0.00335
22941/22941008/,22941/22941023/,x:SPSDD,22941023,1,0.8473,0.0
22941/22941009/,22941/22941025/,x:SPSDD,22941025,1,0.86679,0.0
22941/22941010/,22941/22941027/,x:SPSDD,22941027,1,0.88787,0.0
22941/22941011/,22941/22941029/,x:SPSDD,22941029,1,0.81749,0.0
22959/22959002/,22959/22959003/,x:SPSDD,22959003,1,0.90493,0.0
22963/22963002/,22963/22963010/,x:SPSDD,22963010,1,1.06195,0.0
22963/22963003/,22963/22963011/2,x:SPSDD,22963011,1,1.05152,0.0
22963/22963004/,22963/22963012/,x:SPSDD,22963012,1,1.06196,0.0
22963/22963005/,22963/22963013/2,x:SPSDD,22963013,1,1.06206,0.0
22963/22963008/,22963/22963016/,x:SPSDD,22963016,9,1.06175,0.00015
22963/22963009/,22963/22963017/,x:SPSDD,22963017,9,1.0631,0.00095
22971/22971002/,22971/22971004/,x:SPSDD,22971004,1,1.11673,0.0
22971/22971003/,22971/22971006/2,x:SPSDD,22971006,1,1.06557,0.0
22978/22978004/,23329/23329004/,x:SPSDD,23329004,1,1.0663,0.0
22978/22978005/,23044/23044005/,x:SPSDD,23044005,1,1.22093,0.0
22978/22978007/,23330/23330004/,x:SPSDD,23330004,1,1.10507,0.0
22978/22978008/,23331/23331004/1,x:SPSDD,23331004,1,1.2,0.0
22978/22978009/,22930/22930007/,x:SPSDD,22930007,1,1.0,0.0
22996/22996007/,22996/22996017/,x:SPSDD,22996017,9,1.06203,0.00101
22996/22996008/,22996/22996018/,x:SPSDD,22996018,9,1.05501,0.00823
22996/22996009/,22996/22996019/,x:SPSDD,22996019,9,1.05978,0.00113
22996/22996010/,22996/22996020/,x:SPSDD,22996020,9,1.06238,0.00392
22996/22996011/,22996/22996021/,x:SPSDD,22996021,9,1.05974,0.00358
23035/23035002/,23035/23035018/2,x:SPSDD,23035018,1,1.06263,0.0
23035/23035003/,23035/23035019/2,x:SPSDD,23035019,1,1.06095,0.0
23035/23035004/,23035/23035020/2,x:SPSDD,23035020,1,1.06196,0.0
23035/23035007/,23035/23035021/2,x:SPSDD,23035021,1,1.06283,0.0
23035/23035008/,23035/23035022/2,x:SPSDD,23035022,1,1.04378,0.0
23035/23035009/,23035/23035023/2,x:SPSDD,23035023,1,1.06304,0.0
23035/23035010/,23035/23035024/2,x:SPSDD,23035024,1,1.06322,0.0
23035/23035011/,23035/23035025/2,x:SPSDD,23035025,1,1.06122,0.0
23035/23035012/,23035/23035026/2,x:SPSDD,23035026,1,1.06383,0.0
23035/23035013/,23035/23035027/2,x:SPSDD,23035027,1,1.06475,0.0
23035/23035014/,23035/23035028/,x:SPSDD,23035028,9,1.0615,0.00026
23035/23035015/,23035/23035029/,x:SPSDD,23035029,9,1.06211,0.00056
23035/23035016/,23035/23035030/,x:SPSDD,23035030,9,1.05754,0.0044
23035/23035017/,23035/23035031/,x:SPSDD,23035031,9,1.0617,0.00072
23043/23043002/,23043/23043004/2,x:SPSDD,23043004,1,1.0614,0.0
23043/23043003/,23043/23043005/,x:SPSDD,23043005,1,1.06452,0.0
23047/23047003/,23047/23047004/,x:SPSDD,23047004,1,0.88119,0.0
23051/23051002/,23051/23051009/,x:SPSDD,23051009,1,1.0,0.0
23051/23051003/,23051/23051010/2,x:SPSDD,23051010,1,1.06278,0.0
23051/23051004/,23051/23051011/2,x:SPSDD,23051011,1,1.06167,0.0
23051/23051005/,23051/23051012/,x:SPSDD,23051012,1,1.0,0.0
23051/23051006/,23051/23051013/,x:SPSDD,23051013,1,1.05,0.0
23062/23062002/,23092/23092003/,x:SPSDD,23092003,1,1.06019,0.0
23062/23062003/,23092/23092004/,x:SPSDD,23092004,1,1.01524,0.0
23062/23062004/1,23092/23092002/,x:SPSDD,23092002,1,1.17358,0.0
23062/23062004/2,23092/23092002/,x:SPSDD,23092002,1,1.02688,0.0
23064/23064002/,23064/23064006/,x:SPSDD,23064006,1,1.06272,0.0
23064/23064003/,23064/23064007/2,x:SPSDD,23064007,1,1.06349,0.0
23064/23064004/,23064/23064008/,x:SPSDD,23064008,1,1.05128,0.0
23065/23065002/,23855/23855002/,x:SPSDD,23855002,1,1.01869,0.0
23065/23065006/,23855/23855003/,x:SPSDD,23855003,1,1.02683,0.0
23065/23065007/,23855/23855004/,x:SPSDD,23855004,1,1.01948,0.0
23065/23065008/,23855/23855005/,x:SPSDD,23855005,1,1.0,0.0
23065/23065009/,23855/23855006/,x:SPSDD,23855006,1,1.00655,0.0
23086/23086002/,22894/22894003/,x:SPSDD,22894003,1,0.98667,0.0
23092/23092007/,23092/23092008/,x:SPSDD,23092008,1,0.95491,0.0
23094/23094002/,23094/23094020/,x:SPSDD,23094020,11,1.0621,0.00013
23094/23094003/,23094/23094021/,x:SPSDD,23094021,11,1.06181,0.00039
23094/23094004/,23094/23094022/,x:SPSDD,23094022,11,1.06254,0.00024
23094/23094005/,23094/23094023/,x:SPSDD,23094023,11,1.06226,0.00032
23094/23094006/,23094/23094024/,x:SPSDD,23094024,11,1.064,0.00276
23094/23094007/,23094/23094025/,x:SPSDD,23094025,1,1.06084,0.0
23094/23094008/,23094/23094026/,x:SPSDD,23094026,1,1.06235,0.0
23094/23094009/,23094/23094027/,x:SPSDD,23094027,1,1.06231,0.0
23094/23094010/,23094/23094028/,x:SPSDD,23094028,1,1.06143,0.0
23094/23094011/,23094/23094029/,x:SPSDD,23094029,1,1.0625,0.0
23094/23094012/,23094/23094030/,x:SPSDD,23094030,1,1.0597,0.0
23094/23094013/,23094/23094031/,x:SPSDD,23094031,1,1.06084,0.0
23094/23094014/,23094/23094032/,x:SPSDD,23094032,1,1.06448,0.0
23094/23094015/,23094/23094033/,x:SPSDD,23094033,1,1.06203,0.0
23094/23094016/,23094/23094034/,x:SPSDD,23094034,1,1.062,0.0
23094/23094017/,23094/23094035/,x:SPSDD,23094035,1,1.06144,0.0
23094/23094018/,23094/23094036/,x:SPSDD,23094036,1,1.06146,0.0
23094/23094019/,23094/23094037/,x:SPSDD,23094037,1,1.06086,0.0
23166/23166002/,23166/23166011/,x:SPSDD,23166011,1,1.06247,0.0
23166/23166003/,23166/23166012/2,x:SPSDD,23166012,1,1.06168,0.0
23166/23166004/,23166/23166013/,x:SPSDD,23166013,1,1.0704,0.0
23166/23166005/,23166/23166014/2,x:SPSDD,23166014,1,1.06061,0.0
23166/23166006/,23166/23166015/,x:SPSDD,23166015,1,1.06193,0.0
23166/23166007/,23166/23166016/2,x:SPSDD,23166016,1,1.06186,0.0
23166/23166008/,23166/23166017/2,x:SPSDD,23166017,1,1.0622,0.0
23166/23166009/,23166/23166018/,x:SPSDD,23166018,1,1.06143,0.0
23166/23166010/,23166/23166019/,x:renorm,23166010,1,1.05983,0.0
23170/23170002/,23170/23170008/,x:SPSDD,23170008,1,1.00774,0.0
23170/23170003/,23170/23170009/,x:SPSDD,23170009,1,1.01295,0.0
23170/23170005/,23170/23170011/,x:SPSDD,23170011,1,1.01198,0.0
23170/23170006/,23170/23170012/,x:SPSDD,23170012,1,1.0,0.0
23220/23220003/,22253/22253018/,x:SPSDD,22253018,1,1.06866,0.0
23220/23220007/,23220/23220009/,x:SPSDD,23220009,1,1.06557,0.0
23260/23260070/,23260/23260071/,d:exact,"",1,1.0,0.0
23260/23260073/,23260/23260072/,d:exact,"",1,1.0,0.0
23260/23260074/,23260/23260075/,d:exact,"",1,1.0,0.0
23260/23260088/,23260/23260089/,d:exact,"",1,1.0,0.0
23260/23260103/,23260/23260104/,d:exact,"",1,1.0,0.0
23260/23260111/,23260/23260112/,d:exact,"",1,1.0,0.0
23260/23260117/,23260/23260118/,d:exact,"",1,1.0,0.0
23260/23260119/,23260/23260120/,d:exact,"",1,1.0,0.0
23260/23260123/,23260/23260124/,d:exact,"",1,1.0,0.0
23260/23260125/,23260/23260126/,d:exact,"",1,1.00005,0.0
23260/23260128/,23260/23260127/,d:exact,"",1,1.0,0.0
23260/23260131/,23260/23260132/,d:exact,"",1,1.0,0.0
23260/23260143/,23260/23260144/,d:exact,"",1,0.99996,0.0
23267/23267002/,23267/23267029/2,x:SPSDD,23267029,1,1.06168,0.0
23267/23267003/,23267/23267031/2,x:SPSDD,23267031,1,1.21733,0.0
23267/23267004/,23267/23267033/2,x:SPSDD,23267033,1,1.06213,0.0
23267/23267005/,23267/23267035/2,x:SPSDD,23267035,1,1.06205,0.0
23267/23267006/,23267/23267037/2,x:SPSDD,23267037,1,1.06167,0.0
23267/23267008/,23267/23267039/2,x:SPSDD,23267039,1,1.05983,0.0
23267/23267009/,23267/23267040/2,x:SPSDD,23267040,1,1.06182,0.0
23267/23267010/,23267/23267042/2,x:SPSDD,23267042,1,1.06202,0.0
23267/23267011/,23267/23267044/2,x:SPSDD,23267044,1,1.06191,0.0
23267/23267012/,23267/23267046/,x:SPSDD,23267046,9,1.05475,0.00819
23267/23267013/,23267/23267047/,x:SPSDD,23267047,9,1.21887,0.00173
23267/23267014/,23267/23267048/,x:SPSDD,23267048,9,1.06199,0.0004
23267/23267015/,23267/23267049/,x:SPSDD,23267049,9,1.06148,0.00059
23267/23267016/,23267/23267050/,x:SPSDD,23267050,9,1.06219,0.00067
23267/23267017/,23267/23267051/,x:SPSDD,23267051,9,1.06165,0.0012
23267/23267018/,23267/23267052/,x:SPSDD,23267052,9,1.06156,0.00036
23267/23267019/,23267/23267053/,x:SPSDD,23267053,9,1.061,0.00457
23267/23267020/,23267/23267030/2,x:SPSDD,23267030,1,1.06061,0.0
23267/23267021/,23267/23267032/2,x:SPSDD,23267032,1,1.21833,0.0
23267/23267022/,23267/23267034/2,x:SPSDD,23267034,1,1.06208,0.0
23267/23267023/,23267/23267036/2,x:SPSDD,23267036,1,1.06169,0.0
23267/23267024/1,23267/23267038/3,x:SPSDD,23267038,1,1.05948,0.0
23267/23267024/2,23267/23267038/4,x:SPSDD,23267038,1,1.06434,0.0
23267/23267026/,23267/23267041/2,x:SPSDD,23267041,1,1.0623,0.0
23267/23267027/,23267/23267043/2,x:SPSDD,23267043,1,1.0628,0.0
23326/23326002/1,23326/23326005/1,x:SPSDD,23326005,1,0.99765,0.0
23326/23326002/2,23326/23326005/2,x:SPSDD,23326005,1,1.0,0.0
23326/23326004/,23326/23326007/2,x:SPSDD,23326007,1,0.99674,0.0
23372/23372007/,23372/23372002/,d:exact,"",1,1.0,0.0
23420/23420002/,23420/23420012/,x:SPSDD,23420012,1,1.11282,0.0
23420/23420003/,23420/23420013/,x:SPSDD,23420013,1,1.05115,0.0
23420/23420004/,23420/23420014/,x:SPSDD,23420014,1,1.05108,0.0
23420/23420005/,23420/23420015/,x:SPSDD,23420015,1,1.0376,0.0
23420/23420006/,23420/23420016/,x:SPSDD,23420016,1,1.05143,0.0
23420/23420007/1,23420/23420017/1,x:SPSDD,23420017,1,1.11491,0.0
23420/23420007/2,23420/23420017/2,x:SPSDD,23420017,1,1.11333,0.0
23420/23420008/1,23420/23420018/1,x:SPSDD,23420018,1,1.05215,0.0
23420/23420008/2,23420/23420018/2,x:SPSDD,23420018,1,1.04965,0.0
23420/23420009/1,23420/23420019/1,x:SPSDD,23420019,1,1.05181,0.0
23420/23420009/2,23420/23420019/2,x:SPSDD,23420019,1,1.05028,0.0
23420/23420010/1,23420/23420020/1,x:SPSDD,23420020,1,1.05,0.0
23420/23420010/2,23420/23420020/2,x:SPSDD,23420020,1,1.05455,0.0
23420/23420011/1,23420/23420021/1,x:SPSDD,23420021,1,1.05195,0.0
23420/23420011/2,23420/23420021/2,x:SPSDD,23420021,1,1.04947,0.0
23451/23451007/,23451/23451014/,x:SPSDD,23451014,9,0.9824,0.00891
23520/23520005/,23520/23520003/1,d:exact,"",1,1.0,0.0
30079/30079011/,30086/30086003/,x:SPSDD,30086003,1,1.25,0.0
30357/30357004/,30357/30357039/,d:ratio,"",15,0.97591,0.00269
30357/30357007/,30357/30357040/,d:ratio,"",15,0.98166,0.00127
30357/30357010/,30357/30357041/,d:ratio,"",15,0.9829,0.00173
30357/30357013/,30357/30357042/,d:ratio,"",15,0.98219,0.00114
30357/30357016/,30357/30357043/,d:ratio,"",15,0.98288,0.00056
30357/30357019/,30357/30357044/,d:ratio,"",15,0.9838,0.00209
30357/30357022/,30357/30357045/,d:ratio,"",15,0.98259,0.00102
30357/30357023/,30357/30357046/,d:ratio,"",15,0.98421,0.00129
30357/30357025/,30357/30357032/,x:SPSDD,30357032,1,1.01818,0.0
30357/30357026/,30357/30357033/,x:SPSDD,30357033,1,0.86923,0.0
30357/30357027/,30357/30357034/,x:SPSDD,30357034,1,0.99,0.0
30506/30506008/,30506/30506012/,x:SPSDD,30506012,1,1.0,0.0
30506/30506009/,30506/30506013/,x:SPSDD,30506013,1,1.0,0.0
30506/30506010/,30506/30506014/,x:SPSDD,30506014,1,1.0,0.0
30506/30506011/,30506/30506015/,x:SPSDD,30506015,1,1.0,0.0
31512/31512002/,31476/31476002/,d:exact,"",1,1.0,0.0
31512/31512003/,31476/31476003/,d:exact,"",1,1.0,0.0
31512/31512004/,31476/31476004/,d:exact,"",1,1.0,0.0
32224/32224003/,32224/32224005/,x:SPSDD,32224005,1,1.0,0.0
32234/32234008/2,32234/32234008/1,d:exact,"",1,1.0,0.0
40059/40059006/,40059/40059003/,x:SPSDD,40059003,8,1.09953,0.00095
40072/40072021/5,40072/40072003/,d:exact,"",1,1.0,0.0
40072/40072031/3,40072/40072013/,d:exact,"",1,1.0,0.0
40072/40072034/3,40072/40072034/2,d:exact,"",1,1.0,0.0
40072/40072035/,40072/40072017/,d:exact,"",1,1.0,0.0
40222/40222003/,40520/40520003/,x:SPSDD,40520003,9,1.00008,0.00219
40431/40431002/,40177/40177003/,x:SPSDD,40177003,1,0.97634,0.0
40621/40621003/,41177/41177103/,d:ratio,"",15,1.0848,0.00094
40621/40621004/,41177/41177104/,d:ratio,"",15,1.03194,0.00378
40621/40621005/,41177/41177105/,d:ratio,"",15,1.05639,0.00192
40760/40760002/,40689/40689003/,x:SPSDD,40689003,1,0.89157,0.0
41434/41434010/,41434/41434011/,d:ratio,"",4,1.00144,0.00108
41490/41490002/,41405/41405005/,d:exact,"",8,1.0,0.0
V0102/V0102341/,V0102/V0102340/,d:exact,"",1,1.0,0.0
V0102/V0102389/,V0102/V0102388/,d:exact,"",1,1.0,0.0
V0102/V0102396/,V0102/V0102395/,d:exact,"",1,1.0,0.0
