dataset_a,dataset_b,nuclide,author_a,year_a,author_b,year_b,n_shared_cells,mean_log10_ratio,sd_log10_ratio,known_twin
10049/10049002/,32535/32535003/,Z042NAT,M.P.Fricke,1970,Yunshan Mu,1991,3,-0.028948782868907674,0.03865377833139561,false
10049/10049003/,32507/32507003/,Z064NAT,M.P.Fricke,1970,Xiang Zhengyu,1988,2,0.005925428336946537,0.0016824617575436074,false
10049/10049007/,11675/11675026/,Z079N118M0,M.P.Fricke,1970,A.E.Johnsrud,1959,7,-0.03490688430941348,0.023860949723273565,false
10049/10049007/,23603/23603002/,Z079N118M0,M.P.Fricke,1970,G.Rovira,2022,2,0.02713821806622055,0.00011937533555864133,false
10049/10049008/,11187/11187006/,Z092N146M0,M.P.Fricke,1970,E.G.BILPUCH,1960,12,-0.035467260206567104,0.08461570527709412,false
10049/10049008/,40969/40969006/,Z092N146M0,M.P.Fricke,1970,N.N.Buleeva,1988,2,-0.04097297529918292,0.0015496790218190726,false
10049/10049008/,40969/40969007/,Z092N146M0,M.P.Fricke,1970,N.N.Buleeva,1988,2,-0.056515625027179994,0.002967890040252885,false
10083/10083004/,V1002/V1002570/1,Z091N142M0,J.C.CONNOR,1970,S.F.Mughabghab,2006,1,0.0,0.0,false
10085/10085004/,20635/20635002/,Z057N082M0,H.A.O'BRIEN JR,1967,E.Steinnes,1975,1,0.0,0.0,false
10086/10086006/,12670/12670015/,Z092N146M0,W.P.Poenitz,1970,W.P.Poenitz,1975,2,0.01499500638528517,0.0012051693470201963,false
10086/10086006/,21187/21187002/,Z092N146M0,W.P.Poenitz,1970,J.F.BARRY,1964,2,-0.012602604574727339,0.00251692421771349,false
10192/10192002/,10839/10839007/,Z040N054M0,R.H.FULMER,1971,R.Rundberg,1978,1,0.0,0.0,false
10211/10211002/,10934/10934004/,Z045N058M0,A.D.Carlson,1971,W.P.Poenitz,1979,5,0.0434764563333631,0.041811208849415624,false
10221/10221041/,22006/22006016/,Z073N108M0,M.Lindner,1976,J.Voignier,1992,4,-0.026856761978457683,0.03509025484226016,false
10221/10221041/,30024/30024002/,Z073N108M0,M.Lindner,1976,J.S.Brzosko,1969,11,-0.043312969850648635,0.0453931900187753,false
10221/10221041/,30741/30741003/,Z073N108M0,M.Lindner,1976,Xu Haishan,1986,2,-0.028561738363962752,0.0004517419016251689,false
10221/10221041/,40076/40076003/,Z073N108M0,M.Lindner,1976,V.N.Kononov,1965,2,0.0863166456253063,0.0017367425132248926,false
10221/10221055/,11679/11679023/,Z079N118M0,M.Lindner,1976,R.L.MACKLIN,1967,3,0.07119396088395091,0.001519586571770083,false
10221/10221058/,10735/10735003/,Z090N142M0,M.Lindner,1976,W.P.Poenitz,1978,7,-0.01134726669969063,0.029542701095639518,false
10221/10221058/,20871/20871002/,Z090N142M0,M.Lindner,1976,K.Kobayashi,1979,7,0.03567616868042927,0.022159301152351884,false
10221/10221061/,V0036/V0036003/,Z092N146M0,M.Lindner,1976,Ding Da-Zhao,1978,13,-0.02377125597782318,0.05744361745318823,false
10258/10258012/,V1002/V1002173/,Z061N087M1,G.J.Kirouac,1973,S.F.Mughabghab,2006,1,0.0,0.0,false
10267/10267044/2,10432/10432002/,Z079N118M0,R.Gwin,1976,R.L.Macklin,1975,4,0.01533429598499681,0.00956412635587129,false
10267/10267044/2,20573/20573003/,Z079N118M0,R.Gwin,1976,E.Fort,1975,3,-0.009910734374274746,0.0024366040091396536,false
10305/10305003/,11616/11616027/,Z079N118M0,J.B.Czirr,1973,B.C.Diven,1960,2,-0.006079168925093803,0.006079168925093803,false
10305/10305003/,11675/11675026/,Z079N118M0,J.B.Czirr,1973,A.E.Johnsrud,1959,2,0.012524859941588112,0.012524859941588112,false
10305/10305003/,23603/23603002/,Z079N118M0,J.B.Czirr,1973,G.Rovira,2022,2,0.06156851511087175,0.00266052796672811,false
10385/10385003/,V1001/V1001380/1,Z040N056M0,D.C.Santry,1973,S.F.Mughabghab,2006,1,0.0,0.0,false
10421/10421002/,12670/12670006/,Z092N146M0,W.P.Poenitz,1975,W.P.Poenitz,1975,4,-0.013952606663720557,0.001451366652426145,false
10421/10421004/,20787/20787005/,Z079N118M0,W.P.Poenitz,1975,S.Joly,1979,5,0.03303543749294098,0.09040529346437069,false
10432/10432003/,20573/20573003/,Z079N118M0,R.L.Macklin,1975,E.Fort,1975,2,0.0035022905317021458,0.0024873701850921526,false
10608/10608006/,10676/10676004/,Z028N034M0,G.H.E.Sims,1970,A.F.M.Ishaq,1977,1,0.0,0.0,false
10608/10608007/,14164/14164002/,Z028N034M0,G.H.E.Sims,1970,A.M.Alpizar-Vicente,2008,1,0.0,0.0,false
10608/10608019/,30224/30224015/,Z069N100M0,G.H.E.Sims,1970,R.L.Zimmerman,1967,1,0.0,0.0,false
10608/10608021/,12866/12866165/,Z069N100M0,G.H.E.Sims,1970,R.E.Heft,1978,1,0.0,0.0,false
10644/10644029/,11277/11277007/2,Z033N042M0,G.Gleason,1975,D.W.KAPPE,1966,1,0.0,0.0,false
10662/10662010/,20638/20638038/,Z053N074M0,G.Gleason,1977,R.B.TATTERSALL,1960,1,0.0,0.0,false
10662/10662011/,12866/12866113/,Z053N074M0,G.Gleason,1977,R.E.Heft,1978,1,0.0,0.0,false
10662/10662014/,40608/40608003/,Z074N112M0,G.Gleason,1977,V.A.Anufriev,1981,0,NaN,NaN,false
10720/10720005/,22483/22483006/,Z071N104M0,R.L.Macklin,1978,H.Beer,1984,9,0.05059620337278986,0.014992590714367622,false
10934/10934004/,20787/20787002/,Z045N058M0,W.P.Poenitz,1979,S.Joly,1979,5,0.06274967920232735,0.09256464201985269,false
10982/10982006/,V0102/V0102102/,Z030N038M0,J.B.Garg,1982,Z.Y.Bao,2000,1,0.0,0.0,false
11000/11000003/,40969/40969005/,Z092N146M0,W.P.Poenitz,1981,N.N.Buleeva,1988,3,0.02007571064324624,0.04194341574334949,false
11000/11000004/,21334/21334003/,Z092N146M0,W.P.Poenitz,1981,M.C.Moxon,1968,1,0.0,0.0,false
11028/11028013/,20658/20658018/,Z047NAT,J.W.MEADOWS,1961,J.C.Carre,1966,1,0.0,0.0,false
11028/11028017/,23615/23615004/,Z053N074M0,J.W.MEADOWS,1961,G.Rovira,2024,1,0.0,0.0,false
11028/11028023/,20658/20658024/,Z072NAT,J.W.MEADOWS,1961,J.C.Carre,1966,1,0.0,0.0,false
11098/11098010/,11675/11675015/,Z053N074M0,F.Gabbard,1959,A.E.Johnsrud,1959,4,0.05212029355573172,0.036919224667930975,false
11187/11187006/,14722/14722005/2,Z092N146M0,E.G.BILPUCH,1960,G.A.Linenberger,1943,1,0.0,0.0,false
11198/11198004/,12674/12674002/,Z079N118M0,F.T.Gould,1960,W.W.Havens Jr,1956,1,0.0,0.0,false
11198/11198004/,30914/30914002/,Z079N118M0,F.T.Gould,1960,Lu Hanlin,1965,1,0.0,0.0,false
11211/11211005/,31699/31699013/,Z079N118M0,R.S.CARTER,1953,S.A.Jonah,2010,1,0.0,0.0,false
11329/11329040/,40799/40799003/,Z059N082M0,J.H.Gibbons,1961,V.A.Konks,1964,1,0.0,0.0,false
11329/11329044/,30233/30233005/,Z065N094M0,J.H.Gibbons,1961,J.R.D.Lepine,1972,3,-0.08369232476772769,0.08864918717948243,false
11329/11329066/,21848/21848002/,Z079N118M0,J.H.Gibbons,1961,W.P.POENITZ,1968,2,-0.062485064851643526,0.0027048130115791963,false
11329/11329067/,40799/40799004/,Z079N118M0,J.H.Gibbons,1961,V.A.Konks,1964,4,-0.07795440702006204,0.052439603645975746,false
11329/11329068/,20024/20024005/,Z079N118M0,J.H.Gibbons,1961,I.Bergqvist,1963,3,-0.016359360095623703,0.014415531749810863,false
11329/11329074/,12456/12456002/2,Z092N146M0,J.H.Gibbons,1961,L.W.WESTON,1963,2,-0.050852677214381,0.0006192968707235125,false
11329/11329074/,20362/20362002/,Z092N146M0,J.H.Gibbons,1961,H.O.MENLOVE,1968,2,-0.002737186338375802,0.002737186338375802,false
11329/11329074/,40177/40177003/,Z092N146M0,J.H.Gibbons,1961,Yu.G.Panitkin,1972,2,0.015472305241874429,0.0023329826388332475,false
11399/11399035/,30079/30079028/,Z057N082M0,R.L.Macklin,1957,A.K.Chaubey,1966,1,0.0,0.0,false
11429/11429012/,11818/11818002/,Z033N042M0,R.Booth,1958,L.W.WESTON,1960,1,0.0,0.0,false
11447/11447055/,11899/11899002/,Z041N052M0,L.Seren,1947,R.SCHUMAN,1969,1,0.0,0.0,false
11616/11616007/,12670/12670004/,Z029NAT,B.C.Diven,1960,W.P.Poenitz,1975,2,0.03530901889419891,0.0013785383856328437,false
11616/11616008/,12670/12670005/,Z030NAT,B.C.Diven,1960,W.P.Poenitz,1975,2,0.07559128805677862,0.0006596921440935599,false
11616/11616013/,41241/41241002/,Z042NAT,B.C.Diven,1960,Yu.Ya.Stavisski,1961,4,0.017523272803219636,0.03523972810190809,false
11616/11616020/,40005/40005006/,Z051NAT,B.C.Diven,1960,V.A.Tolstikov,1968,4,-0.051457680010335544,0.04800014791419847,false
11616/11616023/,22006/22006038/,Z058NAT,B.C.Diven,1960,J.Voignier,1992,1,0.0,0.0,false
11616/11616027/,11675/11675026/,Z079N118M0,B.C.Diven,1960,A.E.Johnsrud,1959,5,0.023332929493809516,0.042201499613393006,false
11675/11675006/,32707/32707002/,Z031N040M0,A.E.Johnsrud,1959,Jiang Li-yang,2012,2,-0.08271742799115922,0.0011301121776557954,false
11675/11675007/,20092/20092009/,Z033N042M0,A.E.Johnsrud,1959,J.Colditz,1968,1,0.0,0.0,false
11675/11675019/,41184/41184003/,Z060N088M0,A.E.Johnsrud,1959,Yu.N.Trofimov,1993,7,0.22555274651012666,0.1066227259443973,false
11675/11675025/,40336/40336093/,Z074N112M0,A.E.Johnsrud,1959,M.V.Pasechnik,1958,2,0.036553549167715915,0.036553549167715915,false
11675/11675026/,41190/41190002/,Z079N118M0,A.E.Johnsrud,1959,V.A.Tolstikov,1995,2,0.08917058618508733,0.0006037333599616668,false
11687/11687005/,20651/20651005/,Z027N032M0,R.P.SCHUMAN,1969,G.WOLF,1960,1,0.0,0.0,false
11687/11687009/,12635/12635004/,Z092N144M0,R.P.SCHUMAN,1969,J.R.BERRETH,1962,1,0.0,0.0,false
11818/11818010/,40797/40797008/,Z053N074M0,L.W.WESTON,1960,Ju.P.Popov,1962,8,0.004057445406481196,0.025613057832535424,false
11935/11935017/,14128/14128002/,Z069N100M0,R.C.BLOCK,1961,J.B.Wilhelmy,2002,16,0.010999866998306657,0.09888833841438632,false
11935/11935026/,12196/12196002/,Z079N118M0,R.C.BLOCK,1961,E.HADDAD,1964,16,0.05984010578524918,0.08359299442828635,false
11935/11935026/,23152/23152004/,Z079N118M0,R.C.BLOCK,1961,C.Lederer,2011,2,0.050192491444171566,0.0033183411969527066,false
12033/12033008/,32713/32713002/2,Z057N082M0,R.G.Wille,1960,Luo Junhua,2013,1,0.0,0.0,false
12051/12051002/,12053/12053003/,Z058N084M0,L.P.Roy,1956,S.KATCOFF,1949,1,0.0,0.0,false
12115/12115007/,22612/22612002/,Z079N118M0,J.A.Miskel,1962,F.BENSCH,1971,2,0.07855978824876292,0.0031649173785022744,false
12162/12162004/,12163/12163009/,Z075N112M0,D.C.Stupegia,1965,S.J.FRIESENHAHN,1968,3,0.010600318601565595,0.07955124577575083,false
12167/12167007/,22045/22045015/,Z074N110M0,S.J.FRIESENHAHN,1966,K.KNOPF,1987,1,0.0,0.0,false
12167/12167007/,V1002/V1002410/1,Z074N110M0,S.J.FRIESENHAHN,1966,S.F.Mughabghab,2006,1,0.0,0.0,false
12197/12197002/,20787/20787005/,Z079N118M0,K.K.Harris,1965,S.Joly,1979,2,-0.02868693764648439,0.0037650861346537057,false
12197/12197002/,40520/40520002/,Z079N118M0,K.K.Harris,1965,V.N.Kononov,1977,11,0.03633299034551465,0.0330606992002834,false
12197/12197002/,41183/41183002/,Z079N118M0,K.K.Harris,1965,A.N.Davletshin,1993,2,0.03218538265272186,0.0037576746588644516,false
12213/12213002/,20787/20787005/,Z079N118M0,S.A.COX,1961,S.Joly,1979,3,0.06655619559575054,0.05230440183293901,false
12214/12214002/,20358/20358035/,Z079N118M0,L.W.WESTON,1961,D.KOMPE,1969,2,0.09281980537903453,0.0004939545073891285,false
12214/12214002/,21020/21020002/,Z079N118M0,L.W.WESTON,1961,F.FROEHNER,1973,2,0.08799522494578005,0.0006212978184608822,false
12260/12260002/,40642/40642005/,Z090N142M0,D.C.STUPEGIA,1963,Ju.Ya.Stavisskiy,1961,7,0.03171826057322802,0.03043198559732744,false
12450/12450002/,22539/22539002/,Z092N144M0,D.C.Stupegia,1961,J.F.BARRY,1961,4,-0.07422163134085762,0.08914405544026582,false
12454/12454002/,14388/14388067/,Z092N146M0,J.Hardy Jr,1962,R.L.Macklin,1955,1,0.0,0.0,false
12456/12456002/2,20362/20362002/,Z092N146M0,L.W.WESTON,1963,H.O.MENLOVE,1968,2,0.048115490876005196,0.0033564832090993146,false
12456/12456002/2,40177/40177003/,Z092N146M0,L.W.WESTON,1963,Yu.G.Panitkin,1972,2,0.06632498245625543,0.001713685768109735,false
12596/12596002/,V1001/V1001218/,Z027N033M0,C.H.HOGG,1966,S.F.Mughabghab,2006,1,0.0,0.0,false
12596/12596004/,V1001/V1001220/,Z027N033M1,C.H.HOGG,1966,S.F.Mughabghab,2006,1,0.0,0.0,false
12670/12670015/,21479/21479002/,Z092N146M0,W.P.Poenitz,1975,E.BRODA,1945,2,-0.017723528057335736,0.0019031056461816243,false
12674/12674002/,30914/30914002/,Z079N118M0,W.W.Havens Jr,1956,Lu Hanlin,1965,1,0.0,0.0,false
12758/12758006/,V0102/V0102481/,Z082N122M0,D.J.Horen,1984,Z.Y.Bao,2000,1,0.0,0.0,false
12758/12758006/,V1002/V1002526/,Z082N122M0,D.J.Horen,1984,S.F.Mughabghab,2006,1,0.0,0.0,false
12832/12832003/,22006/22006006/,Z040NAT,W.P.POENITZ,1982,J.Voignier,1992,4,-0.006685975183730708,0.036161950269422934,false
12832/12832013/,32507/32507002/,Z074NAT,W.P.POENITZ,1982,Xiang Zhengyu,1988,5,-0.023892440653550163,0.012452533016979489,false
12832/12832018/,32535/32535003/,Z042NAT,W.P.POENITZ,1982,Yunshan Mu,1991,4,0.010581116952149971,0.02493057941415891,false
12837/12837006/,22037/22037033/3,Z036N050M0,S.Raman,1983,G.Walter,1984,1,0.0,0.0,false
12837/12837006/,22692/22692004/,Z036N050M0,S.Raman,1983,P.Mutti,2002,2,0.004655955936209155,0.0008069397652927801,false
12837/12837006/,22908/22908006/,Z036N050M0,S.Raman,1983,P.Mutti,2004,2,0.0035269719566153324,0.00010731269847830127,false
12866/12866129/,V1002/V1002126/,Z058N080M0,R.E.Heft,1978,S.F.Mughabghab,2006,1,0.0,0.0,false
12972/12972010/,V1001/V1001225/,Z028N030M0,C.M.Perey,1993,S.F.Mughabghab,2006,1,0.0,0.0,false
13108/13108002/,V1002/V1002180/1,Z062N082M0,C.W.Alexander,1987,S.F.Mughabghab,2006,1,0.0,0.0,false
13108/13108004/,V1002/V1002183/,Z062N083M0,C.W.Alexander,1987,S.F.Mughabghab,2006,1,0.0,0.0,false
13519/13519003/,14040/14040002/,Z079N118M0,S.SAKAMOTO,1991,S.Sakamoto,1990,1,0.0,0.0,false
13909/13909007/,22377/22377024/,Z050N066M0,P.E.Koehler,2001,K.WISSHAK,1996,2,0.01849007701675809,0.003620885680131969,false
13909/13909007/,22387/22387008/,Z050N066M0,P.E.Koehler,2001,K.WISSHAK,1996,2,0.02407403426718885,0.002788556593845193,false
13909/13909008/,22387/22387010/,Z050N070M0,P.E.Koehler,2001,K.WISSHAK,1996,2,0.02094815830006891,0.003875425424962997,false
14037/14037002/,22933/22933003/,Z043N056M0,K.Furutaka,2004,K.Furutaka,2005,0,NaN,NaN,false
14120/14120004/,V0102/V0102441/,Z076N113M0,R.R.Winters,1987,Z.Y.Bao,2000,1,0.0,0.0,false
14120/14120004/,V1002/V1002449/,Z076N113M0,R.R.Winters,1987,S.F.Mughabghab,2006,1,0.0,0.0,false
14244/14244002/,22917/22917011/,Z071N105M0,O.Roig,2016,K.Wisshak,2006,5,0.0019651186766826865,0.0014329653664301779,false
14244/14244002/,V0102/V0102398/,Z071N105M0,O.Roig,2016,Z.Y.Bao,2000,1,0.0,0.0,false
14322/14322002/,40960/40960076/,Z050N066M0,R.L.Macklin,1967,V.M.Timokhov,1988,1,0.0,0.0,false
14322/14322006/,40960/40960080/,Z050N070M0,R.L.Macklin,1967,V.M.Timokhov,1988,1,0.0,0.0,false
14322/14322019/,V1001/V1001373/,Z040N052M0,R.L.Macklin,1967,S.F.Mughabghab,2006,1,0.0,0.0,false
14346/14346012/,33109/33109009/,Z058N082M0,S.Torrel,2012,Priyada Panikkath,2017,1,0.0,0.0,false
14473/14473002/,32555/32555002/,Z073N108M0,B.J.McDermott,2017,Xia Yijun,1988,2,0.0018862110851019624,0.003043404633868086,false
20024/20024005/,30114/30114007/,Z079N118M0,I.Bergqvist,1963,L.M.Spitz,1968,2,0.050007102895841836,0.0020770491155955653,false
20044/20044009/,20645/20645020/,Z060N088M0,J.Alstad,1967,R.Van der Linden,1974,1,0.0,0.0,false
20094/20094002/,20853/20853012/,Z069N100M0,J.Alstad,1972,M.Takiue,1978,1,0.0,0.0,false
20188/20188028/,23022/23022003/,Z072N108M0,E.STEINNES,1972,C.Vockenhuber,2008,1,0.0,0.0,false
20358/20358035/,21020/21020002/,Z079N118M0,D.KOMPE,1969,F.FROEHNER,1973,13,-0.0046522602546554504,0.00103912827784452,false
20358/20358035/,21193/21193003/,Z079N118M0,D.KOMPE,1969,W.Poenitz,1966,2,0.01039057823346394,0.0010419962227398022,false
20362/20362002/,20942/20942003/,Z092N146M0,H.O.MENLOVE,1968,T.B.RYVES,1973,2,-0.022064369460209343,0.0027592142648227846,false
20362/20362002/,30460/30460002/,Z092N146M0,H.O.MENLOVE,1968,K.Dietze,1977,2,0.006500113649123257,0.002858209859426669,false
20362/20362002/,41335/41335002/,Z092N146M0,H.O.MENLOVE,1968,Yu.G.Panitkin,1971,7,-0.016181422234217795,0.036437105426568944,false
20533/20533003/,32713/32713002/3,Z057N082M0,F.Rigaud,1971,Luo Junhua,2013,1,0.0,0.0,false
20555/20555004/,V0102/V0102082/,Z027N032M0,R.R.Spencer,1976,Z.Y.Bao,2000,1,0.0,0.0,false
20558/20558002/,40222/40222002/,Z079N118M0,C.Le Rigoleur,1973,V.S.Shorin,1974,2,-0.006379598348300597,0.002786485965191099,false
20558/20558002/,41190/41190002/,Z079N118M0,C.Le Rigoleur,1973,V.A.Tolstikov,1995,2,0.042162383744728915,0.00041555917835711664,false
20558/20558003/,23253/23253002/,Z079N118M0,C.Le Rigoleur,1973,C.Massimi,2014,2,-0.03542691691134567,0.0011302762036708713,false
20561/20561004/,V1001/V1001243/1,Z029N036M0,T.B.RYVES,1974,S.F.Mughabghab,2006,1,0.0,0.0,false
20561/20561006/,V1001/V1001466/2,Z047N060M0,T.B.RYVES,1974,S.F.Mughabghab,2006,1,0.0,0.0,false
20610/20610006/,V1002/V1002381/1,Z072N108M0,W.MANNHART,1975,S.F.Mughabghab,2006,1,0.0,0.0,false
20635/20635010/,20645/20645031/,Z068N102M0,E.Steinnes,1975,R.Van der Linden,1974,1,0.0,0.0,false
20637/20637004/,V1002/V1002189/1,Z062N086M0,R.Dobrozemsky,1971,S.F.Mughabghab,2006,1,0.0,0.0,false
20637/20637006/,V1002/V1002238/1,Z064N090M0,R.Dobrozemsky,1971,S.F.Mughabghab,2006,1,0.0,0.0,false
20638/20638013/,20658/20658010/,Z028NAT,R.B.TATTERSALL,1960,J.C.Carre,1966,1,0.0,0.0,false
20638/20638022/,21376/21376007/,Z042NAT,R.B.TATTERSALL,1960,P.A.Egelstaff,1950,1,0.0,0.0,false
20638/20638040/,20658/20658022/,Z055N078M0,R.B.TATTERSALL,1960,J.C.Carre,1966,1,0.0,0.0,false
20638/20638062/,21017/21017015/,Z079N118M0,R.B.TATTERSALL,1960,A.Steyerl,1972,1,0.0,0.0,false
20646/20646009/,22525/22525002/,Z057N082M0,F.De Corte,1971,L.Breitenhuber,1968,1,0.0,0.0,false
20697/20697004/,21796/21796007/,Z073N108M0,N.Yamamuro,1976,G.REFFO,1982,1,6.245004513516506e-17,0.0,false
20697/20697005/,21748/21748003/,Z090N142M0,N.Yamamuro,1976,K.Kobayashi,1981,1,0.0,0.0,false
20803/20803005/,21302/21302005/,Z030N037M0,H.OTTMAR,1971,M.ASGHAR,1978,0,NaN,NaN,false
20853/20853007/,21469/21469008/,Z055N078M0,M.Takiue,1978,J.D.Cummins,1957,1,0.0,0.0,false
21020/21020002/,21193/21193003/,Z079N118M0,F.FROEHNER,1973,W.Poenitz,1966,2,0.015215158666718423,0.0011693395338115559,false
21193/21193003/,40222/40222002/,Z079N118M0,W.Poenitz,1966,V.S.Shorin,1974,2,0.002113247705025051,0.0009132069251626962,false
21193/21193003/,40520/40520002/,Z079N118M0,W.Poenitz,1966,V.N.Kononov,1977,2,-0.0018655622664627974,0.0017147917452807332,false
21376/21376004/,V1001/V1001301/1,Z035NAT,P.A.Egelstaff,1950,S.F.Mughabghab,2006,1,0.0,0.0,false
21438/21438031/,40177/40177002/,Z092N146M0,J.L.PERKIN,1958,Yu.G.Panitkin,1972,0,NaN,NaN,false
21466/21466006/,23234/23234004/,Z092N146M0,N.Yamamuro,1980,F.Mingrone,2017,11,0.014800928613215357,0.032031139092038544,false
21469/21469005/,31311/31311007/,Z079N118M0,J.D.Cummins,1957,G.Huttel,1963,1,0.0,0.0,false
21748/21748002/,22931/22931002/,Z090N142M0,K.Kobayashi,1981,G.Aerts,2006,20,-0.027655709998135453,0.01905053408030806,false
21796/21796005/,40641/40641002/,Z041N052M0,G.REFFO,1982,Yu.Ya.Stavisskii,1962,3,-0.012312612284207844,0.021786185187736073,false
21814/21814002/,40967/40967002/,Z047N060M0,M.MIZUMOTO,1982,M.V.Bokhovko,1987,20,-0.008834557198171108,0.020467477676854074,false
21848/21848002/,23603/23603002/,Z079N118M0,W.P.POENITZ,1968,G.Rovira,2022,2,-0.008604720163924329,0.008604720163924329,false
21848/21848002/,40968/40968003/,Z079N118M0,W.P.POENITZ,1968,A.N.Davletshin,1988,3,-0.01422301417222586,0.013023415180217374,false
21856/21856002/,21913/21913003/,Z036NAT,B.LEUGERS,1979,G.Walter,1984,4,0.04325847353960133,0.009097210738376257,false
21879/21879007/,22006/22006031/,Z079N118M0,H.A.Hussain,1983,J.Voignier,1992,2,-0.012384558246006816,0.0025510555369635535,false
21980/21980007/,V1001/V1001246/1,Z030NAT,L.KOESTER,1985,S.F.Mughabghab,2006,1,0.0,0.0,false
21980/21980009/,V1001/V1001250/1,Z030N036M0,L.KOESTER,1985,S.F.Mughabghab,2006,1,0.0,0.0,false
22006/22006049/,40403/40403002/,Z092N146M0,J.Voignier,1992,A.N.Davletshin,1976,2,-0.01702557994591991,0.0006351637577506342,false
22009/22009003/,V0102/V0102299/,Z057N082M0,H.Beer,1986,Z.Y.Bao,2000,1,0.0,0.0,false
22037/22037003/,V1001/V1001269/,Z032N038M0,G.Walter,1984,S.F.Mughabghab,2006,1,0.0,0.0,false
22037/22037009/,31837/31837010/,Z036N044M0,G.Walter,1984,M.Tessler,2021,1,0.0,0.0,false
22138/22138005/,22941/22941024/,Z090N142M0,W.WASCHKOWSKI,1989,A.Letourneau,2009,1,0.0,0.0,false
22177/22177005/3,30391/30391005/,Z039N050M0,F.Kaeppeler,1990,J.W.Boldeman,1977,1,0.0,0.0,false
22256/22256002/,V0102/V0102118/,Z034N042M0,H.BEER,1992,Z.Y.Bao,2000,1,0.0,0.0,false
22307/22307020/,22337/22337002/,Z056N078M0,F.Voss,1994,K.WISSHAK,1994,1,0.0,0.0,false
22307/22307021/,22337/22337003/,Z056N079M0,F.Voss,1994,K.WISSHAK,1994,1,0.0,0.0,false
22307/22307021/,V0102/V0102295/,Z056N079M0,F.Voss,1994,Z.Y.Bao,2000,1,0.0,0.0,false
22307/22307022/,22337/22337004/,Z056N080M0,F.Voss,1994,K.WISSHAK,1994,1,0.0,0.0,false
22307/22307023/,22337/22337005/,Z056N081M0,F.Voss,1994,K.WISSHAK,1994,1,0.0,0.0,false
22307/22307027/,22337/22337005/,Z056N081M0,F.Voss,1994,K.WISSHAK,1994,1,0.0,0.0,false
22337/22337003/,V0102/V0102295/,Z056N079M0,K.WISSHAK,1994,Z.Y.Bao,2000,1,0.0,0.0,false
22372/22372016/,V0102/V0102259/,Z052N074M0,K.Wisshak,1992,Z.Y.Bao,2000,1,0.0,0.0,false
22377/22377020/,40960/40960007/,Z050N068M0,K.WISSHAK,1996,V.M.Timokhov,1988,11,-0.06890986691945888,0.043640468028045803,false
22377/22377021/,40960/40960009/,Z050N070M0,K.WISSHAK,1996,V.M.Timokhov,1988,11,-0.06778835081923114,0.02750616407311401,false
22377/22377022/,V0102/V0102232/,Z050N064M0,K.WISSHAK,1996,Z.Y.Bao,2000,1,0.0,0.0,false
22377/22377023/,V0102/V0102233/,Z050N065M0,K.WISSHAK,1996,Z.Y.Bao,2000,1,0.0,0.0,false
22377/22377025/,V0102/V0102236/,Z050N067M0,K.WISSHAK,1996,Z.Y.Bao,2000,1,0.0,0.0,false
22389/22389006/,V0102/V0102316/,Z060N082M0,K.WISSHAK,1998,Z.Y.Bao,2000,1,0.0,0.0,false
22389/22389007/,V0102/V0102318/,Z060N084M0,K.WISSHAK,1998,Z.Y.Bao,2000,1,0.0,0.0,false
22447/22447002/,V0102/V0102146/,Z037N050M0,S.JAAG,1996,Z.Y.Bao,2000,1,0.0,0.0,false
22449/22449002/,V0102/V0102447/,Z077N114M0,S.JAAG,1997,Z.Y.Bao,2000,1,0.0,0.0,false
22449/22449002/,V1002/V1002462/,Z077N114M0,S.JAAG,1997,S.F.Mughabghab,2006,1,0.0,0.0,false
22449/22449003/,V0102/V0102449/,Z077N116M0,S.JAAG,1997,Z.Y.Bao,2000,1,0.0,0.0,false
22449/22449003/,V1002/V1002467/,Z077N116M0,S.JAAG,1997,S.F.Mughabghab,2006,1,0.0,0.0,false
22555/22555002/,31548/31548002/,Z090N142M0,P.A.Egelstaff,1955,N.L.Maidana,2004,1,0.0,0.0,false
22612/22612002/,30607/30607003/,Z079N118M0,F.BENSCH,1971,Chen Ying,1981,3,0.024753822274944454,0.021955529119653525,false
22612/22612002/,40968/40968003/,Z079N118M0,F.BENSCH,1971,A.N.Davletshin,1988,2,0.02482358372503224,1.1102230246251565e-16,false
22667/22667002/,V0102/V0102179/,Z043N056M0,F.GUNSING,2001,Z.Y.Bao,2000,1,0.0,0.0,false
22692/22692002/,22908/22908003/,Z036N046M0,P.Mutti,2002,P.Mutti,2004,9,-0.026999693397196347,0.036782062022766675,false
22692/22692004/,22908/22908006/,Z036N050M0,P.Mutti,2002,P.Mutti,2004,9,-0.03787109945270137,0.053521779727268744,false
22737/22737002/,31517/31517003/,Z055N082M0,T.Sekine,1993,N.L.MAIDANA,1998,1,0.0,0.0,false
22813/22813012/,23487/23487008/,Z048N066M0,K.Wisshak,2002,K.Wisshak,2003,3,-0.0454162518407664,0.046255031683031654,false
22865/22865002/,31574/31574002/,Z059N082M0,K.Kobayashi,2002,J.Yoon,2006,57,-0.01580033160568258,0.00005075920891283495,false
22883/22883018/2,31779/31779003/,Z082N126M0,U.Ratzel,2004,L.Weissman,2017,0,NaN,NaN,false
22908/22908003/,V1001/V1001320/,Z036N046M0,P.Mutti,2004,S.F.Mughabghab,2006,1,0.0,0.0,false
22908/22908004/,V1001/V1001323/,Z036N047M0,P.Mutti,2004,S.F.Mughabghab,2006,1,0.0,0.0,false
22916/22916010/,V0102/V0102337/,Z062N089M0,K.Wisshak,2006,Z.Y.Bao,2000,1,0.0,0.0,false
22917/22917010/,V0102/V0102394/,Z071N104M0,K.Wisshak,2006,Z.Y.Bao,2000,1,0.0,0.0,false
22917/22917010/,V1002/V1002351/,Z071N104M0,K.Wisshak,2006,S.F.Mughabghab,2006,1,0.0,0.0,false
22917/22917011/,V0102/V0102398/,Z071N105M0,K.Wisshak,2006,Z.Y.Bao,2000,1,0.0,0.0,false
22926/22926020/,V0102/V0102404/,Z072N105M0,K.Wisshak,2006,Z.Y.Bao,2000,1,0.0,0.0,false
22926/22926021/,V0102/V0102406/,Z072N106M0,K.Wisshak,2006,Z.Y.Bao,2000,1,0.0,0.0,false
22926/22926022/,V0102/V0102408/,Z072N107M0,K.Wisshak,2006,Z.Y.Bao,2000,1,0.0,0.0,false
22926/22926023/,V0102/V0102411/,Z072N108M0,K.Wisshak,2006,Z.Y.Bao,2000,1,0.0,0.0,false
22930/22930007/,V0102/V0102300/,Z057N082M0,R.Terlizzi,2007,Z.Y.Bao,2000,1,0.0,0.0,false
22933/22933003/,V1001/V1001408/1,Z043N056M0,K.Furutaka,2005,S.F.Mughabghab,2006,1,0.0,0.0,false
22946/22946003/,V0102/V0102487/,Z082N125M0,C.Domingo-Pardo,2006,Z.Y.Bao,2000,1,0.0,0.0,false
23007/23007003/,23152/23152002/,Z079N118M0,N.Yamamuro,1983,C.Lederer,2011,17,-0.00502082582776758,0.01812296117165425,false
23041/23041003/,V0102/V0102121/,Z034N044M0,I.Dillmann,2006,Z.Y.Bao,2000,1,0.0,0.0,false
23234/23234005/,40915/40915002/1,Z092N146M0,F.Mingrone,2017,L.E.Kazakov,1986,15,0.0017457244488910109,0.032227000446967545,false
23260/23260115/,V1002/V1002221/1,Z063N090M0,F.Farina Arbocco,2014,S.F.Mughabghab,2006,1,0.0,0.0,false
23260/23260129/,V1002/V1002343/1,Z070N106M0,F.Farina Arbocco,2014,S.F.Mughabghab,2006,1,0.0,0.0,false
23260/23260132/,V1002/V1002361/1,Z072N102M0,F.Farina Arbocco,2014,S.F.Mughabghab,2006,1,0.0,0.0,false
23364/23364004/,30460/30460002/,Z092N146M0,T.Wright,2017,K.Dietze,1977,2,-0.003281226969832296,0.00003947003931359383,false
23488/23488015/,30677/30677003/,Z026N032M0,F.De Corte,1988,A.Simonits,1984,1,0.0,0.0,false
23613/23613007/,33109/33109002/,Z057N082M0,S.Endo,2023,Priyada Panikkath,2017,1,0.0,0.0,false
23615/23615002/,23622/23622002/,Z053N074M0,G.Rovira,2024,G.Rovira,2026,2,-0.03836324967037419,0.001685416961617503,false
23742/23742002/,V1002/V1002390/1,Z073N108M0,S.Nakamura,2021,S.F.Mughabghab,2006,1,0.0,0.0,false
30233/30233011/,32555/32555002/,Z073N108M0,J.R.D.Lepine,1972,Xia Yijun,1988,2,0.0737172975698948,0.0029981108702700904,false
30248/30248002/,31712/31712016/,Z034N040M0,K.Siddappa,1972,M.Sriramachandra Murty,1973,1,0.0,0.0,false
30293/30293005/,V1002/V1002098/,Z056N079M0,A.R.de L.Musgrove,1974,S.F.Mughabghab,2006,1,0.0,0.0,false
30328/30328004/,V1002/V1002095/,Z056N078M0,A.R.de L.Musgrove,1976,S.F.Mughabghab,2006,1,0.0,0.0,false
30328/30328017/,V1002/V1002104/,Z056N081M0,A.R.de L.Musgrove,1976,S.F.Mughabghab,2006,1,0.0,0.0,false
30352/30352004/,30423/30423006/,Z040N051M0,J.W.Boldeman,1976,A.R.de L.Musgrove,1977,1,0.0,0.0,false
30352/30352004/,V0102/V0102159/,Z040N051M0,J.W.Boldeman,1976,Z.Y.Bao,2000,1,0.0,0.0,false
30355/30355004/,V1001/V1001204/,Z026N030M0,B.J.Allen,1976,S.F.Mughabghab,2006,1,0.0,0.0,false
30357/30357028/,V0102/V0102171/,Z042N050M0,A.R.de L.Musgrove,1976,Z.Y.Bao,2000,1,0.0,0.0,false
30357/30357031/,V0102/V0102173/,Z042N053M0,A.R.de L.Musgrove,1976,Z.Y.Bao,2000,1,0.0,0.0,false
30357/30357031/,V1001/V1001395/,Z042N053M0,A.R.de L.Musgrove,1976,S.F.Mughabghab,2006,1,0.0,0.0,false
30357/30357032/,V0102/V0102174/,Z042N054M0,A.R.de L.Musgrove,1976,Z.Y.Bao,2000,1,0.0,0.0,false
30357/30357032/,V1001/V1001398/,Z042N054M0,A.R.de L.Musgrove,1976,S.F.Mughabghab,2006,1,0.0,0.0,false
30357/30357033/,V0102/V0102175/,Z042N055M0,A.R.de L.Musgrove,1976,Z.Y.Bao,2000,1,0.0,0.0,false
30357/30357033/,V1001/V1001401/,Z042N055M0,A.R.de L.Musgrove,1976,S.F.Mughabghab,2006,1,0.0,0.0,false
30357/30357034/,V0102/V0102176/,Z042N056M0,A.R.de L.Musgrove,1976,Z.Y.Bao,2000,1,0.0,0.0,false
30357/30357034/,V1001/V1001404/,Z042N056M0,A.R.de L.Musgrove,1976,S.F.Mughabghab,2006,1,0.0,0.0,false
30423/30423006/,V0102/V0102159/,Z040N051M0,A.R.de L.Musgrove,1977,Z.Y.Bao,2000,1,0.0,0.0,false
30460/30460002/,40177/40177003/,Z092N146M0,K.Dietze,1977,Yu.G.Panitkin,1972,2,0.021750619137152594,0.0021128623693899007,false
30487/30487003/,V1001/V1001350/,Z038N048M0,G.C.Hicks,1982,S.F.Mughabghab,2006,1,0.0,0.0,false
30487/30487006/,V1001/V1001353/,Z038N049M0,G.C.Hicks,1982,S.F.Mughabghab,2006,1,0.0,0.0,false
31099/31099006/2,31472/31472002/2,Z053N074M0,E.Jozefowicz,1963,E.T.Jozefowicz,1963,1,0.0,0.0,false
31099/31099007/2,31472/31472003/2,Z053N074M0,E.Jozefowicz,1963,E.T.Jozefowicz,1963,1,0.0,0.0,false
31546/31546003/1,V1002/V1002023/1,Z052N074M0,J.Honzatko,2005,S.F.Mughabghab,2006,1,0.0,0.0,false
31567/31567004/,V1002/V1002020/1,Z052N073M0,I.Tomandl,2003,S.F.Mughabghab,2006,1,0.0,0.0,false
31593/31593002/,40002/40002002/,Z029N034M0,G.D.Kim,2007,V.A.Tolstikov,1966,3,-0.06286530435805826,0.0037975352560295577,false
31698/31698011/,31700/31700003/,Z056N082M0,B.J.B.Nyarko,2010,S.E.Agbemava,2011,1,0.0,0.0,false
31698/31698011/,33097/33097006/,Z056N082M0,B.J.B.Nyarko,2010,P.Panikkath,2016,1,0.0,0.0,false
31700/31700003/,33097/33097006/,Z056N082M0,S.E.Agbemava,2011,P.Panikkath,2016,1,0.0,0.0,false
32918/32918002/,40072/40072036/2,Z090N142M0,Jincheng Wang,2023,T.S.Belanova,1965,1,8.326672684688674e-17,0.0,false
40059/40059002/,40105/40105008/,Z092N146M0,A.A.Bergman,1969,V.B.Chelnokov,1972,11,-0.10441986838650753,0.12647356876412996,false
40059/40059003/,40105/40105008/,Z092N146M0,A.A.Bergman,1969,V.B.Chelnokov,1972,10,-0.17777884358246943,0.0699128069796982,false
40059/40059005/,40105/40105008/,Z092N146M0,A.A.Bergman,1969,V.B.Chelnokov,1972,20,-0.17467229991261032,0.1383949836120716,false
40244/40244108/,40374/40374011/,Z034NAT,A.I.Leipunskiy,1958,T.S.Belanova,1958,1,0.0,0.0,false
40254/40254004/,V1002/V1002438/1,Z076N110M0,V.P.Vertebnyy,1975,S.F.Mughabghab,2006,1,0.0,0.0,false
40254/40254007/,V1002/V1002441/1,Z076N111M0,V.P.Vertebnyy,1975,S.F.Mughabghab,2006,1,0.0,0.0,false
40276/40276007/,V1002/V1002473/1,Z078N114M0,V.P.Vertebnyi,1975,S.F.Mughabghab,2006,1,0.0,0.0,false
40362/40362008/,40819/40819005/,Z063N090M0,V.A.Konks,1968,V.A.Konks,1964,45,0.014792629970871315,0.02849712194906587,false
40362/40362013/,40819/40819004/,Z063N088M0,V.A.Konks,1968,V.A.Konks,1964,45,0.01802880356426721,0.024177324141833358,false
40403/40403002/,V0036/V0036003/,Z092N146M0,A.N.Davletshin,1976,Ding Da-Zhao,1978,3,0.010429919385744446,0.001313303861816251,false
40452/40452003/,40641/40641002/,Z041N052M0,YU.YA.STAVISSKII,1960,Yu.Ya.Stavisskii,1962,8,-0.04752195725886142,0.09550399279498176,false
40622/40622011/,V1001/V1001468/1,Z047N062M0,V.A.Anufriev,1982,S.F.Mughabghab,2006,0,NaN,NaN,false
40641/40641004/,40690/40690002/,Z026NAT,Yu.Ya.Stavisskii,1962,A.V.Malyshev,1964,11,0.021424948306332157,0.0130229011941094,false
40642/40642003/,40689/40689002/,Z029N036M0,Ju.Ya.Stavisskiy,1961,V.A.Tolstikov,1966,8,0.019693514292406955,0.0343973306380266,false
40720/40720002/,40969/40969003/,Z092N144M0,A.N.Davletshin,1985,N.N.Buleeva,1988,7,-0.005097521066363774,0.016005330840448785,false
40753/40753005/,V1002/V1002228/,Z063N092M0,V.P.Vertebnyi,1982,S.F.Mughabghab,2006,0,NaN,NaN,false
40855/40855002/,40975/40975025/,Z042N056M0,Yu.N.Trofimov,1984,Yu.N.Trofimov,1987,1,0.0,0.0,false
40969/40969005/,V0036/V0036003/,Z092N146M0,N.N.Buleeva,1988,Ding Da-Zhao,1978,5,-0.03972168222372587,0.03378428688730354,false
40987/40987002/,41354/41354002/,Z092N144M0,Yu.V.Adamchuk,1988,G.V.Muradyan,1999,8,0.004648926025801671,0.010795310838481438,false
40988/40988002/,V1002/V1002589/1,Z092N144M0,A.N.Davletshin,1987,S.F.Mughabghab,2006,1,0.0,0.0,false
41121/41121002/1,41183/41183003/1,Z090N142M0,A.N.Davletshin,1992,A.N.Davletshin,1993,2,-0.005968887264524603,0.0026209486905566237,false
41121/41121002/1,41183/41183003/2,Z090N142M0,A.N.Davletshin,1992,A.N.Davletshin,1993,2,0.0006650574030100942,0.00015257516373984314,false
41121/41121002/2,41183/41183003/1,Z090N142M0,A.N.Davletshin,1992,A.N.Davletshin,1993,2,0.006985407586185932,0.0038921700664503733,false
41335/41335002/,V0036/V0036002/,Z092N146M0,Yu.G.Panitkin,1971,Ding Da-Zhao,1978,6,0.025047488049386318,0.022963021484956277,false
41407/41407002/,41505/41505003/,Z041N052M0,Yu.V.Grigoriev,2002,Yu.V.Grigoriev,2007,5,-0.04388901585482665,0.05160379193027293,false
41407/41407002/,41510/41510003/,Z041N052M0,Yu.V.Grigoriev,2002,A.I.Berlev,2007,4,-0.030633766566519196,0.04949930311128382,false
41505/41505003/,41510/41510003/,Z041N052M0,Yu.V.Grigoriev,2007,A.I.Berlev,2007,5,0.0,0.0,false
41505/41505005/,41510/41510005/,Z042NAT,Yu.V.Grigoriev,2007,A.I.Berlev,2007,5,0.0,0.0,false
41505/41505005/,41519/41519003/,Z042NAT,Yu.V.Grigoriev,2007,Yu.V.Grigoriev,2008,5,0.0,0.0,false
41510/41510005/,41519/41519003/,Z042NAT,A.I.Berlev,2007,Yu.V.Grigoriev,2008,4,0.0,0.0,false
