Z,A,fitted
3,6,True
3,7,True
4,9,True
5,10,True
5,11,True
6,12,True
6,13,True
6,14,True
7,14,True
7,15,True
8,16,True
8,17,True
8,18,True
9,19,True
10,20,True
10,21,True
10,22,True
11,23,True
12,24,True
12,25,True
12,26,True
13,27,True
14,28,True
14,29,True
14,30,True
15,31,True
16,32,True
16,33,True
16,34,True
16,36,True
17,35,True
17,37,True
18,36,True
18,38,True
18,40,True
19,39,True
19,40,True
19,41,True
20,40,True
20,41,True
20,42,True
20,43,True
20,44,True
20,45,True
20,46,True
20,48,True
21,45,True
22,44,True
22,46,True
22,47,True
22,48,True
22,49,True
22,50,True
23,50,True
23,51,True
24,50,True
24,51,True
24,52,True
24,53,True
24,54,True
25,55,True
26,54,True
26,55,True
26,56,True
26,57,True
26,58,True
26,60,True
27,59,True
28,58,True
28,59,True
28,60,True
28,61,True
28,62,True
28,63,True
28,64,True
29,63,True
29,65,True
30,64,True
30,66,True
30,67,True
30,68,True
30,70,True
31,69,True
31,71,True
32,70,True
32,72,True
32,73,True
32,74,True
32,76,True
33,75,True
34,74,True
34,76,True
34,77,True
34,78,True
34,80,True
34,82,True
35,79,True
35,81,True
36,78,True
36,80,True
36,82,True
36,83,True
36,84,True
36,86,True
37,85,True
37,87,True
38,84,True
38,86,True
38,87,True
38,88,True
39,89,True
40,90,True
40,91,True
40,92,True
40,93,True
40,94,True
40,96,True
41,93,True
42,92,True
42,94,True
42,95,True
42,96,True
42,97,True
42,98,True
42,100,True
43,99,True
44,96,True
44,98,True
44,99,True
44,100,True
44,101,True
44,102,True
44,104,True
45,103,True
46,102,True
46,104,True
46,105,True
46,106,True
46,107,True
46,108,True
46,110,True
47,107,True
47,109,True
48,106,True
48,108,True
48,110,True
48,111,True
48,112,True
48,113,True
48,114,True
48,116,True
49,113,True
49,115,True
50,112,True
50,114,True
50,115,True
50,116,True
50,117,True
50,118,True
50,119,True
50,120,True
50,122,True
50,124,True
51,121,True
51,123,True
52,120,True
52,122,True
52,123,True
52,124,True
52,125,True
52,126,True
52,128,True
52,130,True
53,127,True
53,129,True
54,124,True
54,126,True
54,128,True
54,129,True
54,130,True
54,131,True
54,132,True
54,133,True
54,134,True
54,136,True
55,133,True
55,135,True
56,130,True
56,132,True
56,134,True
56,135,True
56,136,True
56,137,True
56,138,True
57,138,True
57,139,True
58,136,True
58,138,True
58,140,True
58,142,True
59,141,True
60,142,True
60,143,True
60,144,True
60,145,True
60,146,True
60,148,True
60,150,True
61,147,True
62,144,True
62,146,True
62,147,True
62,148,True
62,149,True
62,150,True
62,151,True
62,152,True
62,154,True
63,151,True
63,153,True
63,154,True
63,155,True
64,152,True
64,154,True
64,155,True
64,156,True
64,157,True
64,158,True
64,160,True
65,159,True
66,156,True
66,158,True
66,160,True
66,161,True
66,162,True
66,163,True
66,164,True
67,165,True
68,162,True
68,164,True
68,166,True
68,167,True
68,168,True
68,170,True
69,169,True
70,168,True
70,170,True
70,171,True
70,172,True
70,173,True
70,174,True
70,176,True
71,175,True
71,176,True
72,174,True
72,176,True
72,177,True
72,178,True
72,179,True
72,180,True
72,182,True
73,181,True
74,180,True
74,182,True
74,183,True
74,184,True
74,186,True
75,185,True
75,187,True
76,184,True
76,186,True
76,187,True
76,188,True
76,189,True
76,190,True
76,192,True
77,191,True
77,193,True
78,190,True
78,192,True
78,194,True
78,195,True
78,196,True
78,198,True
79,197,True
80,196,True
80,198,True
80,199,True
80,200,True
80,201,True
80,202,True
80,204,True
81,203,True
81,205,True
82,204,True
82,206,True
82,207,True
82,208,True
83,209,True
88,226,True
90,228,True
90,229,True
90,230,True
90,231,True
90,232,True
91,231,True
91,233,True
92,232,True
92,233,True
92,234,True
92,235,True
92,236,True
92,237,True
92,238,True
92,239,True
92,240,True
93,237,True
93,239,False
94,238,True
94,239,True
94,240,True
94,241,True
94,242,True
94,243,True
94,244,True
95,239,True
95,240,True
95,241,True
95,242,True
95,243,True
96,243,True
96,244,True
96,245,True
96,246,True
96,247,True
96,248,True
97,249,True
98,249,True
99,253,True
99,254,True
